FLASER 0  -3.034287 8.291214 0.0 -3.034287 8.291214 0.0 1211.520329 localhost 0
FLASER 0  -3.034287 8.311214 0.0 -3.034287 8.311214 0.0 1211.72033 localhost 0
FLASER 0  -3.034287 8.291214 0.0 -3.034287 8.291214 0.0 1211.940184 localhost 0
FLASER 0  -3.034287 8.311214 0.0 -3.034287 8.311214 0.0 1212.150524 localhost 0
FLASER 0  -3.034287 8.311214 0.0 -3.034287 8.311214 0.0 1212.370505 localhost 0
FLASER 0  -3.034287 8.291214 0.0 -3.034287 8.291214 0.0 1212.58021 localhost 0
FLASER 0  -3.034287 8.331214 0.0 -3.034287 8.331214 0.0 1212.791395 localhost 0
FLASER 0  -3.034287 8.311214 0.0 -3.034287 8.311214 0.0 1213.010582 localhost 0
FLASER 0  -3.034287 8.311214 0.0 -3.034287 8.311214 0.0 1213.220243 localhost 0
FLASER 0  -3.034287 8.311214 0.0 -3.034287 8.311214 0.0 1213.43062 localhost 0
FLASER 0  -3.014287 8.331214 0.0 -3.014287 8.331214 0.0 1213.650588 localhost 0
FLASER 0  -3.034287 8.311214 0.0 -3.034287 8.311214 0.0 1213.860665 localhost 0
FLASER 0  -3.034287 8.311214 0.0 -3.034287 8.311214 0.0 1214.070707 localhost 0
FLASER 0  -3.014287 8.331214 0.0 -3.014287 8.331214 0.0 1214.290221 localhost 0
FLASER 0  -3.034287 8.331214 0.0 -3.034287 8.331214 0.0 1214.500521 localhost 0
FLASER 0  -3.034287 8.311214 0.0 -3.034287 8.311214 0.0 1214.710613 localhost 0
FLASER 0  -3.014287 8.331214 0.0 -3.014287 8.331214 0.0 1214.93069 localhost 0
FLASER 0  -3.054287 8.311214 0.0 -3.054287 8.311214 0.0 1215.140244 localhost 0
FLASER 0  -3.174287 8.311214 0.0 -3.174287 8.311214 0.0 1215.350546 localhost 0
FLASER 0  -3.274287 8.331214 0.0 -3.274287 8.331214 0.0 1215.570657 localhost 0
FLASER 0  -3.3942870000000003 8.311214 0.0 -3.3942870000000003 8.311214 0.0 1215.780223 localhost 0
FLASER 0  -3.4942870000000004 8.331214 0.0 -3.4942870000000004 8.331214 0.0 1215.99145 localhost 0
FLASER 0  -3.5942870000000005 8.331214 0.0 -3.5942870000000005 8.331214 0.0 1216.210495 localhost 0
FLASER 0  -3.7342870000000006 8.331214 0.0 -3.7342870000000006 8.331214 0.0 1216.420222 localhost 0
FLASER 0  -3.8142870000000006 8.351213999999999 0.0 -3.8142870000000006 8.351213999999999 0.0 1216.630413 localhost 0
FLASER 0  -3.9142870000000007 8.351213999999999 0.0 -3.9142870000000007 8.351213999999999 0.0 1216.850829 localhost 0
FLASER 0  -4.034287 8.371213999999998 0.0 -4.034287 8.371213999999998 0.0 1217.060609 localhost 0
FLASER 0  -4.134287 8.391213999999998 0.0 -4.134287 8.391213999999998 0.0 1217.27064 localhost 0
FLASER 0  -4.234287 8.391213999999998 0.0 -4.234287 8.391213999999998 0.0 1217.490267 localhost 0
FLASER 0  -4.334287 8.411213999999998 0.0 -4.334287 8.411213999999998 0.0 1217.700223 localhost 0
FLASER 0  -4.454286999999999 8.411213999999998 0.0 -4.454286999999999 8.411213999999998 0.0 1217.920227 localhost 0
FLASER 0  -4.554286999999999 8.451213999999997 0.0 -4.554286999999999 8.451213999999997 0.0 1218.130554 localhost 0
FLASER 0  -4.674286999999998 8.471213999999996 0.0 -4.674286999999998 8.471213999999996 0.0 1218.340166 localhost 0
FLASER 0  -4.7742869999999975 8.491213999999996 0.0 -4.7742869999999975 8.491213999999996 0.0 1218.5506 localhost 0
FLASER 0  -4.894286999999997 8.491213999999996 0.0 -4.894286999999997 8.491213999999996 0.0 1218.770597 localhost 0
FLASER 0  -5.014286999999996 8.511213999999995 0.0 -5.014286999999996 8.511213999999995 0.0 1218.980183 localhost 0
FLASER 0  -5.134286999999995 8.511213999999995 0.0 -5.134286999999995 8.511213999999995 0.0 1219.200196 localhost 0
FLASER 0  -5.214286999999995 8.511213999999995 0.0 -5.214286999999995 8.511213999999995 0.0 1219.410596 localhost 0
FLASER 0  -5.3342869999999944 8.531213999999995 0.0 -5.3342869999999944 8.531213999999995 0.0 1219.620207 localhost 0
FLASER 0  -5.454286999999994 8.531213999999995 0.0 -5.454286999999994 8.531213999999995 0.0 1219.830693 localhost 0
FLASER 0  -5.554286999999993 8.551213999999995 0.0 -5.554286999999993 8.551213999999995 0.0 1220.050897 localhost 0
FLASER 0  -5.6742869999999925 8.531213999999995 0.0 -5.6742869999999925 8.531213999999995 0.0 1220.260554 localhost 0
FLASER 0  -5.754286999999993 8.531213999999995 0.0 -5.754286999999993 8.531213999999995 0.0 1220.480542 localhost 0
FLASER 0  -5.874286999999993 8.551213999999995 0.0 -5.874286999999993 8.551213999999995 0.0 1220.690254 localhost 0
FLASER 0  -5.974286999999992 8.551213999999995 0.0 -5.974286999999992 8.551213999999995 0.0 1220.901177 localhost 0
FLASER 0  -6.074286999999992 8.551213999999995 0.0 -6.074286999999992 8.551213999999995 0.0 1221.120575 localhost 0
FLASER 0  -6.194286999999992 8.551213999999995 0.0 -6.194286999999992 8.551213999999995 0.0 1221.330232 localhost 0
FLASER 0  -6.314286999999991 8.571213999999994 0.0 -6.314286999999991 8.571213999999994 0.0 1221.540581 localhost 0
FLASER 0  -6.414286999999991 8.591213999999994 0.0 -6.414286999999991 8.591213999999994 0.0 1221.760991 localhost 0
FLASER 0  -6.514286999999991 8.571213999999994 0.0 -6.514286999999991 8.571213999999994 0.0 1221.970266 localhost 0
FLASER 0  -6.65428699999999 8.591213999999994 0.0 -6.65428699999999 8.591213999999994 0.0 1222.180579 localhost 0
FLASER 0  -6.75428699999999 8.591213999999994 0.0 -6.75428699999999 8.591213999999994 0.0 1222.390293 localhost 0
FLASER 0  -6.85428699999999 8.611213999999993 0.0 -6.85428699999999 8.611213999999993 0.0 1222.61022 localhost 0
FLASER 0  -6.954286999999989 8.611213999999993 0.0 -6.954286999999989 8.611213999999993 0.0 1222.820585 localhost 0
FLASER 0  -7.0742869999999884 8.611213999999993 0.0 -7.0742869999999884 8.611213999999993 0.0 1223.041251 localhost 0
FLASER 0  -7.174286999999988 8.631213999999993 0.0 -7.174286999999988 8.631213999999993 0.0 1223.25026 localhost 0
FLASER 0  -7.314286999999988 8.611213999999993 0.0 -7.314286999999988 8.611213999999993 0.0 1223.460728 localhost 0
FLASER 0  -7.394286999999988 8.651213999999992 0.0 -7.394286999999988 8.651213999999992 0.0 1223.680289 localhost 0
FLASER 0  -7.5342869999999875 8.631213999999993 0.0 -7.5342869999999875 8.631213999999993 0.0 1223.890256 localhost 0
FLASER 0  -7.654286999999987 8.651213999999992 0.0 -7.654286999999987 8.651213999999992 0.0 1224.100727 localhost 0
FLASER 0  -7.774286999999986 8.671213999999992 0.0 -7.774286999999986 8.671213999999992 0.0 1224.310302 localhost 0
FLASER 0  -7.874286999999986 8.671213999999992 0.0 -7.874286999999986 8.671213999999992 0.0 1224.530264 localhost 0
FLASER 0  -7.974286999999985 8.671213999999992 0.0 -7.974286999999985 8.671213999999992 0.0 1224.750259 localhost 0
FLASER 0  -8.094286999999985 8.691213999999992 0.0 -8.094286999999985 8.691213999999992 0.0 1224.961095 localhost 0
FLASER 0  -8.214286999999985 8.691213999999992 0.0 -8.214286999999985 8.691213999999992 0.0 1225.170223 localhost 0
FLASER 0  -8.334286999999984 8.691213999999992 0.0 -8.334286999999984 8.691213999999992 0.0 1225.380423 localhost 0
FLASER 0  -8.454286999999983 8.711213999999991 0.0 -8.454286999999983 8.711213999999991 0.0 1225.600601 localhost 0
FLASER 0  -8.554286999999983 8.73121399999999 0.0 -8.554286999999983 8.73121399999999 0.0 1225.810211 localhost 0
FLASER 0  -8.654286999999982 8.73121399999999 0.0 -8.654286999999982 8.73121399999999 0.0 1226.020701 localhost 0
FLASER 0  -8.754286999999982 8.73121399999999 0.0 -8.754286999999982 8.73121399999999 0.0 1226.240579 localhost 0
FLASER 0  -8.874286999999981 8.75121399999999 0.0 -8.874286999999981 8.75121399999999 0.0 1226.450262 localhost 0
FLASER 0  -8.97428699999998 8.77121399999999 0.0 -8.97428699999998 8.77121399999999 0.0 1226.661157 localhost 0
FLASER 0  -9.09428699999998 8.77121399999999 0.0 -9.09428699999998 8.77121399999999 0.0 1226.880841 localhost 0
FLASER 0  -9.19428699999998 8.79121399999999 0.0 -9.19428699999998 8.79121399999999 0.0 1227.09017 localhost 0
FLASER 0  -9.29428699999998 8.79121399999999 0.0 -9.29428699999998 8.79121399999999 0.0 1227.310231 localhost 0
FLASER 0  -9.414286999999979 8.811213999999989 0.0 -9.414286999999979 8.811213999999989 0.0 1227.520778 localhost 0
FLASER 0  -9.534286999999978 8.811213999999989 0.0 -9.534286999999978 8.811213999999989 0.0 1227.730196 localhost 0
FLASER 0  -9.654286999999977 8.831213999999989 0.0 -9.654286999999977 8.831213999999989 0.0 1227.950291 localhost 0
FLASER 0  -9.734286999999977 8.851213999999988 0.0 -9.734286999999977 8.851213999999988 0.0 1228.160355 localhost 0
FLASER 0  -9.854286999999976 8.851213999999988 0.0 -9.854286999999976 8.851213999999988 0.0 1228.370247 localhost 0
FLASER 0  -9.954286999999976 8.871213999999988 0.0 -9.954286999999976 8.871213999999988 0.0 1228.580581 localhost 0
FLASER 0  -10.074286999999975 8.871213999999988 0.0 -10.074286999999975 8.871213999999988 0.0 1228.800559 localhost 0
FLASER 0  -10.194286999999974 8.911213999999987 0.0 -10.194286999999974 8.911213999999987 0.0 1229.01023 localhost 0
FLASER 0  -10.294286999999974 8.931213999999986 0.0 -10.294286999999974 8.931213999999986 0.0 1229.22063 localhost 0
FLASER 0  -10.414286999999973 8.931213999999986 0.0 -10.414286999999973 8.931213999999986 0.0 1229.440544 localhost 0
FLASER 0  -10.534286999999972 8.951213999999986 0.0 -10.534286999999972 8.951213999999986 0.0 1229.65018 localhost 0
FLASER 0  -10.634286999999972 8.971213999999986 0.0 -10.634286999999972 8.971213999999986 0.0 1229.870244 localhost 0
FLASER 0  -10.754286999999971 8.991213999999985 0.0 -10.754286999999971 8.991213999999985 0.0 1230.080587 localhost 0
FLASER 0  -10.854286999999971 8.991213999999985 0.0 -10.854286999999971 8.991213999999985 0.0 1230.290192 localhost 0
FLASER 0  -10.95428699999997 9.011213999999985 0.0 -10.95428699999997 9.011213999999985 0.0 1230.500582 localhost 0
FLASER 0  -11.05428699999997 9.011213999999985 0.0 -11.05428699999997 9.011213999999985 0.0 1230.720547 localhost 0
FLASER 0  -11.15428699999997 9.031213999999984 0.0 -11.15428699999997 9.031213999999984 0.0 1230.930174 localhost 0
FLASER 0  -11.25428699999997 9.051213999999984 0.0 -11.25428699999997 9.051213999999984 0.0 1231.140831 localhost 0
FLASER 0  -11.35428699999997 9.071213999999983 0.0 -11.35428699999997 9.071213999999983 0.0 1231.361145 localhost 0
FLASER 0  -11.474286999999968 9.071213999999983 0.0 -11.474286999999968 9.071213999999983 0.0 1231.570541 localhost 0
FLASER 0  -11.574286999999968 9.091213999999983 0.0 -11.574286999999968 9.091213999999983 0.0 1231.790325 localhost 0
FLASER 0  -11.674286999999968 9.111213999999983 0.0 -11.674286999999968 9.111213999999983 0.0 1232.000671 localhost 0
FLASER 0  -11.794286999999967 9.131213999999982 0.0 -11.794286999999967 9.131213999999982 0.0 1232.210259 localhost 0
FLASER 0  -11.894286999999967 9.151213999999982 0.0 -11.894286999999967 9.151213999999982 0.0 1232.430263 localhost 0
FLASER 0  -11.994286999999966 9.171213999999981 0.0 -11.994286999999966 9.171213999999981 0.0 1232.640597 localhost 0
FLASER 0  -12.114286999999965 9.171213999999981 0.0 -12.114286999999965 9.171213999999981 0.0 1232.8506 localhost 0
FLASER 0  -12.214286999999965 9.21121399999998 0.0 -12.214286999999965 9.21121399999998 0.0 1233.06084 localhost 0
FLASER 0  -12.314286999999965 9.23121399999998 0.0 -12.314286999999965 9.23121399999998 0.0 1233.28061 localhost 0
FLASER 0  -12.434286999999964 9.25121399999998 0.0 -12.434286999999964 9.25121399999998 0.0 1233.490208 localhost 0
FLASER 0  -12.534286999999964 9.25121399999998 0.0 -12.534286999999964 9.25121399999998 0.0 1233.710314 localhost 0
FLASER 0  -12.654286999999963 9.27121399999998 0.0 -12.654286999999963 9.27121399999998 0.0 1233.920977 localhost 0
FLASER 0  -12.754286999999962 9.291213999999979 0.0 -12.754286999999962 9.291213999999979 0.0 1234.130242 localhost 0
FLASER 0  -12.854286999999962 9.331213999999978 0.0 -12.854286999999962 9.331213999999978 0.0 1234.350256 localhost 0
FLASER 0  -12.974286999999961 9.351213999999977 0.0 -12.974286999999961 9.351213999999977 0.0 1234.560664 localhost 0
FLASER 0  -13.09428699999996 9.371213999999977 0.0 -13.09428699999996 9.371213999999977 0.0 1234.770277 localhost 0
FLASER 0  -13.19428699999996 9.391213999999977 0.0 -13.19428699999996 9.391213999999977 0.0 1234.990329 localhost 0
FLASER 0  -13.31428699999996 9.411213999999976 0.0 -13.31428699999996 9.411213999999976 0.0 1235.20022 localhost 0
FLASER 0  -13.414286999999959 9.431213999999976 0.0 -13.414286999999959 9.431213999999976 0.0 1235.410251 localhost 0
FLASER 0  -13.514286999999959 9.451213999999975 0.0 -13.514286999999959 9.451213999999975 0.0 1235.630269 localhost 0
FLASER 0  -13.514286999999959 9.451213999999975 0.0 -13.514286999999959 9.451213999999975 0.0 1235.840648 localhost 0
FLASER 0  -13.534286999999958 9.451213999999975 0.0 -13.534286999999958 9.451213999999975 0.0 1236.06165 localhost 0
FLASER 0  -13.514286999999959 9.451213999999975 0.0 -13.514286999999959 9.451213999999975 0.0 1236.270371 localhost 0
FLASER 0  -13.534286999999958 9.451213999999975 0.0 -13.534286999999958 9.451213999999975 0.0 1236.690677 localhost 0
FLASER 0  -13.534286999999958 9.451213999999975 0.0 -13.534286999999958 9.451213999999975 0.0 1236.910238 localhost 0
FLASER 0  -13.514286999999959 9.451213999999975 0.0 -13.514286999999959 9.451213999999975 0.0 1237.120887 localhost 0
FLASER 0  -13.514286999999959 9.471213999999975 0.0 -13.514286999999959 9.471213999999975 0.0 1237.33054 localhost 0
FLASER 0  -13.534286999999958 9.471213999999975 0.0 -13.534286999999958 9.471213999999975 0.0 1237.5501 localhost 0
FLASER 0  -13.574286999999957 9.471213999999975 0.0 -13.574286999999957 9.471213999999975 0.0 1237.760292 localhost 0
FLASER 0  -13.594286999999957 9.491213999999975 0.0 -13.594286999999957 9.491213999999975 0.0 1237.970221 localhost 0
FLASER 0  -13.674286999999957 9.551213999999975 0.0 -13.674286999999957 9.551213999999975 0.0 1238.400186 localhost 0
FLASER 0  -13.714286999999956 9.571213999999975 0.0 -13.714286999999956 9.571213999999975 0.0 1238.610178 localhost 0
FLASER 0  -13.734286999999956 9.651213999999975 0.0 -13.734286999999956 9.651213999999975 0.0 1238.830213 localhost 0
FLASER 0  -13.754286999999955 9.691213999999974 0.0 -13.754286999999955 9.691213999999974 0.0 1239.040736 localhost 0
FLASER 0  -13.754286999999955 9.691213999999974 0.0 -13.754286999999955 9.691213999999974 0.0 1239.260895 localhost 0
FLASER 0  -13.774286999999955 9.731213999999973 0.0 -13.774286999999955 9.731213999999973 0.0 1239.470241 localhost 0
FLASER 0  -13.774286999999955 9.771213999999972 0.0 -13.774286999999955 9.771213999999972 0.0 1239.680561 localhost 0
FLASER 0  -13.774286999999955 9.791213999999972 0.0 -13.774286999999955 9.791213999999972 0.0 1239.89032 localhost 0
FLASER 0  -13.774286999999955 9.791213999999972 0.0 -13.774286999999955 9.791213999999972 0.0 1240.110238 localhost 0
FLASER 0  -13.794286999999954 9.811213999999971 0.0 -13.794286999999954 9.811213999999971 0.0 1240.320555 localhost 0
FLASER 0  -13.794286999999954 9.811213999999971 0.0 -13.794286999999954 9.811213999999971 0.0 1240.53023 localhost 0
FLASER 0  -13.794286999999954 9.83121399999997 0.0 -13.794286999999954 9.83121399999997 0.0 1240.750285 localhost 0
FLASER 0  -13.774286999999955 9.811213999999971 0.0 -13.774286999999955 9.811213999999971 0.0 1240.960171 localhost 0
FLASER 0  -13.774286999999955 9.791213999999972 0.0 -13.774286999999955 9.791213999999972 0.0 1241.170919 localhost 0
FLASER 0  -13.774286999999955 9.811213999999971 0.0 -13.774286999999955 9.811213999999971 0.0 1241.390572 localhost 0
FLASER 0  -13.754286999999955 9.791213999999972 0.0 -13.754286999999955 9.791213999999972 0.0 1241.600172 localhost 0
FLASER 0  -13.754286999999955 9.791213999999972 0.0 -13.754286999999955 9.791213999999972 0.0 1241.820274 localhost 0
FLASER 0  -13.734286999999956 9.791213999999972 0.0 -13.734286999999956 9.791213999999972 0.0 1242.030889 localhost 0
FLASER 0  -13.734286999999956 9.791213999999972 0.0 -13.734286999999956 9.791213999999972 0.0 1242.240557 localhost 0
FLASER 0  -13.714286999999956 9.791213999999972 0.0 -13.714286999999956 9.791213999999972 0.0 1242.450658 localhost 0
FLASER 0  -13.654286999999956 9.791213999999972 0.0 -13.654286999999956 9.791213999999972 0.0 1242.670535 localhost 0
FLASER 0  -13.594286999999955 9.751213999999973 0.0 -13.594286999999955 9.751213999999973 0.0 1242.890377 localhost 0
FLASER 0  -13.514286999999955 9.691213999999972 0.0 -13.514286999999955 9.691213999999972 0.0 1243.090635 localhost 0
FLASER 0  -13.434286999999955 9.611213999999972 0.0 -13.434286999999955 9.611213999999972 0.0 1243.310278 localhost 0
FLASER 0  -13.334286999999955 9.551213999999971 0.0 -13.334286999999955 9.551213999999971 0.0 1243.530611 localhost 0
FLASER 0  -13.254286999999955 9.491213999999971 0.0 -13.254286999999955 9.491213999999971 0.0 1243.740195 localhost 0
FLASER 0  -13.154286999999956 9.451213999999972 0.0 -13.154286999999956 9.451213999999972 0.0 1243.950918 localhost 0
FLASER 0  -13.034286999999956 9.411213999999973 0.0 -13.034286999999956 9.411213999999973 0.0 1244.160597 localhost 0
FLASER 0  -12.914286999999957 9.371213999999974 0.0 -12.914286999999957 9.371213999999974 0.0 1244.380256 localhost 0
FLASER 0  -12.794286999999958 9.331213999999974 0.0 -12.794286999999958 9.331213999999974 0.0 1244.59063 localhost 0
FLASER 0  -12.694286999999958 9.331213999999974 0.0 -12.694286999999958 9.331213999999974 0.0 1244.800245 localhost 0
FLASER 0  -12.57428699999996 9.291213999999975 0.0 -12.57428699999996 9.291213999999975 0.0 1245.020238 localhost 0
FLASER 0  -12.47428699999996 9.271213999999976 0.0 -12.47428699999996 9.271213999999976 0.0 1245.230759 localhost 0
FLASER 0  -12.37428699999996 9.211213999999975 0.0 -12.37428699999996 9.211213999999975 0.0 1245.440205 localhost 0
FLASER 0  -12.27428699999996 9.211213999999975 0.0 -12.27428699999996 9.211213999999975 0.0 1245.660603 localhost 0
FLASER 0  -12.17428699999996 9.191213999999976 0.0 -12.17428699999996 9.191213999999976 0.0 1245.870662 localhost 0
FLASER 0  -12.054286999999961 9.191213999999976 0.0 -12.054286999999961 9.191213999999976 0.0 1246.080253 localhost 0
FLASER 0  -11.954286999999962 9.171213999999976 0.0 -11.954286999999962 9.171213999999976 0.0 1246.300252 localhost 0
FLASER 0  -11.834286999999962 9.151213999999976 0.0 -11.834286999999962 9.151213999999976 0.0 1246.510826 localhost 0
FLASER 0  -11.734286999999963 9.171213999999976 0.0 -11.734286999999963 9.171213999999976 0.0 1246.720228 localhost 0
FLASER 0  -11.614286999999964 9.151213999999976 0.0 -11.614286999999964 9.151213999999976 0.0 1246.940263 localhost 0
FLASER 0  -11.494286999999964 9.171213999999976 0.0 -11.494286999999964 9.171213999999976 0.0 1247.150769 localhost 0
FLASER 0  -11.374286999999965 9.171213999999976 0.0 -11.374286999999965 9.171213999999976 0.0 1247.360633 localhost 0
FLASER 0  -11.294286999999965 9.191213999999976 0.0 -11.294286999999965 9.191213999999976 0.0 1247.580261 localhost 0
FLASER 0  -11.194286999999965 9.191213999999976 0.0 -11.194286999999965 9.191213999999976 0.0 1247.790553 localhost 0
FLASER 0  -11.074286999999966 9.211213999999975 0.0 -11.074286999999966 9.211213999999975 0.0 1248.010609 localhost 0
FLASER 0  -10.974286999999967 9.231213999999975 0.0 -10.974286999999967 9.231213999999975 0.0 1248.220244 localhost 0
FLASER 0  -10.854286999999967 9.251213999999974 0.0 -10.854286999999967 9.251213999999974 0.0 1248.430404 localhost 0
FLASER 0  -10.754286999999968 9.271213999999974 0.0 -10.754286999999968 9.271213999999974 0.0 1248.650919 localhost 0
FLASER 0  -10.634286999999969 9.291213999999973 0.0 -10.634286999999969 9.291213999999973 0.0 1248.860195 localhost 0
FLASER 0  -10.534286999999969 9.291213999999973 0.0 -10.534286999999969 9.291213999999973 0.0 1249.071149 localhost 0
FLASER 0  -10.41428699999997 9.291213999999973 0.0 -10.41428699999997 9.291213999999973 0.0 1249.290536 localhost 0
FLASER 0  -10.29428699999997 9.291213999999973 0.0 -10.29428699999997 9.291213999999973 0.0 1249.500224 localhost 0
FLASER 0  -10.23428699999997 9.291213999999973 0.0 -10.23428699999997 9.291213999999973 0.0 1249.710584 localhost 0
FLASER 0  -10.13428699999997 9.271213999999974 0.0 -10.13428699999997 9.271213999999974 0.0 1249.930549 localhost 0
FLASER 0  -10.014286999999971 9.271213999999974 0.0 -10.014286999999971 9.271213999999974 0.0 1250.140226 localhost 0
FLASER 0  -9.874286999999972 9.251213999999974 0.0 -9.874286999999972 9.251213999999974 0.0 1250.350246 localhost 0
FLASER 0  -9.774286999999973 9.251213999999974 0.0 -9.774286999999973 9.251213999999974 0.0 1250.560202 localhost 0
FLASER 0  -9.654286999999973 9.231213999999975 0.0 -9.654286999999973 9.231213999999975 0.0 1250.780235 localhost 0
FLASER 0  -9.554286999999974 9.231213999999975 0.0 -9.554286999999974 9.231213999999975 0.0 1250.990587 localhost 0
FLASER 0  -9.454286999999974 9.211213999999975 0.0 -9.454286999999974 9.211213999999975 0.0 1251.200228 localhost 0
FLASER 0  -9.314286999999975 9.211213999999975 0.0 -9.314286999999975 9.211213999999975 0.0 1251.420219 localhost 0
FLASER 0  -9.234286999999975 9.191213999999976 0.0 -9.234286999999975 9.191213999999976 0.0 1251.630652 localhost 0
FLASER 0  -9.134286999999976 9.191213999999976 0.0 -9.134286999999976 9.191213999999976 0.0 1251.850624 localhost 0
FLASER 0  -9.014286999999976 9.171213999999976 0.0 -9.014286999999976 9.171213999999976 0.0 1252.060234 localhost 0
FLASER 0  -8.914286999999977 9.171213999999976 0.0 -8.914286999999977 9.171213999999976 0.0 1252.270467 localhost 0
FLASER 0  -8.794286999999978 9.151213999999976 0.0 -8.794286999999978 9.151213999999976 0.0 1252.480231 localhost 0
FLASER 0  -8.694286999999978 9.131213999999977 0.0 -8.694286999999978 9.131213999999977 0.0 1252.700182 localhost 0
FLASER 0  -8.574286999999979 9.111213999999977 0.0 -8.574286999999979 9.111213999999977 0.0 1252.910588 localhost 0
FLASER 0  -8.494286999999979 9.111213999999977 0.0 -8.494286999999979 9.111213999999977 0.0 1253.120266 localhost 0
FLASER 0  -8.394286999999979 9.091213999999978 0.0 -8.394286999999979 9.091213999999978 0.0 1253.340253 localhost 0
FLASER 0  -8.27428699999998 9.071213999999978 0.0 -8.27428699999998 9.071213999999978 0.0 1253.550589 localhost 0
FLASER 0  -8.17428699999998 9.071213999999978 0.0 -8.17428699999998 9.071213999999978 0.0 1253.760283 localhost 0
FLASER 0  -8.07428699999998 9.071213999999978 0.0 -8.07428699999998 9.071213999999978 0.0 1253.980261 localhost 0
FLASER 0  -7.954286999999981 9.051213999999979 0.0 -7.954286999999981 9.051213999999979 0.0 1254.190712 localhost 0
FLASER 0  -7.854286999999982 9.01121399999998 0.0 -7.854286999999982 9.01121399999998 0.0 1254.400259 localhost 0
FLASER 0  -7.754286999999982 9.01121399999998 0.0 -7.754286999999982 9.01121399999998 0.0 1254.620312 localhost 0
FLASER 0  -7.614286999999981 8.99121399999998 0.0 -7.614286999999981 8.99121399999998 0.0 1254.830619 localhost 0
FLASER 0  -7.514286999999982 8.97121399999998 0.0 -7.514286999999982 8.97121399999998 0.0 1255.040259 localhost 0
FLASER 0  -7.414286999999982 8.95121399999998 0.0 -7.414286999999982 8.95121399999998 0.0 1255.260275 localhost 0
FLASER 0  -7.314286999999982 8.931213999999981 0.0 -7.314286999999982 8.931213999999981 0.0 1255.470298 localhost 0
FLASER 0  -7.194286999999983 8.931213999999981 0.0 -7.194286999999983 8.931213999999981 0.0 1255.690602 localhost 0
FLASER 0  -7.094286999999984 8.891213999999982 0.0 -7.094286999999984 8.891213999999982 0.0 1255.900256 localhost 0
FLASER 0  -6.994286999999984 8.871213999999982 0.0 -6.994286999999984 8.871213999999982 0.0 1256.110804 localhost 0
FLASER 0  -6.894286999999984 8.871213999999982 0.0 -6.894286999999984 8.871213999999982 0.0 1256.330546 localhost 0
FLASER 0  -6.794286999999985 8.851213999999983 0.0 -6.794286999999985 8.851213999999983 0.0 1256.540314 localhost 0
FLASER 0  -6.674286999999985 8.831213999999983 0.0 -6.674286999999985 8.831213999999983 0.0 1256.750772 localhost 0
FLASER 0  -6.574286999999986 8.811213999999984 0.0 -6.574286999999986 8.811213999999984 0.0 1256.970744 localhost 0
FLASER 0  -6.454286999999987 8.771213999999985 0.0 -6.454286999999987 8.771213999999985 0.0 1257.180266 localhost 0
FLASER 0  -6.334286999999987 8.751213999999985 0.0 -6.334286999999987 8.751213999999985 0.0 1257.400215 localhost 0
FLASER 0  -6.234286999999988 8.731213999999985 0.0 -6.234286999999988 8.731213999999985 0.0 1257.611296 localhost 0
FLASER 0  -6.134286999999988 8.711213999999986 0.0 -6.134286999999988 8.711213999999986 0.0 1257.820116 localhost 0
FLASER 0  -6.054286999999988 8.711213999999986 0.0 -6.054286999999988 8.711213999999986 0.0 1258.03063 localhost 0
FLASER 0  -5.934286999999989 8.691213999999986 0.0 -5.934286999999989 8.691213999999986 0.0 1258.250656 localhost 0
FLASER 0  -5.8142869999999895 8.671213999999987 0.0 -5.8142869999999895 8.671213999999987 0.0 1258.460275 localhost 0
FLASER 0  -5.71428699999999 8.651213999999987 0.0 -5.71428699999999 8.651213999999987 0.0 1258.670635 localhost 0
FLASER 0  -5.61428699999999 8.651213999999987 0.0 -5.61428699999999 8.651213999999987 0.0 1258.890579 localhost 0
FLASER 0  -5.514286999999991 8.611213999999988 0.0 -5.514286999999991 8.611213999999988 0.0 1259.100251 localhost 0
FLASER 0  -5.394286999999991 8.611213999999988 0.0 -5.394286999999991 8.611213999999988 0.0 1259.310882 localhost 0
FLASER 0  -5.314286999999991 8.591213999999988 0.0 -5.314286999999991 8.591213999999988 0.0 1259.530328 localhost 0
FLASER 0  -5.174286999999992 8.55121399999999 0.0 -5.174286999999992 8.55121399999999 0.0 1259.740234 localhost 0
FLASER 0  -5.074286999999992 8.55121399999999 0.0 -5.074286999999992 8.55121399999999 0.0 1259.960554 localhost 0
FLASER 0  -4.974286999999992 8.55121399999999 0.0 -4.974286999999992 8.55121399999999 0.0 1260.170477 localhost 0
FLASER 0  -4.874286999999993 8.53121399999999 0.0 -4.874286999999993 8.53121399999999 0.0 1260.380266 localhost 0
FLASER 0  -4.774286999999993 8.51121399999999 0.0 -4.774286999999993 8.51121399999999 0.0 1260.590441 localhost 0
FLASER 0  -4.654286999999994 8.49121399999999 0.0 -4.654286999999994 8.49121399999999 0.0 1260.810216 localhost 0
FLASER 0  -4.554286999999994 8.471213999999991 0.0 -4.554286999999994 8.471213999999991 0.0 1261.020231 localhost 0
FLASER 0  -4.454286999999995 8.451213999999991 0.0 -4.454286999999995 8.451213999999991 0.0 1261.230623 localhost 0
FLASER 0  -4.314286999999995 8.411213999999992 0.0 -4.314286999999995 8.411213999999992 0.0 1261.450687 localhost 0
FLASER 0  -4.234286999999995 8.431213999999992 0.0 -4.234286999999995 8.431213999999992 0.0 1261.660299 localhost 0
FLASER 0  -4.134286999999995 8.411213999999992 0.0 -4.134286999999995 8.411213999999992 0.0 1261.8802 localhost 0
FLASER 0  -3.9742869999999955 8.411213999999992 0.0 -3.9742869999999955 8.411213999999992 0.0 1262.090598 localhost 0
FLASER 0  -3.8942869999999954 8.411213999999992 0.0 -3.8942869999999954 8.411213999999992 0.0 1262.300236 localhost 0
FLASER 0  -3.7942869999999953 8.411213999999992 0.0 -3.7942869999999953 8.411213999999992 0.0 1262.520164 localhost 0
FLASER 0  -3.674286999999995 8.411213999999992 0.0 -3.674286999999995 8.411213999999992 0.0 1262.730238 localhost 0
FLASER 0  -3.574286999999995 8.431213999999992 0.0 -3.574286999999995 8.431213999999992 0.0 1262.94031 localhost 0
FLASER 0  -3.454286999999995 8.411213999999992 0.0 -3.454286999999995 8.411213999999992 0.0 1263.160609 localhost 0
FLASER 0  -3.354286999999995 8.431213999999992 0.0 -3.354286999999995 8.431213999999992 0.0 1263.370626 localhost 0
FLASER 0  -3.254286999999995 8.431213999999992 0.0 -3.254286999999995 8.431213999999992 0.0 1263.580229 localhost 0
FLASER 0  -3.1342869999999947 8.411213999999992 0.0 -3.1342869999999947 8.411213999999992 0.0 1263.800163 localhost 0
FLASER 0  -3.0342869999999946 8.431213999999992 0.0 -3.0342869999999946 8.431213999999992 0.0 1264.010586 localhost 0
FLASER 0  -2.9342869999999945 8.431213999999992 0.0 -2.9342869999999945 8.431213999999992 0.0 1264.220253 localhost 0
FLASER 0  -2.8142869999999944 8.431213999999992 0.0 -2.8142869999999944 8.431213999999992 0.0 1264.440219 localhost 0
FLASER 0  -2.7142869999999943 8.431213999999992 0.0 -2.7142869999999943 8.431213999999992 0.0 1264.650919 localhost 0
FLASER 0  -2.6142869999999943 8.431213999999992 0.0 -2.6142869999999943 8.431213999999992 0.0 1264.86028 localhost 0
FLASER 0  -2.494286999999994 8.431213999999992 0.0 -2.494286999999994 8.431213999999992 0.0 1265.080195 localhost 0
FLASER 0  -2.394286999999994 8.431213999999992 0.0 -2.394286999999994 8.431213999999992 0.0 1265.290611 localhost 0
FLASER 0  -2.274286999999994 8.431213999999992 0.0 -2.274286999999994 8.431213999999992 0.0 1265.500255 localhost 0
FLASER 0  -2.174286999999994 8.431213999999992 0.0 -2.174286999999994 8.431213999999992 0.0 1265.720211 localhost 0
FLASER 0  -2.0542869999999938 8.431213999999992 0.0 -2.0542869999999938 8.431213999999992 0.0 1265.930638 localhost 0
FLASER 0  -1.9542869999999937 8.431213999999992 0.0 -1.9542869999999937 8.431213999999992 0.0 1266.151302 localhost 0
FLASER 0  -1.8542869999999936 8.431213999999992 0.0 -1.8542869999999936 8.431213999999992 0.0 1266.360251 localhost 0
FLASER 0  -1.7342869999999935 8.431213999999992 0.0 -1.7342869999999935 8.431213999999992 0.0 1266.570648 localhost 0
FLASER 0  -1.6142869999999934 8.411213999999992 0.0 -1.6142869999999934 8.411213999999992 0.0 1266.790592 localhost 0
FLASER 0  -1.4942869999999933 8.411213999999992 0.0 -1.4942869999999933 8.411213999999992 0.0 1267.00022 localhost 0
FLASER 0  -1.3942869999999932 8.411213999999992 0.0 -1.3942869999999932 8.411213999999992 0.0 1267.210645 localhost 0
FLASER 0  -1.294286999999993 8.411213999999992 0.0 -1.294286999999993 8.411213999999992 0.0 1267.430631 localhost 0
FLASER 0  -1.174286999999993 8.411213999999992 0.0 -1.174286999999993 8.411213999999992 0.0 1267.640239 localhost 0
FLASER 0  -1.0742869999999929 8.411213999999992 0.0 -1.0742869999999929 8.411213999999992 0.0 1267.850748 localhost 0
FLASER 0  -0.9542869999999929 8.391213999999993 0.0 -0.9542869999999929 8.391213999999993 0.0 1268.060653 localhost 0
FLASER 0  -0.7342869999999928 8.371213999999993 0.0 -0.7342869999999928 8.371213999999993 0.0 1268.280245 localhost 0
FLASER 0  -0.6342869999999928 8.371213999999993 0.0 -0.6342869999999928 8.371213999999993 0.0 1268.71062 localhost 0
FLASER 0  -0.5342869999999929 8.371213999999993 0.0 -0.5342869999999929 8.371213999999993 0.0 1268.920231 localhost 0
FLASER 0  -0.41428699999999286 8.351213999999993 0.0 -0.41428699999999286 8.351213999999993 0.0 1269.130642 localhost 0
FLASER 0  -0.3342869999999929 8.351213999999993 0.0 -0.3342869999999929 8.351213999999993 0.0 1269.340341 localhost 0
FLASER 0  -0.19428699999999288 8.351213999999993 0.0 -0.19428699999999288 8.351213999999993 0.0 1269.560258 localhost 0
FLASER 0  -0.11428699999999288 8.351213999999993 0.0 -0.11428699999999288 8.351213999999993 0.0 1269.770567 localhost 0
FLASER 0  0.005713000000007126 8.371213999999993 0.0 0.005713000000007126 8.371213999999993 0.0 1269.980254 localhost 0
FLASER 0  0.10571300000000713 8.371213999999993 0.0 0.10571300000000713 8.371213999999993 0.0 1270.200247 localhost 0
FLASER 0  0.20571300000000714 8.371213999999993 0.0 0.20571300000000714 8.371213999999993 0.0 1270.410707 localhost 0
FLASER 0  0.3457130000000071 8.391213999999993 0.0 0.3457130000000071 8.391213999999993 0.0 1270.620266 localhost 0
FLASER 0  0.46571300000000715 8.391213999999993 0.0 0.46571300000000715 8.391213999999993 0.0 1270.840158 localhost 0
FLASER 0  0.5457130000000071 8.391213999999993 0.0 0.5457130000000071 8.391213999999993 0.0 1271.050815 localhost 0
FLASER 0  0.6257130000000071 8.411213999999992 0.0 0.6257130000000071 8.411213999999992 0.0 1271.270588 localhost 0
FLASER 0  0.7457130000000071 8.411213999999992 0.0 0.7457130000000071 8.411213999999992 0.0 1271.480233 localhost 0
FLASER 0  0.8657130000000071 8.411213999999992 0.0 0.8657130000000071 8.411213999999992 0.0 1271.690402 localhost 0
FLASER 0  0.965713000000007 8.411213999999992 0.0 0.965713000000007 8.411213999999992 0.0 1271.910543 localhost 0
FLASER 0  1.065713000000007 8.411213999999992 0.0 1.065713000000007 8.411213999999992 0.0 1272.120223 localhost 0
FLASER 0  1.165713000000007 8.411213999999992 0.0 1.165713000000007 8.411213999999992 0.0 1272.330633 localhost 0
FLASER 0  1.2857130000000072 8.411213999999992 0.0 1.2857130000000072 8.411213999999992 0.0 1272.540207 localhost 0
FLASER 0  1.3857130000000073 8.411213999999992 0.0 1.3857130000000073 8.411213999999992 0.0 1272.760229 localhost 0
FLASER 0  1.5057130000000074 8.411213999999992 0.0 1.5057130000000074 8.411213999999992 0.0 1272.97061 localhost 0
FLASER 0  1.6057130000000075 8.411213999999992 0.0 1.6057130000000075 8.411213999999992 0.0 1273.191171 localhost 0
FLASER 0  1.7057130000000076 8.411213999999992 0.0 1.7057130000000076 8.411213999999992 0.0 1273.400203 localhost 0
FLASER 0  1.8257130000000077 8.411213999999992 0.0 1.8257130000000077 8.411213999999992 0.0 1273.610933 localhost 0
FLASER 0  1.9457130000000078 8.391213999999993 0.0 1.9457130000000078 8.391213999999993 0.0 1273.820243 localhost 0
FLASER 0  2.0257130000000076 8.391213999999993 0.0 2.0257130000000076 8.391213999999993 0.0 1274.040201 localhost 0
FLASER 0  2.1457130000000078 8.391213999999993 0.0 2.1457130000000078 8.391213999999993 0.0 1274.250781 localhost 0
FLASER 0  2.245713000000008 8.391213999999993 0.0 2.245713000000008 8.391213999999993 0.0 1274.460282 localhost 0
FLASER 0  2.365713000000008 8.391213999999993 0.0 2.365713000000008 8.391213999999993 0.0 1274.680247 localhost 0
FLASER 0  2.485713000000008 8.391213999999993 0.0 2.485713000000008 8.391213999999993 0.0 1274.900238 localhost 0
FLASER 0  2.585713000000008 8.371213999999993 0.0 2.585713000000008 8.371213999999993 0.0 1275.11079 localhost 0
FLASER 0  2.665713000000008 8.371213999999993 0.0 2.665713000000008 8.371213999999993 0.0 1275.320033 localhost 0
FLASER 0  2.7857130000000083 8.371213999999993 0.0 2.7857130000000083 8.371213999999993 0.0 1275.530538 localhost 0
FLASER 0  2.9057130000000084 8.371213999999993 0.0 2.9057130000000084 8.371213999999993 0.0 1275.750894 localhost 0
FLASER 0  3.0057130000000085 8.371213999999993 0.0 3.0057130000000085 8.371213999999993 0.0 1275.960036 localhost 0
FLASER 0  3.1057130000000086 8.371213999999993 0.0 3.1057130000000086 8.371213999999993 0.0 1276.170863 localhost 0
FLASER 0  3.2257130000000087 8.371213999999993 0.0 3.2257130000000087 8.371213999999993 0.0 1276.390601 localhost 0
FLASER 0  3.325713000000009 8.371213999999993 0.0 3.325713000000009 8.371213999999993 0.0 1276.600244 localhost 0
FLASER 0  3.425713000000009 8.371213999999993 0.0 3.425713000000009 8.371213999999993 0.0 1276.820215 localhost 0
FLASER 0  3.525713000000009 8.371213999999993 0.0 3.525713000000009 8.371213999999993 0.0 1277.03062 localhost 0
FLASER 0  3.645713000000009 8.351213999999993 0.0 3.645713000000009 8.351213999999993 0.0 1277.240237 localhost 0
FLASER 0  3.745713000000009 8.351213999999993 0.0 3.745713000000009 8.351213999999993 0.0 1277.450359 localhost 0
FLASER 0  3.8657130000000093 8.331213999999994 0.0 3.8657130000000093 8.331213999999994 0.0 1277.670626 localhost 0
FLASER 0  3.9657130000000094 8.351213999999993 0.0 3.9657130000000094 8.351213999999993 0.0 1277.880243 localhost 0
FLASER 0  4.0657130000000095 8.331213999999994 0.0 4.0657130000000095 8.331213999999994 0.0 1278.10028 localhost 0
FLASER 0  4.185713000000009 8.331213999999994 0.0 4.185713000000009 8.331213999999994 0.0 1278.310254 localhost 0
FLASER 0  4.285713000000008 8.311213999999994 0.0 4.285713000000008 8.311213999999994 0.0 1278.520238 localhost 0
FLASER 0  4.385713000000008 8.291213999999995 0.0 4.385713000000008 8.291213999999995 0.0 1278.740033 localhost 0
FLASER 0  4.485713000000008 8.291213999999995 0.0 4.485713000000008 8.291213999999995 0.0 1278.950967 localhost 0
FLASER 0  4.585713000000007 8.291213999999995 0.0 4.585713000000007 8.291213999999995 0.0 1279.160296 localhost 0
FLASER 0  4.7057130000000065 8.271213999999995 0.0 4.7057130000000065 8.271213999999995 0.0 1279.380577 localhost 0
FLASER 0  4.825713000000006 8.271213999999995 0.0 4.825713000000006 8.271213999999995 0.0 1279.590632 localhost 0
FLASER 0  4.925713000000005 8.251213999999996 0.0 4.925713000000005 8.251213999999996 0.0 1279.800268 localhost 0
FLASER 0  5.0457130000000046 8.251213999999996 0.0 5.0457130000000046 8.251213999999996 0.0 1280.010654 localhost 0
FLASER 0  5.145713000000004 8.231213999999996 0.0 5.145713000000004 8.231213999999996 0.0 1280.230595 localhost 0
FLASER 0  5.265713000000003 8.211213999999996 0.0 5.265713000000003 8.211213999999996 0.0 1280.440199 localhost 0
FLASER 0  5.365713000000003 8.211213999999996 0.0 5.365713000000003 8.211213999999996 0.0 1280.651078 localhost 0
FLASER 0  5.485713000000002 8.211213999999996 0.0 5.485713000000002 8.211213999999996 0.0 1280.870708 localhost 0
FLASER 0  5.585713000000002 8.191213999999997 0.0 5.585713000000002 8.191213999999997 0.0 1281.080245 localhost 0
FLASER 0  5.705713000000001 8.211213999999996 0.0 5.705713000000001 8.211213999999996 0.0 1281.291135 localhost 0
FLASER 0  5.805713000000001 8.191213999999997 0.0 5.805713000000001 8.191213999999997 0.0 1281.510551 localhost 0
FLASER 0  5.925713 8.211213999999996 0.0 5.925713 8.211213999999996 0.0 1281.720208 localhost 0
FLASER 0  6.025713 8.191213999999997 0.0 6.025713 8.191213999999997 0.0 1281.930496 localhost 0
FLASER 0  6.145712999999999 8.211213999999996 0.0 6.145712999999999 8.211213999999996 0.0 1282.150591 localhost 0
FLASER 0  6.265712999999998 8.191213999999997 0.0 6.265712999999998 8.191213999999997 0.0 1282.360241 localhost 0
FLASER 0  6.365712999999998 8.191213999999997 0.0 6.365712999999998 8.191213999999997 0.0 1282.580162 localhost 0
FLASER 0  6.465712999999997 8.191213999999997 0.0 6.465712999999997 8.191213999999997 0.0 1282.79033 localhost 0
FLASER 0  6.585712999999997 8.191213999999997 0.0 6.585712999999997 8.191213999999997 0.0 1283.000225 localhost 0
FLASER 0  6.705712999999996 8.191213999999997 0.0 6.705712999999996 8.191213999999997 0.0 1283.210974 localhost 0
FLASER 0  6.8057129999999955 8.191213999999997 0.0 6.8057129999999955 8.191213999999997 0.0 1283.43061 localhost 0
FLASER 0  6.925712999999995 8.191213999999997 0.0 6.925712999999995 8.191213999999997 0.0 1283.640185 localhost 0
FLASER 0  7.025712999999994 8.191213999999997 0.0 7.025712999999994 8.191213999999997 0.0 1283.850279 localhost 0
FLASER 0  7.1457129999999935 8.191213999999997 0.0 7.1457129999999935 8.191213999999997 0.0 1284.071271 localhost 0
FLASER 0  7.265712999999993 8.191213999999997 0.0 7.265712999999993 8.191213999999997 0.0 1284.280054 localhost 0
FLASER 0  7.385712999999992 8.171213999999997 0.0 7.385712999999992 8.171213999999997 0.0 1284.490268 localhost 0
FLASER 0  7.485712999999992 8.171213999999997 0.0 7.485712999999992 8.171213999999997 0.0 1284.710212 localhost 0
FLASER 0  7.585712999999991 8.171213999999997 0.0 7.585712999999991 8.171213999999997 0.0 1284.92058 localhost 0
FLASER 0  7.705712999999991 8.171213999999997 0.0 7.705712999999991 8.171213999999997 0.0 1285.140532 localhost 0
FLASER 0  7.805712999999991 8.171213999999997 0.0 7.805712999999991 8.171213999999997 0.0 1285.350195 localhost 0
FLASER 0  7.905712999999991 8.171213999999997 0.0 7.905712999999991 8.171213999999997 0.0 1285.560618 localhost 0
FLASER 0  8.005712999999991 8.151213999999998 0.0 8.005712999999991 8.151213999999998 0.0 1285.780573 localhost 0
FLASER 0  8.12571299999999 8.151213999999998 0.0 8.12571299999999 8.151213999999998 0.0 1285.990253 localhost 0
FLASER 0  8.26571299999999 8.151213999999998 0.0 8.26571299999999 8.151213999999998 0.0 1286.200589 localhost 0
FLASER 0  8.34571299999999 8.151213999999998 0.0 8.34571299999999 8.151213999999998 0.0 1286.420554 localhost 0
FLASER 0  8.465712999999988 8.131213999999998 0.0 8.465712999999988 8.131213999999998 0.0 1286.63026 localhost 0
FLASER 0  8.565712999999988 8.131213999999998 0.0 8.565712999999988 8.131213999999998 0.0 1286.840686 localhost 0
FLASER 0  8.685712999999987 8.131213999999998 0.0 8.685712999999987 8.131213999999998 0.0 1287.061021 localhost 0
FLASER 0  8.785712999999987 8.131213999999998 0.0 8.785712999999987 8.131213999999998 0.0 1287.270264 localhost 0
FLASER 0  8.905712999999986 8.131213999999998 0.0 8.905712999999986 8.131213999999998 0.0 1287.480694 localhost 0
FLASER 0  9.005712999999986 8.111213999999999 0.0 9.005712999999986 8.111213999999999 0.0 1287.700788 localhost 0
FLASER 0  9.105712999999986 8.111213999999999 0.0 9.105712999999986 8.111213999999999 0.0 1287.91026 localhost 0
FLASER 0  9.205712999999985 8.091213999999999 0.0 9.205712999999985 8.091213999999999 0.0 1288.120592 localhost 0
FLASER 0  9.325712999999984 8.091213999999999 0.0 9.325712999999984 8.091213999999999 0.0 1288.34053 localhost 0
FLASER 0  9.425712999999984 8.091213999999999 0.0 9.425712999999984 8.091213999999999 0.0 1288.550639 localhost 0
FLASER 0  9.545712999999983 8.091213999999999 0.0 9.545712999999983 8.091213999999999 0.0 1288.770269 localhost 0
FLASER 0  9.665712999999982 8.071214 0.0 9.665712999999982 8.071214 0.0 1288.980239 localhost 0
FLASER 0  9.765712999999982 8.071214 0.0 9.765712999999982 8.071214 0.0 1289.191174 localhost 0
FLASER 0  9.865712999999982 8.071214 0.0 9.865712999999982 8.071214 0.0 1289.411183 localhost 0
FLASER 0  9.965712999999981 8.071214 0.0 9.965712999999981 8.071214 0.0 1289.620183 localhost 0
FLASER 0  10.08571299999998 8.091213999999999 0.0 10.08571299999998 8.091213999999999 0.0 1289.831429 localhost 0
FLASER 0  10.12571299999998 8.091213999999999 0.0 10.12571299999998 8.091213999999999 0.0 1290.051694 localhost 0
FLASER 0  10.10571299999998 8.091213999999999 0.0 10.10571299999998 8.091213999999999 0.0 1290.260286 localhost 0
FLASER 0  10.10571299999998 8.091213999999999 0.0 10.10571299999998 8.091213999999999 0.0 1290.470987 localhost 0
FLASER 0  10.12571299999998 8.091213999999999 0.0 10.12571299999998 8.091213999999999 0.0 1290.680259 localhost 0
FLASER 0  10.10571299999998 8.071214 0.0 10.10571299999998 8.071214 0.0 1290.900262 localhost 0
FLASER 0  10.10571299999998 8.091213999999999 0.0 10.10571299999998 8.091213999999999 0.0 1291.110677 localhost 0
FLASER 0  10.10571299999998 8.071214 0.0 10.10571299999998 8.071214 0.0 1291.330308 localhost 0
FLASER 0  10.10571299999998 8.091213999999999 0.0 10.10571299999998 8.091213999999999 0.0 1291.540034 localhost 0
FLASER 0  10.10571299999998 8.091213999999999 0.0 10.10571299999998 8.091213999999999 0.0 1291.96079 localhost 0
FLASER 0  10.12571299999998 8.091213999999999 0.0 10.12571299999998 8.091213999999999 0.0 1292.180513 localhost 0
FLASER 0  10.10571299999998 8.091213999999999 0.0 10.10571299999998 8.091213999999999 0.0 1292.390196 localhost 0
FLASER 0  10.10571299999998 8.091213999999999 0.0 10.10571299999998 8.091213999999999 0.0 1292.610084 localhost 0
FLASER 0  10.12571299999998 8.091213999999999 0.0 10.12571299999998 8.091213999999999 0.0 1292.820162 localhost 0
FLASER 0  10.12571299999998 8.071214 0.0 10.12571299999998 8.071214 0.0 1293.030231 localhost 0
FLASER 0  10.12571299999998 8.091213999999999 0.0 10.12571299999998 8.091213999999999 0.0 1293.240433 localhost 0
FLASER 0  10.12571299999998 8.091213999999999 0.0 10.12571299999998 8.091213999999999 0.0 1293.460588 localhost 0
FLASER 0  10.12571299999998 8.071214 0.0 10.12571299999998 8.071214 0.0 1293.670425 localhost 0
FLASER 0  10.12571299999998 8.091213999999999 0.0 10.12571299999998 8.091213999999999 0.0 1293.890212 localhost 0
FLASER 0  10.10571299999998 8.091213999999999 0.0 10.10571299999998 8.091213999999999 0.0 1294.10043 localhost 0
FLASER 0  10.12571299999998 8.071214 0.0 10.12571299999998 8.071214 0.0 1294.310205 localhost 0
FLASER 0  10.10571299999998 8.091213999999999 0.0 10.10571299999998 8.091213999999999 0.0 1294.530284 localhost 0
FLASER 0  10.12571299999998 8.071214 0.0 10.12571299999998 8.071214 0.0 1294.740739 localhost 0
FLASER 0  10.18571299999998 8.111213999999999 0.0 10.18571299999998 8.111213999999999 0.0 1294.950186 localhost 0
FLASER 0  10.28571299999998 8.111213999999999 0.0 10.28571299999998 8.111213999999999 0.0 1295.170557 localhost 0
FLASER 0  10.38571299999998 8.091213999999999 0.0 10.38571299999998 8.091213999999999 0.0 1295.381093 localhost 0
FLASER 0  10.505712999999979 8.111213999999999 0.0 10.505712999999979 8.111213999999999 0.0 1295.590181 localhost 0
FLASER 0  10.605712999999978 8.111213999999999 0.0 10.605712999999978 8.111213999999999 0.0 1295.810211 localhost 0
FLASER 0  10.725712999999978 8.111213999999999 0.0 10.725712999999978 8.111213999999999 0.0 1296.020555 localhost 0
FLASER 0  10.825712999999977 8.131213999999998 0.0 10.825712999999977 8.131213999999998 0.0 1296.230263 localhost 0
FLASER 0  10.925712999999977 8.151213999999998 0.0 10.925712999999977 8.151213999999998 0.0 1296.450268 localhost 0
FLASER 0  11.045712999999976 8.151213999999998 0.0 11.045712999999976 8.151213999999998 0.0 1296.660528 localhost 0
FLASER 0  11.165712999999975 8.171213999999997 0.0 11.165712999999975 8.171213999999997 0.0 1296.880774 localhost 0
FLASER 0  11.285712999999975 8.191213999999997 0.0 11.285712999999975 8.191213999999997 0.0 1297.090249 localhost 0
FLASER 0  11.385712999999974 8.171213999999997 0.0 11.385712999999974 8.171213999999997 0.0 1297.300678 localhost 0
FLASER 0  11.485712999999974 8.171213999999997 0.0 11.485712999999974 8.171213999999997 0.0 1297.510211 localhost 0
FLASER 0  11.605712999999973 8.151213999999998 0.0 11.605712999999973 8.151213999999998 0.0 1297.730261 localhost 0
FLASER 0  11.725712999999972 8.151213999999998 0.0 11.725712999999972 8.151213999999998 0.0 1297.940501 localhost 0
FLASER 0  11.825712999999972 8.131213999999998 0.0 11.825712999999972 8.131213999999998 0.0 1298.160696 localhost 0
FLASER 0  11.945712999999971 8.131213999999998 0.0 11.945712999999971 8.131213999999998 0.0 1298.370116 localhost 0
FLASER 0  12.04571299999997 8.111213999999999 0.0 12.04571299999997 8.111213999999999 0.0 1298.5806 localhost 0
FLASER 0  12.16571299999997 8.111213999999999 0.0 12.16571299999997 8.111213999999999 0.0 1298.790266 localhost 0
FLASER 0  12.26571299999997 8.091213999999999 0.0 12.26571299999997 8.091213999999999 0.0 1299.010271 localhost 0
FLASER 0  12.36571299999997 8.071214 0.0 12.36571299999997 8.071214 0.0 1299.220242 localhost 0
FLASER 0  12.485712999999969 8.071214 0.0 12.485712999999969 8.071214 0.0 1299.440624 localhost 0
FLASER 0  12.585712999999968 8.051214 0.0 12.585712999999968 8.051214 0.0 1299.650308 localhost 0
FLASER 0  12.685712999999968 8.051214 0.0 12.685712999999968 8.051214 0.0 1299.86095 localhost 0
FLASER 0  12.785712999999967 8.031214 0.0 12.785712999999967 8.031214 0.0 1300.070234 localhost 0
FLASER 0  12.885712999999967 8.031214 0.0 12.885712999999967 8.031214 0.0 1300.290241 localhost 0
FLASER 0  13.005712999999966 8.031214 0.0 13.005712999999966 8.031214 0.0 1300.500608 localhost 0
FLASER 0  13.105712999999966 8.011214 0.0 13.105712999999966 8.011214 0.0 1300.71024 localhost 0
FLASER 0  13.225712999999965 8.011214 0.0 13.225712999999965 8.011214 0.0 1300.930299 localhost 0
FLASER 0  13.345712999999964 8.011214 0.0 13.345712999999964 8.011214 0.0 1301.140615 localhost 0
FLASER 0  13.465712999999964 7.991214000000001 0.0 13.465712999999964 7.991214000000001 0.0 1301.360322 localhost 0
FLASER 0  13.565712999999963 7.971214000000002 0.0 13.565712999999963 7.971214000000002 0.0 1301.570295 localhost 0
FLASER 0  13.685712999999962 7.951214000000002 0.0 13.685712999999962 7.951214000000002 0.0 1301.780599 localhost 0
FLASER 0  13.805712999999962 7.951214000000002 0.0 13.805712999999962 7.951214000000002 0.0 1302.000642 localhost 0
FLASER 0  13.905712999999961 7.931214000000002 0.0 13.905712999999961 7.931214000000002 0.0 1302.210294 localhost 0
FLASER 0  14.005712999999961 7.931214000000002 0.0 14.005712999999961 7.931214000000002 0.0 1302.42032 localhost 0
FLASER 0  14.12571299999996 7.911214000000003 0.0 14.12571299999996 7.911214000000003 0.0 1302.641217 localhost 0
FLASER 0  14.22571299999996 7.911214000000003 0.0 14.22571299999996 7.911214000000003 0.0 1302.850283 localhost 0
FLASER 0  14.345712999999959 7.891214000000003 0.0 14.345712999999959 7.891214000000003 0.0 1303.060899 localhost 0
FLASER 0  14.465712999999958 7.891214000000003 0.0 14.465712999999958 7.891214000000003 0.0 1303.270216 localhost 0
FLASER 0  14.585712999999958 7.871214000000004 0.0 14.585712999999958 7.871214000000004 0.0 1303.49018 localhost 0
FLASER 0  14.665712999999958 7.871214000000004 0.0 14.665712999999958 7.871214000000004 0.0 1303.700734 localhost 0
FLASER 0  14.785712999999957 7.851214000000004 0.0 14.785712999999957 7.851214000000004 0.0 1303.910237 localhost 0
FLASER 0  14.885712999999956 7.851214000000004 0.0 14.885712999999956 7.851214000000004 0.0 1304.13006 localhost 0
FLASER 0  14.985712999999956 7.851214000000004 0.0 14.985712999999956 7.851214000000004 0.0 1304.340767 localhost 0
FLASER 0  15.105712999999955 7.831214000000005 0.0 15.105712999999955 7.831214000000005 0.0 1304.560648 localhost 0
FLASER 0  15.205712999999955 7.831214000000005 0.0 15.205712999999955 7.831214000000005 0.0 1304.770927 localhost 0
FLASER 0  15.325712999999954 7.851214000000004 0.0 15.325712999999954 7.851214000000004 0.0 1304.980203 localhost 0
FLASER 0  15.445712999999953 7.831214000000005 0.0 15.445712999999953 7.831214000000005 0.0 1305.200223 localhost 0
FLASER 0  15.565712999999953 7.811214000000005 0.0 15.565712999999953 7.811214000000005 0.0 1305.410171 localhost 0
FLASER 0  15.665712999999952 7.811214000000005 0.0 15.665712999999952 7.811214000000005 0.0 1305.620286 localhost 0
FLASER 0  15.765712999999952 7.811214000000005 0.0 15.765712999999952 7.811214000000005 0.0 1305.840234 localhost 0
FLASER 0  15.865712999999952 7.791214000000005 0.0 15.865712999999952 7.791214000000005 0.0 1306.05065 localhost 0
FLASER 0  15.98571299999995 7.791214000000005 0.0 15.98571299999995 7.791214000000005 0.0 1306.260243 localhost 0
FLASER 0  16.10571299999995 7.791214000000005 0.0 16.10571299999995 7.791214000000005 0.0 1306.470629 localhost 0
FLASER 0  16.225712999999953 7.791214000000005 0.0 16.225712999999953 7.791214000000005 0.0 1306.690631 localhost 0
FLASER 0  16.325712999999954 7.791214000000005 0.0 16.325712999999954 7.791214000000005 0.0 1306.900186 localhost 0
FLASER 0  16.445712999999955 7.771214000000006 0.0 16.445712999999955 7.771214000000006 0.0 1307.120215 localhost 0
FLASER 0  16.565712999999956 7.751214000000006 0.0 16.565712999999956 7.751214000000006 0.0 1307.330595 localhost 0
FLASER 0  16.665712999999958 7.751214000000006 0.0 16.665712999999958 7.751214000000006 0.0 1307.540184 localhost 0
FLASER 0  16.76571299999996 7.731214000000007 0.0 16.76571299999996 7.731214000000007 0.0 1307.760588 localhost 0
FLASER 0  16.84571299999996 7.731214000000007 0.0 16.84571299999996 7.731214000000007 0.0 1307.970561 localhost 0
FLASER 0  16.965712999999962 7.711214000000007 0.0 16.965712999999962 7.711214000000007 0.0 1308.180219 localhost 0
FLASER 0  17.065712999999963 7.711214000000007 0.0 17.065712999999963 7.711214000000007 0.0 1308.400233 localhost 0
FLASER 0  17.185712999999964 7.6912140000000075 0.0 17.185712999999964 7.6912140000000075 0.0 1308.610608 localhost 0
FLASER 0  17.285712999999966 7.671214000000008 0.0 17.285712999999966 7.671214000000008 0.0 1308.820225 localhost 0
FLASER 0  17.405712999999967 7.651214000000008 0.0 17.405712999999967 7.651214000000008 0.0 1309.040237 localhost 0
FLASER 0  17.505712999999968 7.651214000000008 0.0 17.505712999999968 7.651214000000008 0.0 1309.250634 localhost 0
FLASER 0  17.62571299999997 7.631214000000009 0.0 17.62571299999997 7.631214000000009 0.0 1309.470572 localhost 0
FLASER 0  17.70571299999997 7.631214000000009 0.0 17.70571299999997 7.631214000000009 0.0 1309.680258 localhost 0
FLASER 0  17.825712999999972 7.611214000000009 0.0 17.825712999999972 7.611214000000009 0.0 1309.890648 localhost 0
FLASER 0  17.945712999999973 7.59121400000001 0.0 17.945712999999973 7.59121400000001 0.0 1310.1106 localhost 0
FLASER 0  18.045712999999974 7.57121400000001 0.0 18.045712999999974 7.57121400000001 0.0 1310.320246 localhost 0
FLASER 0  18.145712999999976 7.57121400000001 0.0 18.145712999999976 7.57121400000001 0.0 1310.530584 localhost 0
FLASER 0  18.285712999999976 7.5512140000000105 0.0 18.285712999999976 7.5512140000000105 0.0 1310.75147 localhost 0
FLASER 0  18.365712999999975 7.5512140000000105 0.0 18.365712999999975 7.5512140000000105 0.0 1310.960263 localhost 0
FLASER 0  18.485712999999976 7.531214000000011 0.0 18.485712999999976 7.531214000000011 0.0 1311.170924 localhost 0
FLASER 0  18.565712999999977 7.531214000000011 0.0 18.565712999999977 7.531214000000011 0.0 1311.380259 localhost 0
FLASER 0  18.68571299999998 7.511214000000011 0.0 18.68571299999998 7.511214000000011 0.0 1311.600268 localhost 0
FLASER 0  18.76571299999998 7.491214000000012 0.0 18.76571299999998 7.491214000000012 0.0 1311.810958 localhost 0
FLASER 0  18.88571299999998 7.491214000000012 0.0 18.88571299999998 7.491214000000012 0.0 1312.02023 localhost 0
FLASER 0  19.005712999999982 7.471214000000012 0.0 19.005712999999982 7.471214000000012 0.0 1312.240262 localhost 0
FLASER 0  19.105712999999984 7.491214000000012 0.0 19.105712999999984 7.491214000000012 0.0 1312.450636 localhost 0
FLASER 0  19.205712999999985 7.511214000000011 0.0 19.205712999999985 7.511214000000011 0.0 1312.660276 localhost 0
FLASER 0  19.305712999999987 7.531214000000011 0.0 19.305712999999987 7.531214000000011 0.0 1312.88025 localhost 0
FLASER 0  19.425712999999988 7.5512140000000105 0.0 19.425712999999988 7.5512140000000105 0.0 1313.090552 localhost 0
FLASER 0  19.54571299999999 7.57121400000001 0.0 19.54571299999999 7.57121400000001 0.0 1313.311087 localhost 0
FLASER 0  19.64571299999999 7.59121400000001 0.0 19.64571299999999 7.59121400000001 0.0 1313.520108 localhost 0
FLASER 0  19.74571299999999 7.611214000000009 0.0 19.74571299999999 7.611214000000009 0.0 1313.731007 localhost 0
FLASER 0  19.845712999999993 7.631214000000009 0.0 19.845712999999993 7.631214000000009 0.0 1313.940227 localhost 0
FLASER 0  19.965712999999994 7.631214000000009 0.0 19.965712999999994 7.631214000000009 0.0 1314.160251 localhost 0
FLASER 0  20.065712999999995 7.631214000000009 0.0 20.065712999999995 7.631214000000009 0.0 1314.370898 localhost 0
FLASER 0  20.165712999999997 7.651214000000008 0.0 20.165712999999997 7.651214000000008 0.0 1314.580207 localhost 0
FLASER 0  20.285712999999998 7.651214000000008 0.0 20.285712999999998 7.651214000000008 0.0 1314.800231 localhost 0
FLASER 0  20.365713 7.651214000000008 0.0 20.365713 7.651214000000008 0.0 1315.01058 localhost 0
FLASER 0  20.385713 7.631214000000009 0.0 20.385713 7.631214000000009 0.0 1315.230482 localhost 0
FLASER 0  20.385713 7.631214000000009 0.0 20.385713 7.631214000000009 0.0 1315.440199 localhost 0
FLASER 0  20.445713 7.631214000000009 0.0 20.445713 7.631214000000009 0.0 1315.65034 localhost 0
FLASER 0  20.525713000000003 7.611214000000009 0.0 20.525713000000003 7.611214000000009 0.0 1315.860313 localhost 0
FLASER 0  20.625713000000005 7.571214000000009 0.0 20.625713000000005 7.571214000000009 0.0 1316.08021 localhost 0
FLASER 0  20.705713000000006 7.571214000000009 0.0 20.705713000000006 7.571214000000009 0.0 1316.300216 localhost 0
FLASER 0  20.685713000000007 7.55121400000001 0.0 20.685713000000007 7.55121400000001 0.0 1316.51069 localhost 0
FLASER 0  20.705713000000006 7.55121400000001 0.0 20.705713000000006 7.55121400000001 0.0 1316.720293 localhost 0
FLASER 0  20.685713000000007 7.55121400000001 0.0 20.685713000000007 7.55121400000001 0.0 1316.930569 localhost 0
FLASER 0  20.72571300000001 7.51121400000001 0.0 20.72571300000001 7.51121400000001 0.0 1317.150544 localhost 0
FLASER 0  20.76571300000001 7.49121400000001 0.0 20.76571300000001 7.49121400000001 0.0 1317.360239 localhost 0
FLASER 0  20.76571300000001 7.45121400000001 0.0 20.76571300000001 7.45121400000001 0.0 1317.580157 localhost 0
FLASER 0  20.825713000000007 7.41121400000001 0.0 20.825713000000007 7.41121400000001 0.0 1317.790651 localhost 0
FLASER 0  20.825713000000007 7.41121400000001 0.0 20.825713000000007 7.41121400000001 0.0 1318.000229 localhost 0
FLASER 0  20.78571300000001 7.45121400000001 0.0 20.78571300000001 7.45121400000001 0.0 1318.210631 localhost 0
FLASER 0  20.76571300000001 7.45121400000001 0.0 20.76571300000001 7.45121400000001 0.0 1318.430627 localhost 0
FLASER 0  20.76571300000001 7.43121400000001 0.0 20.76571300000001 7.43121400000001 0.0 1318.640247 localhost 0
FLASER 0  20.76571300000001 7.43121400000001 0.0 20.76571300000001 7.43121400000001 0.0 1318.850775 localhost 0
FLASER 0  20.76571300000001 7.43121400000001 0.0 20.76571300000001 7.43121400000001 0.0 1319.070588 localhost 0
FLASER 0  20.76571300000001 7.411214000000011 0.0 20.76571300000001 7.411214000000011 0.0 1319.280091 localhost 0
FLASER 0  20.74571300000001 7.411214000000011 0.0 20.74571300000001 7.411214000000011 0.0 1319.490692 localhost 0
FLASER 0  20.74571300000001 7.411214000000011 0.0 20.74571300000001 7.411214000000011 0.0 1319.710257 localhost 0
FLASER 0  20.72571300000001 7.391214000000011 0.0 20.72571300000001 7.391214000000011 0.0 1319.920383 localhost 0
FLASER 0  20.70571300000001 7.391214000000011 0.0 20.70571300000001 7.391214000000011 0.0 1320.140586 localhost 0
FLASER 0  20.70571300000001 7.391214000000011 0.0 20.70571300000001 7.391214000000011 0.0 1320.350279 localhost 0
FLASER 0  20.64571300000001 7.371214000000012 0.0 20.64571300000001 7.371214000000012 0.0 1320.560475 localhost 0
FLASER 0  20.56571300000001 7.371214000000012 0.0 20.56571300000001 7.371214000000012 0.0 1320.780541 localhost 0
FLASER 0  20.465713000000008 7.391214000000011 0.0 20.465713000000008 7.391214000000011 0.0 1320.990261 localhost 0
FLASER 0  20.345713000000007 7.411214000000011 0.0 20.345713000000007 7.411214000000011 0.0 1321.200646 localhost 0
FLASER 0  20.225713000000006 7.411214000000011 0.0 20.225713000000006 7.411214000000011 0.0 1321.420505 localhost 0
FLASER 0  20.125713000000005 7.43121400000001 0.0 20.125713000000005 7.43121400000001 0.0 1321.630331 localhost 0
FLASER 0  20.025713000000003 7.43121400000001 0.0 20.025713000000003 7.43121400000001 0.0 1321.840798 localhost 0
FLASER 0  19.925713000000002 7.45121400000001 0.0 19.925713000000002 7.45121400000001 0.0 1322.060246 localhost 0
FLASER 0  19.845713 7.49121400000001 0.0 19.845713 7.49121400000001 0.0 1322.270937 localhost 0
FLASER 0  19.765712999999998 7.51121400000001 0.0 19.765712999999998 7.51121400000001 0.0 1322.480247 localhost 0
FLASER 0  19.645712999999997 7.531214000000009 0.0 19.645712999999997 7.531214000000009 0.0 1322.690661 localhost 0
FLASER 0  19.525712999999996 7.551214000000009 0.0 19.525712999999996 7.551214000000009 0.0 1322.910658 localhost 0
FLASER 0  19.425712999999995 7.571214000000008 0.0 19.425712999999995 7.571214000000008 0.0 1323.120263 localhost 0
FLASER 0  19.305712999999994 7.571214000000008 0.0 19.305712999999994 7.571214000000008 0.0 1323.340179 localhost 0
FLASER 0  19.185712999999993 7.591214000000008 0.0 19.185712999999993 7.591214000000008 0.0 1323.550626 localhost 0
FLASER 0  19.10571299999999 7.631214000000008 0.0 19.10571299999999 7.631214000000008 0.0 1323.760275 localhost 0
FLASER 0  18.98571299999999 7.631214000000008 0.0 18.98571299999999 7.631214000000008 0.0 1323.980177 localhost 0
FLASER 0  18.86571299999999 7.6512140000000075 0.0 18.86571299999999 7.6512140000000075 0.0 1324.190326 localhost 0
FLASER 0  18.745712999999988 7.671214000000007 0.0 18.745712999999988 7.671214000000007 0.0 1324.400238 localhost 0
FLASER 0  18.645712999999986 7.671214000000007 0.0 18.645712999999986 7.671214000000007 0.0 1324.620174 localhost 0
FLASER 0  18.545712999999985 7.691214000000007 0.0 18.545712999999985 7.691214000000007 0.0 1324.830521 localhost 0
FLASER 0  18.445712999999984 7.711214000000006 0.0 18.445712999999984 7.711214000000006 0.0 1325.040221 localhost 0
FLASER 0  18.345712999999982 7.711214000000006 0.0 18.345712999999982 7.711214000000006 0.0 1325.260442 localhost 0
FLASER 0  18.22571299999998 7.731214000000006 0.0 18.22571299999998 7.731214000000006 0.0 1325.470593 localhost 0
FLASER 0  18.12571299999998 7.751214000000005 0.0 18.12571299999998 7.751214000000005 0.0 1325.680199 localhost 0
FLASER 0  18.045712999999978 7.771214000000005 0.0 18.045712999999978 7.771214000000005 0.0 1325.9002 localhost 0
FLASER 0  17.925712999999977 7.7912140000000045 0.0 17.925712999999977 7.7912140000000045 0.0 1326.110465 localhost 0
FLASER 0  17.805712999999976 7.7912140000000045 0.0 17.805712999999976 7.7912140000000045 0.0 1326.320223 localhost 0
FLASER 0  17.705712999999974 7.811214000000004 0.0 17.705712999999974 7.811214000000004 0.0 1326.540182 localhost 0
FLASER 0  17.605712999999973 7.811214000000004 0.0 17.605712999999973 7.811214000000004 0.0 1326.751031 localhost 0
FLASER 0  17.485712999999972 7.851214000000004 0.0 17.485712999999972 7.851214000000004 0.0 1326.970355 localhost 0
FLASER 0  17.38571299999997 7.851214000000004 0.0 17.38571299999997 7.851214000000004 0.0 1327.180714 localhost 0
FLASER 0  17.28571299999997 7.871214000000004 0.0 17.28571299999997 7.871214000000004 0.0 1327.390241 localhost 0
FLASER 0  17.185712999999968 7.871214000000004 0.0 17.185712999999968 7.871214000000004 0.0 1327.610231 localhost 0
FLASER 0  17.065712999999967 7.891214000000003 0.0 17.065712999999967 7.891214000000003 0.0 1327.820168 localhost 0
FLASER 0  16.965712999999965 7.891214000000003 0.0 16.965712999999965 7.891214000000003 0.0 1328.03024 localhost 0
FLASER 0  16.845712999999964 7.891214000000003 0.0 16.845712999999964 7.891214000000003 0.0 1328.240785 localhost 0
FLASER 0  16.745712999999963 7.891214000000003 0.0 16.745712999999963 7.891214000000003 0.0 1328.460587 localhost 0
FLASER 0  16.64571299999996 7.891214000000003 0.0 16.64571299999996 7.891214000000003 0.0 1328.670248 localhost 0
FLASER 0  16.52571299999996 7.891214000000003 0.0 16.52571299999996 7.891214000000003 0.0 1328.890169 localhost 0
FLASER 0  16.40571299999996 7.891214000000003 0.0 16.40571299999996 7.891214000000003 0.0 1329.100899 localhost 0
FLASER 0  16.305712999999958 7.891214000000003 0.0 16.305712999999958 7.891214000000003 0.0 1329.310269 localhost 0
FLASER 0  16.205712999999957 7.891214000000003 0.0 16.205712999999957 7.891214000000003 0.0 1329.520567 localhost 0
FLASER 0  16.085712999999956 7.891214000000003 0.0 16.085712999999956 7.891214000000003 0.0 1329.74144 localhost 0
FLASER 0  15.965712999999957 7.911214000000003 0.0 15.965712999999957 7.911214000000003 0.0 1329.950262 localhost 0
FLASER 0  15.865712999999957 7.911214000000003 0.0 15.865712999999957 7.911214000000003 0.0 1330.160566 localhost 0
FLASER 0  15.745712999999958 7.911214000000003 0.0 15.745712999999958 7.911214000000003 0.0 1330.380709 localhost 0
FLASER 0  15.645712999999958 7.911214000000003 0.0 15.645712999999958 7.911214000000003 0.0 1330.590272 localhost 0
FLASER 0  15.545712999999958 7.911214000000003 0.0 15.545712999999958 7.911214000000003 0.0 1330.800842 localhost 0
FLASER 0  15.42571299999996 7.911214000000003 0.0 15.42571299999996 7.911214000000003 0.0 1331.02059 localhost 0
FLASER 0  15.32571299999996 7.911214000000003 0.0 15.32571299999996 7.911214000000003 0.0 1331.230268 localhost 0
FLASER 0  15.20571299999996 7.931214000000002 0.0 15.20571299999996 7.931214000000002 0.0 1331.440296 localhost 0
FLASER 0  15.10571299999996 7.931214000000002 0.0 15.10571299999996 7.931214000000002 0.0 1331.661204 localhost 0
FLASER 0  14.985712999999961 7.951214000000002 0.0 14.985712999999961 7.951214000000002 0.0 1331.870278 localhost 0
FLASER 0  14.865712999999962 7.971214000000002 0.0 14.865712999999962 7.971214000000002 0.0 1332.090188 localhost 0
FLASER 0  14.785712999999962 7.991214000000001 0.0 14.785712999999962 7.991214000000001 0.0 1332.300741 localhost 0
FLASER 0  14.665712999999963 7.991214000000001 0.0 14.665712999999963 7.991214000000001 0.0 1332.510276 localhost 0
FLASER 0  14.545712999999964 8.011214 0.0 14.545712999999964 8.011214 0.0 1332.730247 localhost 0
FLASER 0  14.465712999999964 8.051214 0.0 14.465712999999964 8.051214 0.0 1332.940607 localhost 0
FLASER 0  14.345712999999964 8.051214 0.0 14.345712999999964 8.051214 0.0 1333.151013 localhost 0
FLASER 0  14.225712999999965 8.071214 0.0 14.225712999999965 8.071214 0.0 1333.370644 localhost 0
FLASER 0  14.125712999999966 8.091213999999999 0.0 14.125712999999966 8.091213999999999 0.0 1333.580247 localhost 0
FLASER 0  14.005712999999966 8.091213999999999 0.0 14.005712999999966 8.091213999999999 0.0 1333.790639 localhost 0
FLASER 0  13.885712999999967 8.091213999999999 0.0 13.885712999999967 8.091213999999999 0.0 1334.010431 localhost 0
FLASER 0  13.785712999999967 8.111213999999999 0.0 13.785712999999967 8.111213999999999 0.0 1334.22021 localhost 0
FLASER 0  13.665712999999968 8.131213999999998 0.0 13.665712999999968 8.131213999999998 0.0 1334.430886 localhost 0
FLASER 0  13.565712999999969 8.151213999999998 0.0 13.565712999999969 8.151213999999998 0.0 1334.640257 localhost 0
FLASER 0  13.465712999999969 8.171213999999997 0.0 13.465712999999969 8.171213999999997 0.0 1334.860225 localhost 0
FLASER 0  13.36571299999997 8.171213999999997 0.0 13.36571299999997 8.171213999999997 0.0 1335.070759 localhost 0
FLASER 0  13.24571299999997 8.171213999999997 0.0 13.24571299999997 8.171213999999997 0.0 1335.290707 localhost 0
FLASER 0  13.14571299999997 8.171213999999997 0.0 13.14571299999997 8.171213999999997 0.0 1335.500246 localhost 0
FLASER 0  13.025712999999971 8.191213999999997 0.0 13.025712999999971 8.191213999999997 0.0 1335.710654 localhost 0
FLASER 0  12.925712999999972 8.211213999999996 0.0 12.925712999999972 8.211213999999996 0.0 1335.930567 localhost 0
FLASER 0  12.825712999999972 8.211213999999996 0.0 12.825712999999972 8.211213999999996 0.0 1336.140194 localhost 0
FLASER 0  12.725712999999972 8.231213999999996 0.0 12.725712999999972 8.231213999999996 0.0 1336.350616 localhost 0
FLASER 0  12.625712999999973 8.251213999999996 0.0 12.625712999999973 8.251213999999996 0.0 1336.560397 localhost 0
FLASER 0  12.525712999999973 8.251213999999996 0.0 12.525712999999973 8.251213999999996 0.0 1336.780226 localhost 0
FLASER 0  12.405712999999974 8.251213999999996 0.0 12.405712999999974 8.251213999999996 0.0 1336.990678 localhost 0
FLASER 0  12.305712999999974 8.251213999999996 0.0 12.305712999999974 8.251213999999996 0.0 1337.210199 localhost 0
FLASER 0  12.185712999999975 8.231213999999996 0.0 12.185712999999975 8.231213999999996 0.0 1337.420221 localhost 0
FLASER 0  12.085712999999975 8.231213999999996 0.0 12.085712999999975 8.231213999999996 0.0 1337.640185 localhost 0
FLASER 0  11.985712999999976 8.231213999999996 0.0 11.985712999999976 8.231213999999996 0.0 1337.84021 localhost 0
FLASER 0  11.865712999999976 8.211213999999996 0.0 11.865712999999976 8.211213999999996 0.0 1338.060231 localhost 0
FLASER 0  11.745712999999977 8.211213999999996 0.0 11.745712999999977 8.211213999999996 0.0 1338.270612 localhost 0
FLASER 0  11.645712999999978 8.211213999999996 0.0 11.645712999999978 8.211213999999996 0.0 1338.490608 localhost 0
FLASER 0  11.525712999999978 8.191213999999997 0.0 11.525712999999978 8.191213999999997 0.0 1338.700219 localhost 0
FLASER 0  11.40571299999998 8.191213999999997 0.0 11.40571299999998 8.191213999999997 0.0 1338.911062 localhost 0
FLASER 0  11.28571299999998 8.211213999999996 0.0 11.28571299999998 8.211213999999996 0.0 1339.130571 localhost 0
FLASER 0  11.18571299999998 8.191213999999997 0.0 11.18571299999998 8.191213999999997 0.0 1339.340261 localhost 0
FLASER 0  11.08571299999998 8.191213999999997 0.0 11.08571299999998 8.191213999999997 0.0 1339.560196 localhost 0
FLASER 0  10.945712999999982 8.191213999999997 0.0 10.945712999999982 8.191213999999997 0.0 1339.770167 localhost 0
FLASER 0  10.865712999999982 8.191213999999997 0.0 10.865712999999982 8.191213999999997 0.0 1339.980641 localhost 0
FLASER 0  10.725712999999983 8.211213999999996 0.0 10.725712999999983 8.211213999999996 0.0 1340.190244 localhost 0
FLASER 0  10.645712999999983 8.211213999999996 0.0 10.645712999999983 8.211213999999996 0.0 1340.41026 localhost 0
FLASER 0  10.545712999999983 8.211213999999996 0.0 10.545712999999983 8.211213999999996 0.0 1340.621017 localhost 0
FLASER 0  10.425712999999984 8.211213999999996 0.0 10.425712999999984 8.211213999999996 0.0 1340.83032 localhost 0
FLASER 0  10.305712999999985 8.231213999999996 0.0 10.305712999999985 8.231213999999996 0.0 1341.05024 localhost 0
FLASER 0  10.205712999999985 8.231213999999996 0.0 10.205712999999985 8.231213999999996 0.0 1341.260599 localhost 0
FLASER 0  10.085712999999986 8.251213999999996 0.0 10.085712999999986 8.251213999999996 0.0 1341.470252 localhost 0
FLASER 0  10.005712999999986 8.251213999999996 0.0 10.005712999999986 8.251213999999996 0.0 1341.690185 localhost 0
FLASER 0  9.885712999999987 8.271213999999995 0.0 9.885712999999987 8.271213999999995 0.0 1341.900535 localhost 0
FLASER 0  9.765712999999987 8.291213999999995 0.0 9.765712999999987 8.291213999999995 0.0 1342.120563 localhost 0
FLASER 0  9.645712999999988 8.291213999999995 0.0 9.645712999999988 8.291213999999995 0.0 1342.330264 localhost 0
FLASER 0  9.545712999999989 8.311213999999994 0.0 9.545712999999989 8.311213999999994 0.0 1342.540917 localhost 0
FLASER 0  9.445712999999989 8.311213999999994 0.0 9.445712999999989 8.311213999999994 0.0 1342.761009 localhost 0
FLASER 0  9.32571299999999 8.331213999999994 0.0 9.32571299999999 8.331213999999994 0.0 1342.970275 localhost 0
FLASER 0  9.20571299999999 8.331213999999994 0.0 9.20571299999999 8.331213999999994 0.0 1343.180633 localhost 0
FLASER 0  9.085712999999991 8.331213999999994 0.0 9.085712999999991 8.331213999999994 0.0 1343.390235 localhost 0
FLASER 0  9.005712999999991 8.351213999999993 0.0 9.005712999999991 8.351213999999993 0.0 1343.610193 localhost 0
FLASER 0  8.865712999999992 8.331213999999994 0.0 8.865712999999992 8.331213999999994 0.0 1343.820638 localhost 0
FLASER 0  8.765712999999993 8.291213999999995 0.0 8.765712999999993 8.291213999999995 0.0 1344.040606 localhost 0
FLASER 0  8.685712999999993 8.271213999999995 0.0 8.685712999999993 8.271213999999995 0.0 1344.250263 localhost 0
FLASER 0  8.585712999999993 8.231213999999996 0.0 8.585712999999993 8.231213999999996 0.0 1344.460754 localhost 0
FLASER 0  8.465712999999994 8.171213999999996 0.0 8.465712999999994 8.171213999999996 0.0 1344.670284 localhost 0
FLASER 0  8.365712999999994 8.151213999999996 0.0 8.365712999999994 8.151213999999996 0.0 1344.890584 localhost 0
FLASER 0  8.265712999999995 8.111213999999997 0.0 8.265712999999995 8.111213999999997 0.0 1345.100283 localhost 0
FLASER 0  8.185712999999994 8.051213999999996 0.0 8.185712999999994 8.051213999999996 0.0 1345.320229 localhost 0
FLASER 0  8.085712999999995 7.991213999999997 0.0 8.085712999999995 7.991213999999997 0.0 1345.530808 localhost 0
FLASER 0  7.985712999999995 7.931213999999997 0.0 7.985712999999995 7.931213999999997 0.0 1345.74066 localhost 0
FLASER 0  7.905712999999995 7.8712139999999975 0.0 7.905712999999995 7.8712139999999975 0.0 1345.950443 localhost 0
FLASER 0  7.825712999999995 7.791213999999997 0.0 7.825712999999995 7.791213999999997 0.0 1346.170491 localhost 0
FLASER 0  7.745712999999995 7.731213999999998 0.0 7.745712999999995 7.731213999999998 0.0 1346.380314 localhost 0
FLASER 0  7.705712999999995 7.631213999999998 0.0 7.705712999999995 7.631213999999998 0.0 1346.591288 localhost 0
FLASER 0  7.625712999999995 7.551213999999998 0.0 7.625712999999995 7.551213999999998 0.0 1346.810592 localhost 0
FLASER 0  7.565712999999995 7.471213999999998 0.0 7.565712999999995 7.471213999999998 0.0 1347.020458 localhost 0
FLASER 0  7.525712999999995 7.371213999999998 0.0 7.525712999999995 7.371213999999998 0.0 1347.230903 localhost 0
FLASER 0  7.525712999999995 7.271213999999999 0.0 7.525712999999995 7.271213999999999 0.0 1347.45038 localhost 0
FLASER 0  7.485712999999995 7.1512139999999995 0.0 7.485712999999995 7.1512139999999995 0.0 1347.660235 localhost 0
FLASER 0  7.485712999999995 7.051214 0.0 7.485712999999995 7.051214 0.0 1347.870757 localhost 0
FLASER 0  7.505712999999995 6.931214000000001 0.0 7.505712999999995 6.931214000000001 0.0 1348.090724 localhost 0
FLASER 0  7.525712999999994 6.811214000000001 0.0 7.525712999999994 6.811214000000001 0.0 1348.300223 localhost 0
FLASER 0  7.545712999999994 6.711214000000002 0.0 7.545712999999994 6.711214000000002 0.0 1348.511108 localhost 0
FLASER 0  7.545712999999994 6.591214000000003 0.0 7.545712999999994 6.591214000000003 0.0 1348.730262 localhost 0
FLASER 0  7.545712999999994 6.491214000000003 0.0 7.545712999999994 6.491214000000003 0.0 1348.940289 localhost 0
FLASER 0  7.545712999999994 6.371214000000004 0.0 7.545712999999994 6.371214000000004 0.0 1349.160191 localhost 0
FLASER 0  7.5657129999999935 6.2512140000000045 0.0 7.5657129999999935 6.2512140000000045 0.0 1349.370669 localhost 0
FLASER 0  7.5657129999999935 6.151214000000005 0.0 7.5657129999999935 6.151214000000005 0.0 1349.590211 localhost 0
FLASER 0  7.545712999999994 6.051214000000005 0.0 7.545712999999994 6.051214000000005 0.0 1349.800165 localhost 0
FLASER 0  7.545712999999994 5.9512140000000056 0.0 7.545712999999994 5.9512140000000056 0.0 1350.010906 localhost 0
FLASER 0  7.545712999999994 5.831214000000006 0.0 7.545712999999994 5.831214000000006 0.0 1350.23062 localhost 0
FLASER 0  7.545712999999994 5.731214000000007 0.0 7.545712999999994 5.731214000000007 0.0 1350.440164 localhost 0
FLASER 0  7.505712999999994 5.631214000000007 0.0 7.505712999999994 5.631214000000007 0.0 1350.651255 localhost 0
FLASER 0  7.485712999999994 5.511214000000008 0.0 7.485712999999994 5.511214000000008 0.0 1350.860665 localhost 0
FLASER 0  7.465712999999995 5.391214000000009 0.0 7.465712999999995 5.391214000000009 0.0 1351.080174 localhost 0
FLASER 0  7.465712999999995 5.3112140000000085 0.0 7.465712999999995 5.3112140000000085 0.0 1351.290744 localhost 0
FLASER 0  7.445712999999995 5.191214000000009 0.0 7.445712999999995 5.191214000000009 0.0 1351.500248 localhost 0
FLASER 0  7.465712999999995 5.09121400000001 0.0 7.465712999999995 5.09121400000001 0.0 1351.720242 localhost 0
FLASER 0  7.465712999999995 4.9712140000000105 0.0 7.465712999999995 4.9712140000000105 0.0 1351.930872 localhost 0
FLASER 0  7.465712999999995 4.851214000000011 0.0 7.465712999999995 4.851214000000011 0.0 1352.140256 localhost 0
FLASER 0  7.485712999999994 4.751214000000012 0.0 7.485712999999994 4.751214000000012 0.0 1352.360209 localhost 0
FLASER 0  7.485712999999994 4.651214000000012 0.0 7.485712999999994 4.651214000000012 0.0 1352.570605 localhost 0
FLASER 0  7.505712999999994 4.531214000000013 0.0 7.505712999999994 4.531214000000013 0.0 1352.780263 localhost 0
FLASER 0  7.505712999999994 4.431214000000013 0.0 7.505712999999994 4.431214000000013 0.0 1353.000221 localhost 0
FLASER 0  7.525712999999993 4.311214000000014 0.0 7.525712999999993 4.311214000000014 0.0 1353.210634 localhost 0
FLASER 0  7.525712999999993 4.231214000000014 0.0 7.525712999999993 4.231214000000014 0.0 1353.42034 localhost 0
FLASER 0  7.505712999999994 4.111214000000015 0.0 7.505712999999994 4.111214000000015 0.0 1353.640598 localhost 0
FLASER 0  7.525712999999993 4.011214000000015 0.0 7.525712999999993 4.011214000000015 0.0 1353.850269 localhost 0
FLASER 0  7.505712999999994 3.871214000000015 0.0 7.505712999999994 3.871214000000015 0.0 1354.060294 localhost 0
FLASER 0  7.485712999999994 3.7712140000000147 0.0 7.485712999999994 3.7712140000000147 0.0 1354.280248 localhost 0
FLASER 0  7.485712999999994 3.6712140000000146 0.0 7.485712999999994 3.6712140000000146 0.0 1354.490648 localhost 0
FLASER 0  7.485712999999994 3.5512140000000145 0.0 7.485712999999994 3.5512140000000145 0.0 1354.710503 localhost 0
FLASER 0  7.505712999999994 3.4512140000000144 0.0 7.505712999999994 3.4512140000000144 0.0 1354.920222 localhost 0
FLASER 0  7.525712999999993 3.3312140000000143 0.0 7.525712999999993 3.3312140000000143 0.0 1355.131118 localhost 0
FLASER 0  7.5657129999999935 3.2312140000000142 0.0 7.5657129999999935 3.2312140000000142 0.0 1355.340286 localhost 0
FLASER 0  7.625712999999993 3.151214000000014 0.0 7.625712999999993 3.151214000000014 0.0 1355.560238 localhost 0
FLASER 0  7.685712999999993 3.071214000000014 0.0 7.685712999999993 3.071214000000014 0.0 1355.770982 localhost 0
FLASER 0  7.745712999999992 2.991214000000014 0.0 7.745712999999992 2.991214000000014 0.0 1355.980283 localhost 0
FLASER 0  7.825712999999992 2.891214000000014 0.0 7.825712999999992 2.891214000000014 0.0 1356.200253 localhost 0
FLASER 0  7.925712999999992 2.811214000000014 0.0 7.925712999999992 2.811214000000014 0.0 1356.410633 localhost 0
FLASER 0  8.005712999999993 2.751214000000014 0.0 8.005712999999993 2.751214000000014 0.0 1356.630303 localhost 0
FLASER 0  8.065712999999993 2.731214000000014 0.0 8.065712999999993 2.731214000000014 0.0 1356.840579 localhost 0
FLASER 0  8.145712999999994 2.731214000000014 0.0 8.145712999999994 2.731214000000014 0.0 1357.050614 localhost 0
FLASER 0  8.265712999999993 2.711214000000014 0.0 8.265712999999993 2.711214000000014 0.0 1357.270545 localhost 0
FLASER 0  8.385712999999992 2.731214000000014 0.0 8.385712999999992 2.731214000000014 0.0 1357.480203 localhost 0
FLASER 0  8.485712999999992 2.751214000000014 0.0 8.485712999999992 2.751214000000014 0.0 1357.691398 localhost 0
FLASER 0  8.545712999999992 2.771214000000014 0.0 8.545712999999992 2.771214000000014 0.0 1357.910556 localhost 0
FLASER 0  8.545712999999992 2.771214000000014 0.0 8.545712999999992 2.771214000000014 0.0 1358.120527 localhost 0
FLASER 0  8.545712999999992 2.751214000000014 0.0 8.545712999999992 2.751214000000014 0.0 1358.330244 localhost 0
FLASER 0  8.605712999999993 2.771214000000014 0.0 8.605712999999993 2.771214000000014 0.0 1358.550183 localhost 0
FLASER 0  8.665712999999993 2.851214000000014 0.0 8.665712999999993 2.851214000000014 0.0 1358.760594 localhost 0
FLASER 0  8.745712999999993 2.911214000000014 0.0 8.745712999999993 2.911214000000014 0.0 1358.971609 localhost 0
FLASER 0  8.845712999999993 2.971214000000014 0.0 8.845712999999993 2.971214000000014 0.0 1359.190885 localhost 0
FLASER 0  8.865712999999992 3.031214000000014 0.0 8.865712999999992 3.031214000000014 0.0 1359.400223 localhost 0
FLASER 0  8.865712999999992 3.031214000000014 0.0 8.865712999999992 3.031214000000014 0.0 1359.61031 localhost 0
FLASER 0  8.865712999999992 3.031214000000014 0.0 8.865712999999992 3.031214000000014 0.0 1359.830264 localhost 0
FLASER 0  8.885712999999992 3.071214000000014 0.0 8.885712999999992 3.071214000000014 0.0 1360.040167 localhost 0
FLASER 0  8.925712999999991 3.131214000000014 0.0 8.925712999999991 3.131214000000014 0.0 1360.251098 localhost 0
FLASER 0  8.985712999999992 3.2112140000000142 0.0 8.985712999999992 3.2112140000000142 0.0 1360.470239 localhost 0
FLASER 0  9.045712999999992 3.2912140000000143 0.0 9.045712999999992 3.2912140000000143 0.0 1360.68024 localhost 0
FLASER 0  9.085712999999991 3.4112140000000144 0.0 9.085712999999991 3.4112140000000144 0.0 1360.8903 localhost 0
FLASER 0  9.12571299999999 3.5312140000000145 0.0 9.12571299999999 3.5312140000000145 0.0 1361.110481 localhost 0
FLASER 0  9.185712999999991 3.6112140000000146 0.0 9.185712999999991 3.6112140000000146 0.0 1361.320223 localhost 0
FLASER 0  9.20571299999999 3.7112140000000147 0.0 9.20571299999999 3.7112140000000147 0.0 1361.540195 localhost 0
FLASER 0  9.20571299999999 3.8312140000000148 0.0 9.20571299999999 3.8312140000000148 0.0 1361.750598 localhost 0
FLASER 0  9.20571299999999 3.951214000000015 0.0 9.20571299999999 3.951214000000015 0.0 1361.96057 localhost 0
FLASER 0  9.20571299999999 4.0712140000000145 0.0 9.20571299999999 4.0712140000000145 0.0 1362.180195 localhost 0
FLASER 0  9.12571299999999 4.191214000000014 0.0 9.12571299999999 4.191214000000014 0.0 1362.390789 localhost 0
FLASER 0  9.12571299999999 4.291214000000013 0.0 9.12571299999999 4.291214000000013 0.0 1362.600244 localhost 0
FLASER 0  9.14571299999999 4.411214000000013 0.0 9.14571299999999 4.411214000000013 0.0 1362.820308 localhost 0
FLASER 0  9.16571299999999 4.511214000000012 0.0 9.16571299999999 4.511214000000012 0.0 1363.030696 localhost 0
FLASER 0  9.16571299999999 4.591214000000012 0.0 9.16571299999999 4.591214000000012 0.0 1363.24062 localhost 0
FLASER 0  9.18571299999999 4.591214000000012 0.0 9.18571299999999 4.591214000000012 0.0 1363.45092 localhost 0
FLASER 0  9.18571299999999 4.591214000000012 0.0 9.18571299999999 4.591214000000012 0.0 1363.670582 localhost 0
FLASER 0  9.16571299999999 4.631214000000012 0.0 9.16571299999999 4.631214000000012 0.0 1363.880227 localhost 0
FLASER 0  9.16571299999999 4.691214000000012 0.0 9.16571299999999 4.691214000000012 0.0 1364.090323 localhost 0
FLASER 0  9.205712999999989 4.771214000000012 0.0 9.205712999999989 4.771214000000012 0.0 1364.31086 localhost 0
FLASER 0  9.225712999999988 4.811214000000012 0.0 9.225712999999988 4.811214000000012 0.0 1364.520094 localhost 0
FLASER 0  9.225712999999988 4.831214000000012 0.0 9.225712999999988 4.831214000000012 0.0 1364.740793 localhost 0
FLASER 0  9.245712999999988 4.831214000000012 0.0 9.245712999999988 4.831214000000012 0.0 1364.950262 localhost 0
FLASER 0  9.265712999999987 4.831214000000012 0.0 9.265712999999987 4.831214000000012 0.0 1365.170596 localhost 0
FLASER 0  9.265712999999987 4.851214000000011 0.0 9.265712999999987 4.851214000000011 0.0 1365.590783 localhost 0
FLASER 0  9.265712999999987 4.811214000000011 0.0 9.265712999999987 4.811214000000011 0.0 1365.800209 localhost 0
FLASER 0  9.265712999999987 4.831214000000011 0.0 9.265712999999987 4.831214000000011 0.0 1366.020603 localhost 0
FLASER 0  9.325712999999988 4.831214000000011 0.0 9.325712999999988 4.831214000000011 0.0 1366.230635 localhost 0
FLASER 0  9.425712999999988 4.831214000000011 0.0 9.425712999999988 4.831214000000011 0.0 1366.440093 localhost 0
FLASER 0  9.525712999999987 4.85121400000001 0.0 9.525712999999987 4.85121400000001 0.0 1366.66076 localhost 0
FLASER 0  9.645712999999986 4.85121400000001 0.0 9.645712999999986 4.85121400000001 0.0 1366.871209 localhost 0
FLASER 0  9.725712999999987 4.89121400000001 0.0 9.725712999999987 4.89121400000001 0.0 1367.080234 localhost 0
FLASER 0  9.825712999999986 4.93121400000001 0.0 9.825712999999986 4.93121400000001 0.0 1367.300246 localhost 0
FLASER 0  9.925712999999986 4.9712140000000105 0.0 9.925712999999986 4.9712140000000105 0.0 1367.510599 localhost 0
FLASER 0  10.045712999999985 5.03121400000001 0.0 10.045712999999985 5.03121400000001 0.0 1367.7202 localhost 0
FLASER 0  10.145712999999985 5.09121400000001 0.0 10.145712999999985 5.09121400000001 0.0 1367.94019 localhost 0
FLASER 0  10.205712999999985 5.151214000000009 0.0 10.205712999999985 5.151214000000009 0.0 1368.150588 localhost 0
FLASER 0  10.205712999999985 5.13121400000001 0.0 10.205712999999985 5.13121400000001 0.0 1368.360243 localhost 0
FLASER 0  10.205712999999985 5.13121400000001 0.0 10.205712999999985 5.13121400000001 0.0 1368.570827 localhost 0
FLASER 0  10.205712999999985 5.11121400000001 0.0 10.205712999999985 5.11121400000001 0.0 1368.790584 localhost 0
FLASER 0  10.165712999999986 5.091214000000011 0.0 10.165712999999986 5.091214000000011 0.0 1369.00046 localhost 0
FLASER 0  10.105712999999986 5.0512140000000105 0.0 10.105712999999986 5.0512140000000105 0.0 1369.220155 localhost 0
FLASER 0  10.085712999999986 5.031214000000011 0.0 10.085712999999986 5.031214000000011 0.0 1369.430569 localhost 0
FLASER 0  10.085712999999986 5.031214000000011 0.0 10.085712999999986 5.031214000000011 0.0 1369.640358 localhost 0
FLASER 0  10.085712999999986 5.031214000000011 0.0 10.085712999999986 5.031214000000011 0.0 1369.860215 localhost 0
FLASER 0  10.085712999999986 5.031214000000011 0.0 10.085712999999986 5.031214000000011 0.0 1370.070225 localhost 0
FLASER 0  10.085712999999986 5.031214000000011 0.0 10.085712999999986 5.031214000000011 0.0 1370.280372 localhost 0
FLASER 0  10.085712999999986 5.031214000000011 0.0 10.085712999999986 5.031214000000011 0.0 1370.500156 localhost 0
FLASER 0  10.085712999999986 5.031214000000011 0.0 10.085712999999986 5.031214000000011 0.0 1370.710593 localhost 0
FLASER 0  10.085712999999986 5.031214000000011 0.0 10.085712999999986 5.031214000000011 0.0 1370.920162 localhost 0
FLASER 0  10.085712999999986 5.011214000000011 0.0 10.085712999999986 5.011214000000011 0.0 1371.140161 localhost 0
FLASER 0  10.085712999999986 5.011214000000011 0.0 10.085712999999986 5.011214000000011 0.0 1371.351 localhost 0
FLASER 0  10.085712999999986 5.031214000000011 0.0 10.085712999999986 5.031214000000011 0.0 1371.560237 localhost 0
FLASER 0  10.085712999999986 5.011214000000011 0.0 10.085712999999986 5.011214000000011 0.0 1371.780228 localhost 0
FLASER 0  10.065712999999986 4.991214000000012 0.0 10.065712999999986 4.991214000000012 0.0 1371.990883 localhost 0
FLASER 0  10.065712999999986 4.991214000000012 0.0 10.065712999999986 4.991214000000012 0.0 1372.210888 localhost 0
FLASER 0  10.065712999999986 5.011214000000011 0.0 10.065712999999986 5.011214000000011 0.0 1372.420637 localhost 0
FLASER 0  10.125712999999987 5.011214000000011 0.0 10.125712999999987 5.011214000000011 0.0 1372.631192 localhost 0
FLASER 0  10.205712999999987 5.051214000000011 0.0 10.205712999999987 5.051214000000011 0.0 1372.850637 localhost 0
FLASER 0  10.305712999999987 5.0912140000000115 0.0 10.305712999999987 5.0912140000000115 0.0 1373.060243 localhost 0
FLASER 0  10.425712999999986 5.111214000000011 0.0 10.425712999999986 5.111214000000011 0.0 1373.270337 localhost 0
FLASER 0  10.525712999999985 5.131214000000011 0.0 10.525712999999985 5.131214000000011 0.0 1373.480267 localhost 0
FLASER 0  10.585712999999986 5.131214000000011 0.0 10.585712999999986 5.131214000000011 0.0 1373.700179 localhost 0
FLASER 0  10.605712999999986 5.131214000000011 0.0 10.605712999999986 5.131214000000011 0.0 1373.910607 localhost 0
FLASER 0  10.605712999999986 5.131214000000011 0.0 10.605712999999986 5.131214000000011 0.0 1374.120248 localhost 0
FLASER 0  10.625712999999985 5.131214000000011 0.0 10.625712999999985 5.131214000000011 0.0 1374.340261 localhost 0
FLASER 0  10.645712999999985 5.15121400000001 0.0 10.645712999999985 5.15121400000001 0.0 1374.550847 localhost 0
FLASER 0  10.685712999999984 5.15121400000001 0.0 10.685712999999984 5.15121400000001 0.0 1374.770871 localhost 0
FLASER 0  10.765712999999984 5.15121400000001 0.0 10.765712999999984 5.15121400000001 0.0 1374.980803 localhost 0
FLASER 0  10.865712999999984 5.17121400000001 0.0 10.865712999999984 5.17121400000001 0.0 1375.190601 localhost 0
FLASER 0  11.005712999999982 5.17121400000001 0.0 11.005712999999982 5.17121400000001 0.0 1375.410674 localhost 0
FLASER 0  11.105712999999982 5.15121400000001 0.0 11.105712999999982 5.15121400000001 0.0 1375.620442 localhost 0
FLASER 0  11.205712999999982 5.131214000000011 0.0 11.205712999999982 5.131214000000011 0.0 1375.830588 localhost 0
FLASER 0  11.305712999999981 5.071214000000011 0.0 11.305712999999981 5.071214000000011 0.0 1376.040284 localhost 0
FLASER 0  11.385712999999981 5.011214000000011 0.0 11.385712999999981 5.011214000000011 0.0 1376.260249 localhost 0
FLASER 0  11.465712999999981 4.931214000000011 0.0 11.465712999999981 4.931214000000011 0.0 1376.470211 localhost 0
FLASER 0  11.545712999999981 4.851214000000011 0.0 11.545712999999981 4.851214000000011 0.0 1376.690304 localhost 0
FLASER 0  11.625712999999982 4.791214000000012 0.0 11.625712999999982 4.791214000000012 0.0 1376.900222 localhost 0
FLASER 0  11.645712999999981 4.671214000000012 0.0 11.645712999999981 4.671214000000012 0.0 1377.110571 localhost 0
FLASER 0  11.68571299999998 4.571214000000013 0.0 11.68571299999998 4.571214000000013 0.0 1377.330698 localhost 0
FLASER 0  11.70571299999998 4.4512140000000135 0.0 11.70571299999998 4.4512140000000135 0.0 1377.540235 localhost 0
FLASER 0  11.72571299999998 4.351214000000014 0.0 11.72571299999998 4.351214000000014 0.0 1377.750331 localhost 0
FLASER 0  11.72571299999998 4.231214000000015 0.0 11.72571299999998 4.231214000000015 0.0 1377.970276 localhost 0
FLASER 0  11.72571299999998 4.131214000000015 0.0 11.72571299999998 4.131214000000015 0.0 1378.180828 localhost 0
FLASER 0  11.72571299999998 4.011214000000016 0.0 11.72571299999998 4.011214000000016 0.0 1378.390544 localhost 0
FLASER 0  11.665712999999979 3.9112140000000157 0.0 11.665712999999979 3.9112140000000157 0.0 1378.610093 localhost 0
FLASER 0  11.64571299999998 3.6912140000000155 0.0 11.64571299999998 3.6912140000000155 0.0 1379.040552 localhost 0
FLASER 0  11.665712999999979 3.6312140000000155 0.0 11.665712999999979 3.6312140000000155 0.0 1379.241331 localhost 0
FLASER 0  11.64571299999998 3.5112140000000154 0.0 11.64571299999998 3.5112140000000154 0.0 1379.460618 localhost 0
FLASER 0  11.665712999999979 3.3912140000000153 0.0 11.665712999999979 3.3912140000000153 0.0 1379.670218 localhost 0
FLASER 0  11.705712999999978 3.291214000000015 0.0 11.705712999999978 3.291214000000015 0.0 1379.890244 localhost 0
FLASER 0  11.745712999999977 3.171214000000015 0.0 11.745712999999977 3.171214000000015 0.0 1380.100913 localhost 0
FLASER 0  11.785712999999976 3.091214000000015 0.0 11.785712999999976 3.091214000000015 0.0 1380.320772 localhost 0
FLASER 0  11.825712999999975 3.011214000000015 0.0 11.825712999999975 3.011214000000015 0.0 1380.530851 localhost 0
FLASER 0  11.805712999999976 2.931214000000015 0.0 11.805712999999976 2.931214000000015 0.0 1380.740413 localhost 0
FLASER 0  11.805712999999976 2.931214000000015 0.0 11.805712999999976 2.931214000000015 0.0 1380.950673 localhost 0
FLASER 0  11.805712999999976 2.911214000000015 0.0 11.805712999999976 2.911214000000015 0.0 1381.170366 localhost 0
FLASER 0  11.805712999999976 2.931214000000015 0.0 11.805712999999976 2.931214000000015 0.0 1381.380227 localhost 0
FLASER 0  11.805712999999976 2.931214000000015 0.0 11.805712999999976 2.931214000000015 0.0 1381.600044 localhost 0
FLASER 0  11.805712999999976 2.931214000000015 0.0 11.805712999999976 2.931214000000015 0.0 1381.810254 localhost 0
FLASER 0  11.785712999999976 2.951214000000015 0.0 11.785712999999976 2.951214000000015 0.0 1382.020186 localhost 0
FLASER 0  11.765712999999977 3.011214000000015 0.0 11.765712999999977 3.011214000000015 0.0 1382.230242 localhost 0
FLASER 0  11.745712999999977 3.051214000000015 0.0 11.745712999999977 3.051214000000015 0.0 1382.450273 localhost 0
FLASER 0  11.745712999999977 3.071214000000015 0.0 11.745712999999977 3.071214000000015 0.0 1382.660785 localhost 0
FLASER 0  11.765712999999977 3.071214000000015 0.0 11.765712999999977 3.071214000000015 0.0 1382.870874 localhost 0
FLASER 0  11.765712999999977 3.031214000000015 0.0 11.765712999999977 3.031214000000015 0.0 1383.09023 localhost 0
FLASER 0  11.765712999999977 2.971214000000015 0.0 11.765712999999977 2.971214000000015 0.0 1383.300701 localhost 0
FLASER 0  11.785712999999976 2.991214000000015 0.0 11.785712999999976 2.991214000000015 0.0 1383.510314 localhost 0
FLASER 0  11.785712999999976 2.991214000000015 0.0 11.785712999999976 2.991214000000015 0.0 1383.730591 localhost 0
FLASER 0  11.785712999999976 2.991214000000015 0.0 11.785712999999976 2.991214000000015 0.0 1383.940205 localhost 0
FLASER 0  11.805712999999976 2.971214000000015 0.0 11.805712999999976 2.971214000000015 0.0 1384.151513 localhost 0
FLASER 0  11.825712999999975 2.931214000000015 0.0 11.825712999999975 2.931214000000015 0.0 1384.370744 localhost 0
FLASER 0  11.825712999999975 2.951214000000015 0.0 11.825712999999975 2.951214000000015 0.0 1384.58024 localhost 0
FLASER 0  11.825712999999975 2.951214000000015 0.0 11.825712999999975 2.951214000000015 0.0 1384.800244 localhost 0
FLASER 0  11.825712999999975 2.951214000000015 0.0 11.825712999999975 2.951214000000015 0.0 1385.010248 localhost 0
FLASER 0  11.825712999999975 2.931214000000015 0.0 11.825712999999975 2.931214000000015 0.0 1385.220591 localhost 0
FLASER 0  11.825712999999975 2.931214000000015 0.0 11.825712999999975 2.931214000000015 0.0 1385.430232 localhost 0
FLASER 0  11.825712999999975 2.911214000000015 0.0 11.825712999999975 2.911214000000015 0.0 1385.650291 localhost 0
FLASER 0  11.825712999999975 2.971214000000015 0.0 11.825712999999975 2.971214000000015 0.0 1385.860518 localhost 0
FLASER 0  11.785712999999976 3.031214000000015 0.0 11.785712999999976 3.031214000000015 0.0 1386.081207 localhost 0
FLASER 0  11.765712999999977 3.051214000000015 0.0 11.765712999999977 3.051214000000015 0.0 1386.29008 localhost 0
FLASER 0  11.745712999999977 3.051214000000015 0.0 11.745712999999977 3.051214000000015 0.0 1386.500648 localhost 0
FLASER 0  11.765712999999977 3.031214000000015 0.0 11.765712999999977 3.031214000000015 0.0 1386.710276 localhost 0
FLASER 0  11.785712999999976 2.971214000000015 0.0 11.785712999999976 2.971214000000015 0.0 1386.930326 localhost 0
FLASER 0  11.845712999999977 2.931214000000015 0.0 11.845712999999977 2.931214000000015 0.0 1387.140297 localhost 0
FLASER 0  11.865712999999976 2.891214000000015 0.0 11.865712999999976 2.891214000000015 0.0 1387.360121 localhost 0
FLASER 0  11.865712999999976 2.851214000000015 0.0 11.865712999999976 2.851214000000015 0.0 1387.571007 localhost 0
FLASER 0  11.865712999999976 2.851214000000015 0.0 11.865712999999976 2.851214000000015 0.0 1387.780618 localhost 0
FLASER 0  11.865712999999976 2.851214000000015 0.0 11.865712999999976 2.851214000000015 0.0 1388.000268 localhost 0
FLASER 0  11.865712999999976 2.8312140000000148 0.0 11.865712999999976 2.8312140000000148 0.0 1388.210606 localhost 0
FLASER 0  11.865712999999976 2.8312140000000148 0.0 11.865712999999976 2.8312140000000148 0.0 1388.420256 localhost 0
FLASER 0  11.865712999999976 2.8312140000000148 0.0 11.865712999999976 2.8312140000000148 0.0 1388.640657 localhost 0
FLASER 0  11.885712999999976 2.8312140000000148 0.0 11.885712999999976 2.8312140000000148 0.0 1388.851009 localhost 0
FLASER 0  11.865712999999976 2.8312140000000148 0.0 11.865712999999976 2.8312140000000148 0.0 1389.060288 localhost 0
FLASER 0  11.865712999999976 2.851214000000015 0.0 11.865712999999976 2.851214000000015 0.0 1389.280289 localhost 0
FLASER 0  11.865712999999976 2.871214000000015 0.0 11.865712999999976 2.871214000000015 0.0 1389.490603 localhost 0
FLASER 0  11.845712999999977 2.871214000000015 0.0 11.845712999999977 2.871214000000015 0.0 1389.7002 localhost 0
FLASER 0  11.865712999999976 2.851214000000015 0.0 11.865712999999976 2.851214000000015 0.0 1389.920341 localhost 0
FLASER 0  11.865712999999976 2.851214000000015 0.0 11.865712999999976 2.851214000000015 0.0 1390.340059 localhost 0
FLASER 0  11.865712999999976 2.851214000000015 0.0 11.865712999999976 2.851214000000015 0.0 1390.560573 localhost 0
FLASER 0  11.885712999999976 2.7912140000000147 0.0 11.885712999999976 2.7912140000000147 0.0 1390.770752 localhost 0
FLASER 0  11.925712999999975 2.7112140000000147 0.0 11.925712999999975 2.7112140000000147 0.0 1390.980235 localhost 0
FLASER 0  11.945712999999975 2.6112140000000146 0.0 11.945712999999975 2.6112140000000146 0.0 1391.200222 localhost 0
FLASER 0  12.025712999999975 2.5312140000000145 0.0 12.025712999999975 2.5312140000000145 0.0 1391.41042 localhost 0
FLASER 0  12.065712999999974 2.4312140000000144 0.0 12.065712999999974 2.4312140000000144 0.0 1391.620168 localhost 0
FLASER 0  12.145712999999974 2.3112140000000143 0.0 12.145712999999974 2.3112140000000143 0.0 1391.840609 localhost 0
FLASER 0  12.205712999999974 2.2512140000000143 0.0 12.205712999999974 2.2512140000000143 0.0 1392.050262 localhost 0
FLASER 0  12.265712999999975 2.111214000000014 0.0 12.265712999999975 2.111214000000014 0.0 1392.261264 localhost 0
FLASER 0  12.325712999999975 2.091214000000014 0.0 12.325712999999975 2.091214000000014 0.0 1392.480234 localhost 0
FLASER 0  12.425712999999975 2.051214000000014 0.0 12.425712999999975 2.051214000000014 0.0 1392.69024 localhost 0
FLASER 0  12.505712999999975 2.011214000000014 0.0 12.505712999999975 2.011214000000014 0.0 1392.910169 localhost 0
FLASER 0  12.605712999999975 1.951214000000014 0.0 12.605712999999975 1.951214000000014 0.0 1393.121234 localhost 0
FLASER 0  12.705712999999974 1.931214000000014 0.0 12.705712999999974 1.931214000000014 0.0 1393.330172 localhost 0
FLASER 0  12.805712999999974 1.911214000000014 0.0 12.805712999999974 1.911214000000014 0.0 1393.541085 localhost 0
FLASER 0  12.925712999999973 1.911214000000014 0.0 12.925712999999973 1.911214000000014 0.0 1393.760659 localhost 0
FLASER 0  13.045712999999973 1.931214000000014 0.0 13.045712999999973 1.931214000000014 0.0 1393.970225 localhost 0
FLASER 0  13.125712999999973 1.971214000000014 0.0 13.125712999999973 1.971214000000014 0.0 1394.180263 localhost 0
FLASER 0  13.205712999999973 2.031214000000014 0.0 13.205712999999973 2.031214000000014 0.0 1394.401521 localhost 0
FLASER 0  13.305712999999972 2.071214000000014 0.0 13.305712999999972 2.071214000000014 0.0 1394.610252 localhost 0
FLASER 0  13.325712999999972 2.111214000000014 0.0 13.325712999999972 2.111214000000014 0.0 1394.820559 localhost 0
FLASER 0  13.325712999999972 2.091214000000014 0.0 13.325712999999972 2.091214000000014 0.0 1395.041561 localhost 0
FLASER 0  13.285712999999973 2.051214000000014 0.0 13.285712999999973 2.051214000000014 0.0 1395.250274 localhost 0
FLASER 0  13.225712999999972 1.991214000000014 0.0 13.225712999999972 1.991214000000014 0.0 1395.460605 localhost 0
FLASER 0  13.145712999999972 1.931214000000014 0.0 13.145712999999972 1.931214000000014 0.0 1395.680596 localhost 0
FLASER 0  13.065712999999972 1.851214000000014 0.0 13.065712999999972 1.851214000000014 0.0 1395.89021 localhost 0
FLASER 0  12.985712999999972 1.7712140000000138 0.0 12.985712999999972 1.7712140000000138 0.0 1396.110216 localhost 0
FLASER 0  12.925712999999972 1.6912140000000138 0.0 12.925712999999972 1.6912140000000138 0.0 1396.320306 localhost 0
FLASER 0  12.845712999999972 1.6112140000000137 0.0 12.845712999999972 1.6112140000000137 0.0 1396.530237 localhost 0
FLASER 0  12.845712999999972 1.6112140000000137 0.0 12.845712999999972 1.6112140000000137 0.0 1396.750299 localhost 0
FLASER 0  12.845712999999972 1.5912140000000137 0.0 12.845712999999972 1.5912140000000137 0.0 1396.960587 localhost 0
FLASER 0  12.825712999999972 1.5712140000000137 0.0 12.825712999999972 1.5712140000000137 0.0 1397.170731 localhost 0
FLASER 0  12.785712999999973 1.5512140000000136 0.0 12.785712999999973 1.5512140000000136 0.0 1397.391143 localhost 0
FLASER 0  12.805712999999972 1.5712140000000137 0.0 12.805712999999972 1.5712140000000137 0.0 1397.600313 localhost 0
FLASER 0  12.785712999999973 1.5512140000000136 0.0 12.785712999999973 1.5512140000000136 0.0 1397.810611 localhost 0
FLASER 0  12.805712999999972 1.5712140000000137 0.0 12.805712999999972 1.5712140000000137 0.0 1398.030612 localhost 0
FLASER 0  12.825712999999972 1.6512140000000137 0.0 12.825712999999972 1.6512140000000137 0.0 1398.240262 localhost 0
FLASER 0  12.865712999999971 1.7512140000000138 0.0 12.865712999999971 1.7512140000000138 0.0 1398.450673 localhost 0
FLASER 0  12.865712999999971 1.7912140000000139 0.0 12.865712999999971 1.7912140000000139 0.0 1398.670628 localhost 0
FLASER 0  12.865712999999971 1.7912140000000139 0.0 12.865712999999971 1.7912140000000139 0.0 1398.880346 localhost 0
FLASER 0  12.88571299999997 1.7912140000000139 0.0 12.88571299999997 1.7912140000000139 0.0 1399.090654 localhost 0
FLASER 0  12.88571299999997 1.8112140000000139 0.0 12.88571299999997 1.8112140000000139 0.0 1399.310522 localhost 0
FLASER 0  12.865712999999971 1.8312140000000139 0.0 12.865712999999971 1.8312140000000139 0.0 1399.520276 localhost 0
FLASER 0  12.845712999999972 1.8312140000000139 0.0 12.845712999999972 1.8312140000000139 0.0 1399.73061 localhost 0
FLASER 0  12.805712999999972 1.871214000000014 0.0 12.805712999999972 1.871214000000014 0.0 1399.950981 localhost 0
FLASER 0  12.725712999999972 1.951214000000014 0.0 12.725712999999972 1.951214000000014 0.0 1400.160264 localhost 0
FLASER 0  12.665712999999972 2.031214000000014 0.0 12.665712999999972 2.031214000000014 0.0 1400.380199 localhost 0
FLASER 0  12.565712999999972 2.091214000000014 0.0 12.565712999999972 2.091214000000014 0.0 1400.590667 localhost 0
FLASER 0  12.465712999999973 2.151214000000014 0.0 12.465712999999973 2.151214000000014 0.0 1400.800311 localhost 0
FLASER 0  12.385712999999972 2.191214000000014 0.0 12.385712999999972 2.191214000000014 0.0 1401.010993 localhost 0
FLASER 0  12.305712999999972 2.2712140000000143 0.0 12.305712999999972 2.2712140000000143 0.0 1401.230219 localhost 0
FLASER 0  12.185712999999973 2.3312140000000143 0.0 12.185712999999973 2.3312140000000143 0.0 1401.440494 localhost 0
FLASER 0  12.125712999999973 2.4312140000000144 0.0 12.125712999999973 2.4312140000000144 0.0 1401.650254 localhost 0
FLASER 0  12.065712999999972 2.5312140000000145 0.0 12.065712999999972 2.5312140000000145 0.0 1401.87025 localhost 0
FLASER 0  12.005712999999972 2.6112140000000146 0.0 12.005712999999972 2.6112140000000146 0.0 1402.080591 localhost 0
FLASER 0  11.925712999999972 2.7112140000000147 0.0 11.925712999999972 2.7112140000000147 0.0 1402.290241 localhost 0
FLASER 0  11.885712999999972 2.8112140000000148 0.0 11.885712999999972 2.8112140000000148 0.0 1402.510228 localhost 0
FLASER 0  11.865712999999973 2.851214000000015 0.0 11.865712999999973 2.851214000000015 0.0 1402.720805 localhost 0
FLASER 0  11.845712999999973 2.891214000000015 0.0 11.845712999999973 2.891214000000015 0.0 1403.150234 localhost 0
FLASER 0  11.765712999999973 2.991214000000015 0.0 11.765712999999973 2.991214000000015 0.0 1403.360872 localhost 0
FLASER 0  11.765712999999973 3.091214000000015 0.0 11.765712999999973 3.091214000000015 0.0 1403.570233 localhost 0
FLASER 0  11.725712999999974 3.171214000000015 0.0 11.725712999999974 3.171214000000015 0.0 1403.790189 localhost 0
FLASER 0  11.645712999999974 3.251214000000015 0.0 11.645712999999974 3.251214000000015 0.0 1404.000587 localhost 0
FLASER 0  11.565712999999974 3.3712140000000153 0.0 11.565712999999974 3.3712140000000153 0.0 1404.210251 localhost 0
FLASER 0  11.525712999999975 3.4712140000000153 0.0 11.525712999999975 3.4712140000000153 0.0 1404.430192 localhost 0
FLASER 0  11.525712999999975 3.6112140000000155 0.0 11.525712999999975 3.6112140000000155 0.0 1404.64027 localhost 0
FLASER 0  11.545712999999974 3.7112140000000156 0.0 11.545712999999974 3.7112140000000156 0.0 1404.850585 localhost 0
FLASER 0  11.585712999999974 3.7912140000000156 0.0 11.585712999999974 3.7912140000000156 0.0 1405.070395 localhost 0
FLASER 0  11.585712999999974 3.8912140000000157 0.0 11.585712999999974 3.8912140000000157 0.0 1405.280327 localhost 0
FLASER 0  11.665712999999974 3.971214000000016 0.0 11.665712999999974 3.971214000000016 0.0 1405.490315 localhost 0
FLASER 0  11.725712999999974 4.031214000000015 0.0 11.725712999999974 4.031214000000015 0.0 1405.71067 localhost 0
FLASER 0  11.785712999999975 4.131214000000015 0.0 11.785712999999975 4.131214000000015 0.0 1405.920245 localhost 0
FLASER 0  11.865712999999975 4.191214000000015 0.0 11.865712999999975 4.191214000000015 0.0 1406.140256 localhost 0
FLASER 0  11.985712999999974 4.191214000000015 0.0 11.985712999999974 4.191214000000015 0.0 1406.350503 localhost 0
FLASER 0  12.105712999999973 4.211214000000014 0.0 12.105712999999973 4.211214000000014 0.0 1406.560555 localhost 0
FLASER 0  12.225712999999972 4.251214000000014 0.0 12.225712999999972 4.251214000000014 0.0 1406.770615 localhost 0
FLASER 0  12.325712999999972 4.251214000000014 0.0 12.325712999999972 4.251214000000014 0.0 1406.990618 localhost 0
FLASER 0  12.445712999999971 4.251214000000014 0.0 12.445712999999971 4.251214000000014 0.0 1407.20035 localhost 0
FLASER 0  12.54571299999997 4.231214000000015 0.0 12.54571299999997 4.231214000000015 0.0 1407.420221 localhost 0
FLASER 0  12.64571299999997 4.231214000000015 0.0 12.64571299999997 4.231214000000015 0.0 1407.63086 localhost 0
FLASER 0  12.76571299999997 4.231214000000015 0.0 12.76571299999997 4.231214000000015 0.0 1407.840343 localhost 0
FLASER 0  12.86571299999997 4.171214000000015 0.0 12.86571299999997 4.171214000000015 0.0 1408.060317 localhost 0
FLASER 0  12.985712999999969 4.191214000000015 0.0 12.985712999999969 4.191214000000015 0.0 1408.270277 localhost 0
FLASER 0  13.085712999999968 4.211214000000014 0.0 13.085712999999968 4.211214000000014 0.0 1408.480324 localhost 0
FLASER 0  13.165712999999968 4.231214000000014 0.0 13.165712999999968 4.231214000000014 0.0 1408.700196 localhost 0
FLASER 0  13.265712999999968 4.251214000000013 0.0 13.265712999999968 4.251214000000013 0.0 1408.910289 localhost 0
FLASER 0  13.365712999999968 4.271214000000013 0.0 13.365712999999968 4.271214000000013 0.0 1409.120234 localhost 0
FLASER 0  13.465712999999967 4.2912140000000125 0.0 13.465712999999967 4.2912140000000125 0.0 1409.340996 localhost 0
FLASER 0  13.485712999999967 4.311214000000012 0.0 13.485712999999967 4.311214000000012 0.0 1409.550651 localhost 0
FLASER 0  13.485712999999967 4.2912140000000125 0.0 13.485712999999967 4.2912140000000125 0.0 1409.760356 localhost 0
FLASER 0  13.485712999999967 4.2912140000000125 0.0 13.485712999999967 4.2912140000000125 0.0 1409.980581 localhost 0
FLASER 0  13.465712999999967 4.2912140000000125 0.0 13.465712999999967 4.2912140000000125 0.0 1410.190334 localhost 0
FLASER 0  13.425712999999968 4.2912140000000125 0.0 13.425712999999968 4.2912140000000125 0.0 1410.41019 localhost 0
FLASER 0  13.325712999999968 4.2512140000000125 0.0 13.325712999999968 4.2512140000000125 0.0 1410.620611 localhost 0
FLASER 0  13.20571299999997 4.2512140000000125 0.0 13.20571299999997 4.2512140000000125 0.0 1410.830347 localhost 0
FLASER 0  13.08571299999997 4.231214000000013 0.0 13.08571299999997 4.231214000000013 0.0 1411.050257 localhost 0
FLASER 0  12.98571299999997 4.211214000000013 0.0 12.98571299999997 4.211214000000013 0.0 1411.260225 localhost 0
FLASER 0  12.865712999999971 4.191214000000014 0.0 12.865712999999971 4.191214000000014 0.0 1411.470581 localhost 0
FLASER 0  12.765712999999971 4.191214000000014 0.0 12.765712999999971 4.191214000000014 0.0 1411.690255 localhost 0
FLASER 0  12.665712999999972 4.151214000000014 0.0 12.665712999999972 4.151214000000014 0.0 1411.900959 localhost 0
FLASER 0  12.565712999999972 4.171214000000013 0.0 12.565712999999972 4.171214000000013 0.0 1412.110415 localhost 0
FLASER 0  12.545712999999973 4.191214000000013 0.0 12.545712999999973 4.191214000000013 0.0 1412.320582 localhost 0
FLASER 0  12.565712999999972 4.171214000000013 0.0 12.565712999999972 4.171214000000013 0.0 1412.54056 localhost 0
FLASER 0  12.605712999999971 4.191214000000013 0.0 12.605712999999971 4.191214000000013 0.0 1412.750882 localhost 0
FLASER 0  12.72571299999997 4.2512140000000125 0.0 12.72571299999997 4.2512140000000125 0.0 1412.960453 localhost 0
FLASER 0  12.72571299999997 4.271214000000012 0.0 12.72571299999997 4.271214000000012 0.0 1413.39024 localhost 0
FLASER 0  12.72571299999997 4.271214000000012 0.0 12.72571299999997 4.271214000000012 0.0 1413.600204 localhost 0
FLASER 0  12.74571299999997 4.271214000000012 0.0 12.74571299999997 4.271214000000012 0.0 1413.820159 localhost 0
FLASER 0  12.74571299999997 4.291214000000012 0.0 12.74571299999997 4.291214000000012 0.0 1414.030541 localhost 0
FLASER 0  12.80571299999997 4.311214000000011 0.0 12.80571299999997 4.311214000000011 0.0 1414.250474 localhost 0
FLASER 0  12.82571299999997 4.351214000000011 0.0 12.82571299999997 4.351214000000011 0.0 1414.460219 localhost 0
FLASER 0  12.82571299999997 4.351214000000011 0.0 12.82571299999997 4.351214000000011 0.0 1414.670278 localhost 0
FLASER 0  12.84571299999997 4.351214000000011 0.0 12.84571299999997 4.351214000000011 0.0 1414.890285 localhost 0
FLASER 0  12.84571299999997 4.351214000000011 0.0 12.84571299999997 4.351214000000011 0.0 1415.100167 localhost 0
FLASER 0  12.84571299999997 4.351214000000011 0.0 12.84571299999997 4.351214000000011 0.0 1415.310898 localhost 0
FLASER 0  12.84571299999997 4.351214000000011 0.0 12.84571299999997 4.351214000000011 0.0 1415.530177 localhost 0
FLASER 0  12.82571299999997 4.371214000000011 0.0 12.82571299999997 4.371214000000011 0.0 1415.740248 localhost 0
FLASER 0  12.80571299999997 4.371214000000011 0.0 12.80571299999997 4.371214000000011 0.0 1415.951099 localhost 0
FLASER 0  12.80571299999997 4.371214000000011 0.0 12.80571299999997 4.371214000000011 0.0 1416.17051 localhost 0
FLASER 0  12.80571299999997 4.371214000000011 0.0 12.80571299999997 4.371214000000011 0.0 1416.380225 localhost 0
FLASER 0  12.785712999999971 4.371214000000011 0.0 12.785712999999971 4.371214000000011 0.0 1416.590322 localhost 0
FLASER 0  12.80571299999997 4.371214000000011 0.0 12.80571299999997 4.371214000000011 0.0 1416.811096 localhost 0
FLASER 0  12.785712999999971 4.371214000000011 0.0 12.785712999999971 4.371214000000011 0.0 1417.020248 localhost 0
FLASER 0  12.785712999999971 4.351214000000011 0.0 12.785712999999971 4.351214000000011 0.0 1417.230723 localhost 0
FLASER 0  12.745712999999972 4.351214000000011 0.0 12.745712999999972 4.351214000000011 0.0 1417.450905 localhost 0
FLASER 0  12.685712999999971 4.411214000000011 0.0 12.685712999999971 4.411214000000011 0.0 1417.660216 localhost 0
FLASER 0  12.585712999999972 4.491214000000011 0.0 12.585712999999972 4.491214000000011 0.0 1417.870599 localhost 0
FLASER 0  12.485712999999972 4.5512140000000105 0.0 12.485712999999972 4.5512140000000105 0.0 1418.080259 localhost 0
FLASER 0  12.385712999999972 4.591214000000011 0.0 12.385712999999972 4.591214000000011 0.0 1418.300244 localhost 0
FLASER 0  12.285712999999973 4.631214000000011 0.0 12.285712999999973 4.631214000000011 0.0 1418.510565 localhost 0
FLASER 0  12.185712999999973 4.65121400000001 0.0 12.185712999999973 4.65121400000001 0.0 1418.720282 localhost 0
FLASER 0  12.085712999999974 4.67121400000001 0.0 12.085712999999974 4.67121400000001 0.0 1418.940276 localhost 0
FLASER 0  11.965712999999974 4.691214000000009 0.0 11.965712999999974 4.691214000000009 0.0 1419.150721 localhost 0
FLASER 0  11.885712999999974 4.751214000000009 0.0 11.885712999999974 4.751214000000009 0.0 1419.370576 localhost 0
FLASER 0  11.865712999999975 4.751214000000009 0.0 11.865712999999975 4.751214000000009 0.0 1419.580247 localhost 0
FLASER 0  11.865712999999975 4.731214000000009 0.0 11.865712999999975 4.731214000000009 0.0 1419.790834 localhost 0
FLASER 0  11.845712999999975 4.731214000000009 0.0 11.845712999999975 4.731214000000009 0.0 1420.010629 localhost 0
FLASER 0  11.805712999999976 4.811214000000009 0.0 11.805712999999976 4.811214000000009 0.0 1420.220251 localhost 0
FLASER 0  11.705712999999976 4.8512140000000095 0.0 11.705712999999976 4.8512140000000095 0.0 1420.430645 localhost 0
FLASER 0  11.645712999999976 4.951214000000009 0.0 11.645712999999976 4.951214000000009 0.0 1420.650699 localhost 0
FLASER 0  11.545712999999976 5.011214000000009 0.0 11.545712999999976 5.011214000000009 0.0 1420.860285 localhost 0
FLASER 0  11.465712999999976 5.031214000000008 0.0 11.465712999999976 5.031214000000008 0.0 1421.071172 localhost 0
FLASER 0  11.445712999999976 5.011214000000009 0.0 11.445712999999976 5.011214000000009 0.0 1421.290645 localhost 0
FLASER 0  11.385712999999976 5.011214000000009 0.0 11.385712999999976 5.011214000000009 0.0 1421.71028 localhost 0
FLASER 0  11.305712999999976 5.031214000000008 0.0 11.305712999999976 5.031214000000008 0.0 1421.930933 localhost 0
FLASER 0  11.205712999999976 5.011214000000009 0.0 11.205712999999976 5.011214000000009 0.0 1422.140617 localhost 0
FLASER 0  11.105712999999977 5.011214000000009 0.0 11.105712999999977 5.011214000000009 0.0 1422.350138 localhost 0
FLASER 0  11.005712999999977 5.011214000000009 0.0 11.005712999999977 5.011214000000009 0.0 1422.570315 localhost 0
FLASER 0  10.885712999999978 5.011214000000009 0.0 10.885712999999978 5.011214000000009 0.0 1422.780257 localhost 0
FLASER 0  10.765712999999979 5.051214000000009 0.0 10.765712999999979 5.051214000000009 0.0 1423.000203 localhost 0
FLASER 0  10.665712999999979 5.071214000000008 0.0 10.665712999999979 5.071214000000008 0.0 1423.210606 localhost 0
FLASER 0  10.585712999999979 5.111214000000008 0.0 10.585712999999979 5.111214000000008 0.0 1423.420237 localhost 0
FLASER 0  10.46571299999998 5.171214000000008 0.0 10.46571299999998 5.171214000000008 0.0 1423.630448 localhost 0
FLASER 0  10.36571299999998 5.231214000000008 0.0 10.36571299999998 5.231214000000008 0.0 1423.85171 localhost 0
FLASER 0  10.24571299999998 5.271214000000008 0.0 10.24571299999998 5.271214000000008 0.0 1424.060228 localhost 0
FLASER 0  10.145712999999981 5.311214000000008 0.0 10.145712999999981 5.311214000000008 0.0 1424.270652 localhost 0
FLASER 0  10.025712999999982 5.351214000000008 0.0 10.025712999999982 5.351214000000008 0.0 1424.490569 localhost 0
FLASER 0  9.925712999999982 5.331214000000008 0.0 9.925712999999982 5.331214000000008 0.0 1424.700225 localhost 0
FLASER 0  9.825712999999983 5.3112140000000085 0.0 9.825712999999983 5.3112140000000085 0.0 1424.9202 localhost 0
FLASER 0  9.705712999999983 5.331214000000008 0.0 9.705712999999983 5.331214000000008 0.0 1425.130766 localhost 0
FLASER 0  9.605712999999984 5.331214000000008 0.0 9.605712999999984 5.331214000000008 0.0 1425.340592 localhost 0
FLASER 0  9.505712999999984 5.331214000000008 0.0 9.505712999999984 5.331214000000008 0.0 1425.550702 localhost 0
FLASER 0  9.405712999999984 5.351214000000008 0.0 9.405712999999984 5.351214000000008 0.0 1425.770298 localhost 0
FLASER 0  9.285712999999985 5.371214000000007 0.0 9.285712999999985 5.371214000000007 0.0 1425.980084 localhost 0
FLASER 0  9.185712999999986 5.371214000000007 0.0 9.185712999999986 5.371214000000007 0.0 1426.200167 localhost 0
FLASER 0  9.085712999999986 5.371214000000007 0.0 9.085712999999986 5.371214000000007 0.0 1426.411689 localhost 0
FLASER 0  8.945712999999987 5.391214000000007 0.0 8.945712999999987 5.391214000000007 0.0 1426.620223 localhost 0
FLASER 0  8.845712999999988 5.411214000000006 0.0 8.845712999999988 5.411214000000006 0.0 1426.830699 localhost 0
FLASER 0  8.745712999999988 5.451214000000006 0.0 8.745712999999988 5.451214000000006 0.0 1427.050901 localhost 0
FLASER 0  8.645712999999988 5.4912140000000065 0.0 8.645712999999988 5.4912140000000065 0.0 1427.260231 localhost 0
FLASER 0  8.545712999999989 5.5712140000000065 0.0 8.545712999999989 5.5712140000000065 0.0 1427.470594 localhost 0
FLASER 0  8.485712999999988 5.611214000000007 0.0 8.485712999999988 5.611214000000007 0.0 1427.69113 localhost 0
FLASER 0  8.405712999999988 5.691214000000007 0.0 8.405712999999988 5.691214000000007 0.0 1427.900258 localhost 0
FLASER 0  8.305712999999988 5.771214000000007 0.0 8.305712999999988 5.771214000000007 0.0 1428.110985 localhost 0
FLASER 0  8.225712999999988 5.851214000000007 0.0 8.225712999999988 5.851214000000007 0.0 1428.330599 localhost 0
FLASER 0  8.145712999999988 5.911214000000006 0.0 8.145712999999988 5.911214000000006 0.0 1428.540606 localhost 0
FLASER 0  8.045712999999989 5.971214000000006 0.0 8.045712999999989 5.971214000000006 0.0 1428.760543 localhost 0
FLASER 0  7.945712999999989 6.011214000000006 0.0 7.945712999999989 6.011214000000006 0.0 1428.970253 localhost 0
FLASER 0  7.865712999999989 6.091214000000006 0.0 7.865712999999989 6.091214000000006 0.0 1429.180623 localhost 0
FLASER 0  7.805712999999989 6.171214000000006 0.0 7.805712999999989 6.171214000000006 0.0 1429.390276 localhost 0
FLASER 0  7.74571299999999 6.251214000000006 0.0 7.74571299999999 6.251214000000006 0.0 1429.610212 localhost 0
FLASER 0  7.66571299999999 6.331214000000006 0.0 7.66571299999999 6.331214000000006 0.0 1429.820619 localhost 0
FLASER 0  7.60571299999999 6.431214000000006 0.0 7.60571299999999 6.431214000000006 0.0 1430.040268 localhost 0
FLASER 0  7.56571299999999 6.531214000000006 0.0 7.56571299999999 6.531214000000006 0.0 1430.250298 localhost 0
FLASER 0  7.56571299999999 6.651214000000005 0.0 7.56571299999999 6.651214000000005 0.0 1430.460557 localhost 0
FLASER 0  7.56571299999999 6.771214000000004 0.0 7.56571299999999 6.771214000000004 0.0 1430.680246 localhost 0
FLASER 0  7.60571299999999 6.891214000000003 0.0 7.60571299999999 6.891214000000003 0.0 1430.890263 localhost 0
FLASER 0  7.66571299999999 6.991214000000003 0.0 7.66571299999999 6.991214000000003 0.0 1431.100267 localhost 0
FLASER 0  7.685712999999989 7.071214000000003 0.0 7.685712999999989 7.071214000000003 0.0 1431.320647 localhost 0
FLASER 0  7.725712999999989 7.171214000000003 0.0 7.725712999999989 7.171214000000003 0.0 1431.530221 localhost 0
FLASER 0  7.785712999999989 7.251214000000003 0.0 7.785712999999989 7.251214000000003 0.0 1431.740331 localhost 0
FLASER 0  7.865712999999989 7.311214000000002 0.0 7.865712999999989 7.311214000000002 0.0 1431.960694 localhost 0
FLASER 0  7.9657129999999885 7.371214000000002 0.0 7.9657129999999885 7.371214000000002 0.0 1432.170265 localhost 0
FLASER 0  8.105712999999987 7.411214000000002 0.0 8.105712999999987 7.411214000000002 0.0 1432.380768 localhost 0
FLASER 0  8.205712999999987 7.4312140000000015 0.0 8.205712999999987 7.4312140000000015 0.0 1432.600512 localhost 0
FLASER 0  8.305712999999987 7.471214000000002 0.0 8.305712999999987 7.471214000000002 0.0 1432.810225 localhost 0
FLASER 0  8.425712999999986 7.471214000000002 0.0 8.425712999999986 7.471214000000002 0.0 1433.020639 localhost 0
FLASER 0  8.525712999999985 7.491214000000001 0.0 8.525712999999985 7.491214000000001 0.0 1433.240613 localhost 0
FLASER 0  8.645712999999985 7.491214000000001 0.0 8.645712999999985 7.491214000000001 0.0 1433.450273 localhost 0
FLASER 0  8.765712999999984 7.511214000000001 0.0 8.765712999999984 7.511214000000001 0.0 1433.66078 localhost 0
FLASER 0  8.845712999999984 7.571214 0.0 8.845712999999984 7.571214 0.0 1433.880602 localhost 0
FLASER 0  8.945712999999984 7.611214 0.0 8.945712999999984 7.611214 0.0 1434.090262 localhost 0
FLASER 0  9.065712999999983 7.631214 0.0 9.065712999999983 7.631214 0.0 1434.300469 localhost 0
FLASER 0  9.165712999999982 7.6512139999999995 0.0 9.165712999999982 7.6512139999999995 0.0 1434.52048 localhost 0
FLASER 0  9.265712999999982 7.6912139999999996 0.0 9.265712999999982 7.6912139999999996 0.0 1434.730219 localhost 0
FLASER 0  9.385712999999981 7.731214 0.0 9.385712999999981 7.731214 0.0 1434.940786 localhost 0
FLASER 0  9.465712999999981 7.751213999999999 0.0 9.465712999999981 7.751213999999999 0.0 1435.160928 localhost 0
FLASER 0  9.58571299999998 7.771213999999999 0.0 9.58571299999998 7.771213999999999 0.0 1435.370247 localhost 0
FLASER 0  9.68571299999998 7.771213999999999 0.0 9.68571299999998 7.771213999999999 0.0 1435.580624 localhost 0
FLASER 0  9.78571299999998 7.791213999999998 0.0 9.78571299999998 7.791213999999998 0.0 1435.800532 localhost 0
FLASER 0  9.90571299999998 7.811213999999998 0.0 9.90571299999998 7.811213999999998 0.0 1436.010201 localhost 0
FLASER 0  10.025712999999978 7.791213999999998 0.0 10.025712999999978 7.791213999999998 0.0 1436.230171 localhost 0
FLASER 0  10.225712999999978 7.791213999999998 0.0 10.225712999999978 7.791213999999998 0.0 1436.440582 localhost 0
FLASER 0  10.325712999999977 7.791213999999998 0.0 10.325712999999977 7.791213999999998 0.0 1436.86081 localhost 0
FLASER 0  10.445712999999976 7.791213999999998 0.0 10.445712999999976 7.791213999999998 0.0 1437.080579 localhost 0
FLASER 0  10.565712999999976 7.771213999999999 0.0 10.565712999999976 7.771213999999999 0.0 1437.290254 localhost 0
FLASER 0  10.665712999999975 7.751213999999999 0.0 10.665712999999975 7.751213999999999 0.0 1437.501149 localhost 0
FLASER 0  10.765712999999975 7.771213999999999 0.0 10.765712999999975 7.771213999999999 0.0 1437.720857 localhost 0
FLASER 0  10.865712999999975 7.771213999999999 0.0 10.865712999999975 7.771213999999999 0.0 1437.930218 localhost 0
FLASER 0  10.985712999999974 7.771213999999999 0.0 10.985712999999974 7.771213999999999 0.0 1438.140619 localhost 0
FLASER 0  11.105712999999973 7.771213999999999 0.0 11.105712999999973 7.771213999999999 0.0 1438.360592 localhost 0
FLASER 0  11.205712999999973 7.791213999999998 0.0 11.205712999999973 7.791213999999998 0.0 1438.570192 localhost 0
FLASER 0  11.325712999999972 7.811213999999998 0.0 11.325712999999972 7.811213999999998 0.0 1438.790251 localhost 0
FLASER 0  11.445712999999971 7.8312139999999975 0.0 11.445712999999971 7.8312139999999975 0.0 1439.000855 localhost 0
FLASER 0  11.54571299999997 7.8312139999999975 0.0 11.54571299999997 7.8312139999999975 0.0 1439.220587 localhost 0
FLASER 0  11.64571299999997 7.851213999999997 0.0 11.64571299999997 7.851213999999997 0.0 1439.430267 localhost 0
FLASER 0  11.76571299999997 7.871213999999997 0.0 11.76571299999997 7.871213999999997 0.0 1439.640613 localhost 0
FLASER 0  11.86571299999997 7.851213999999997 0.0 11.86571299999997 7.851213999999997 0.0 1439.861078 localhost 0
FLASER 0  11.985712999999969 7.871213999999997 0.0 11.985712999999969 7.871213999999997 0.0 1440.070261 localhost 0
FLASER 0  12.085712999999968 7.871213999999997 0.0 12.085712999999968 7.871213999999997 0.0 1440.280585 localhost 0
FLASER 0  12.205712999999967 7.891213999999996 0.0 12.205712999999967 7.891213999999996 0.0 1440.490257 localhost 0
FLASER 0  12.305712999999967 7.911213999999996 0.0 12.305712999999967 7.911213999999996 0.0 1440.710259 localhost 0
FLASER 0  12.405712999999967 7.931213999999995 0.0 12.405712999999967 7.931213999999995 0.0 1440.920618 localhost 0
FLASER 0  12.545712999999965 7.951213999999995 0.0 12.545712999999965 7.951213999999995 0.0 1441.130256 localhost 0
FLASER 0  12.625712999999966 7.951213999999995 0.0 12.625712999999966 7.951213999999995 0.0 1441.350268 localhost 0
FLASER 0  12.745712999999965 7.9712139999999945 0.0 12.745712999999965 7.9712139999999945 0.0 1441.560348 localhost 0
FLASER 0  12.845712999999964 7.951213999999995 0.0 12.845712999999964 7.951213999999995 0.0 1441.770763 localhost 0
FLASER 0  12.945712999999964 7.9712139999999945 0.0 12.945712999999964 7.9712139999999945 0.0 1441.991257 localhost 0
FLASER 0  13.065712999999963 7.9712139999999945 0.0 13.065712999999963 7.9712139999999945 0.0 1442.200223 localhost 0
FLASER 0  13.165712999999963 7.991213999999994 0.0 13.165712999999963 7.991213999999994 0.0 1442.410597 localhost 0
FLASER 0  13.285712999999962 8.011213999999994 0.0 13.285712999999962 8.011213999999994 0.0 1442.630471 localhost 0
FLASER 0  13.385712999999962 8.011213999999994 0.0 13.385712999999962 8.011213999999994 0.0 1442.840644 localhost 0
FLASER 0  13.505712999999961 8.011213999999994 0.0 13.505712999999961 8.011213999999994 0.0 1443.050313 localhost 0
FLASER 0  13.585712999999961 8.011213999999994 0.0 13.585712999999961 8.011213999999994 0.0 1443.270239 localhost 0
FLASER 0  13.70571299999996 8.031213999999993 0.0 13.70571299999996 8.031213999999993 0.0 1443.480625 localhost 0
FLASER 0  13.80571299999996 8.031213999999993 0.0 13.80571299999996 8.031213999999993 0.0 1443.700613 localhost 0
FLASER 0  13.92571299999996 8.031213999999993 0.0 13.92571299999996 8.031213999999993 0.0 1443.910206 localhost 0
FLASER 0  14.045712999999958 8.051213999999993 0.0 14.045712999999958 8.051213999999993 0.0 1444.120839 localhost 0
FLASER 0  14.145712999999958 8.051213999999993 0.0 14.145712999999958 8.051213999999993 0.0 1444.330201 localhost 0
FLASER 0  14.245712999999958 8.051213999999993 0.0 14.245712999999958 8.051213999999993 0.0 1444.550248 localhost 0
FLASER 0  14.345712999999957 8.071213999999992 0.0 14.345712999999957 8.071213999999992 0.0 1444.76036 localhost 0
FLASER 0  14.485712999999956 8.091213999999992 0.0 14.485712999999956 8.091213999999992 0.0 1444.970242 localhost 0
FLASER 0  14.565712999999956 8.071213999999992 0.0 14.565712999999956 8.071213999999992 0.0 1445.190224 localhost 0
FLASER 0  14.685712999999955 8.071213999999992 0.0 14.685712999999955 8.071213999999992 0.0 1445.400471 localhost 0
FLASER 0  14.805712999999955 8.091213999999992 0.0 14.805712999999955 8.091213999999992 0.0 1445.610175 localhost 0
FLASER 0  14.885712999999955 8.071213999999992 0.0 14.885712999999955 8.071213999999992 0.0 1445.830175 localhost 0
FLASER 0  15.025712999999953 8.091213999999992 0.0 15.025712999999953 8.091213999999992 0.0 1446.040228 localhost 0
FLASER 0  15.125712999999953 8.071213999999992 0.0 15.125712999999953 8.071213999999992 0.0 1446.250948 localhost 0
FLASER 0  15.225712999999953 8.071213999999992 0.0 15.225712999999953 8.071213999999992 0.0 1446.470394 localhost 0
FLASER 0  15.325712999999952 8.051213999999993 0.0 15.325712999999952 8.051213999999993 0.0 1446.680227 localhost 0
FLASER 0  15.425712999999952 8.051213999999993 0.0 15.425712999999952 8.051213999999993 0.0 1446.890292 localhost 0
FLASER 0  15.545712999999951 8.051213999999993 0.0 15.545712999999951 8.051213999999993 0.0 1447.110311 localhost 0
FLASER 0  15.645712999999951 8.031213999999993 0.0 15.645712999999951 8.031213999999993 0.0 1447.320228 localhost 0
FLASER 0  15.76571299999995 8.011213999999994 0.0 15.76571299999995 8.011213999999994 0.0 1447.530078 localhost 0
FLASER 0  15.86571299999995 8.011213999999994 0.0 15.86571299999995 8.011213999999994 0.0 1447.750257 localhost 0
FLASER 0  15.96571299999995 7.991213999999994 0.0 15.96571299999995 7.991213999999994 0.0 1447.960557 localhost 0
FLASER 0  16.105712999999948 8.011213999999994 0.0 16.105712999999948 8.011213999999994 0.0 1448.170218 localhost 0
FLASER 0  16.18571299999995 8.011213999999994 0.0 16.18571299999995 8.011213999999994 0.0 1448.390211 localhost 0
FLASER 0  16.34571299999995 8.031213999999993 0.0 16.34571299999995 8.031213999999993 0.0 1448.600581 localhost 0
FLASER 0  16.405712999999952 8.051213999999993 0.0 16.405712999999952 8.051213999999993 0.0 1448.810221 localhost 0
FLASER 0  16.525712999999953 8.091213999999992 0.0 16.525712999999953 8.091213999999992 0.0 1449.03017 localhost 0
FLASER 0  16.605712999999955 8.111213999999991 0.0 16.605712999999955 8.111213999999991 0.0 1449.24045 localhost 0
FLASER 0  16.725712999999956 8.15121399999999 0.0 16.725712999999956 8.15121399999999 0.0 1449.450843 localhost 0
FLASER 0  16.865712999999957 8.17121399999999 0.0 16.865712999999957 8.17121399999999 0.0 1449.670859 localhost 0
FLASER 0  16.96571299999996 8.19121399999999 0.0 16.96571299999996 8.19121399999999 0.0 1449.88087 localhost 0
FLASER 0  17.04571299999996 8.21121399999999 0.0 17.04571299999996 8.21121399999999 0.0 1450.090298 localhost 0
FLASER 0  17.06571299999996 8.21121399999999 0.0 17.06571299999996 8.21121399999999 0.0 1450.310261 localhost 0
FLASER 0  17.06571299999996 8.21121399999999 0.0 17.06571299999996 8.21121399999999 0.0 1450.520585 localhost 0
FLASER 0  17.04571299999996 8.21121399999999 0.0 17.04571299999996 8.21121399999999 0.0 1450.740673 localhost 0
FLASER 0  16.96571299999996 8.19121399999999 0.0 16.96571299999996 8.19121399999999 0.0 1450.950274 localhost 0
FLASER 0  16.905712999999956 8.17121399999999 0.0 16.905712999999956 8.17121399999999 0.0 1451.160824 localhost 0
FLASER 0  16.785712999999955 8.131213999999991 0.0 16.785712999999955 8.131213999999991 0.0 1451.380587 localhost 0
FLASER 0  16.705712999999953 8.111213999999991 0.0 16.705712999999953 8.111213999999991 0.0 1451.590262 localhost 0
FLASER 0  16.705712999999953 8.091213999999992 0.0 16.705712999999953 8.091213999999992 0.0 1451.800843 localhost 0
FLASER 0  16.725712999999953 8.131213999999991 0.0 16.725712999999953 8.131213999999991 0.0 1452.020598 localhost 0
FLASER 0  16.785712999999955 8.17121399999999 0.0 16.785712999999955 8.17121399999999 0.0 1452.230263 localhost 0
FLASER 0  16.825712999999954 8.27121399999999 0.0 16.825712999999954 8.27121399999999 0.0 1452.440623 localhost 0
FLASER 0  16.845712999999957 8.311213999999989 0.0 16.845712999999957 8.311213999999989 0.0 1452.660605 localhost 0
FLASER 0  16.845712999999957 8.311213999999989 0.0 16.845712999999957 8.311213999999989 0.0 1452.870261 localhost 0
FLASER 0  16.845712999999957 8.311213999999989 0.0 16.845712999999957 8.311213999999989 0.0 1453.081186 localhost 0
FLASER 0  16.845712999999957 8.311213999999989 0.0 16.845712999999957 8.311213999999989 0.0 1453.3007 localhost 0
FLASER 0  16.845712999999957 8.331213999999989 0.0 16.845712999999957 8.331213999999989 0.0 1453.510263 localhost 0
FLASER 0  16.845712999999957 8.331213999999989 0.0 16.845712999999957 8.331213999999989 0.0 1453.720592 localhost 0
FLASER 0  16.845712999999957 8.311213999999989 0.0 16.845712999999957 8.311213999999989 0.0 1453.94061 localhost 0
FLASER 0  16.845712999999957 8.311213999999989 0.0 16.845712999999957 8.311213999999989 0.0 1454.150629 localhost 0
FLASER 0  16.845712999999957 8.331213999999989 0.0 16.845712999999957 8.331213999999989 0.0 1454.360621 localhost 0
FLASER 0  16.845712999999957 8.311213999999989 0.0 16.845712999999957 8.311213999999989 0.0 1454.580602 localhost 0
FLASER 0  16.845712999999957 8.311213999999989 0.0 16.845712999999957 8.311213999999989 0.0 1454.790262 localhost 0
FLASER 0  16.845712999999957 8.311213999999989 0.0 16.845712999999957 8.311213999999989 0.0 1455.000356 localhost 0
FLASER 0  16.845712999999957 8.331213999999989 0.0 16.845712999999957 8.331213999999989 0.0 1455.22091 localhost 0
FLASER 0  16.845712999999957 8.331213999999989 0.0 16.845712999999957 8.331213999999989 0.0 1455.430255 localhost 0
FLASER 0  16.845712999999957 8.411213999999989 0.0 16.845712999999957 8.411213999999989 0.0 1455.641434 localhost 0
FLASER 0  16.845712999999957 8.511213999999988 0.0 16.845712999999957 8.511213999999988 0.0 1455.861576 localhost 0
FLASER 0  16.845712999999957 8.611213999999988 0.0 16.845712999999957 8.611213999999988 0.0 1456.070483 localhost 0
FLASER 0  16.865712999999957 8.731213999999987 0.0 16.865712999999957 8.731213999999987 0.0 1456.280442 localhost 0
FLASER 0  16.865712999999957 8.831213999999987 0.0 16.865712999999957 8.831213999999987 0.0 1456.50051 localhost 0
FLASER 0  16.885712999999956 8.931213999999986 0.0 16.885712999999956 8.931213999999986 0.0 1456.710239 localhost 0
FLASER 0  16.885712999999956 9.031213999999986 0.0 16.885712999999956 9.031213999999986 0.0 1456.920389 localhost 0
FLASER 0  16.885712999999956 9.151213999999985 0.0 16.885712999999956 9.151213999999985 0.0 1457.140386 localhost 0
FLASER 0  16.885712999999956 9.251213999999985 0.0 16.885712999999956 9.251213999999985 0.0 1457.350617 localhost 0
FLASER 0  16.865712999999957 9.351213999999985 0.0 16.865712999999957 9.351213999999985 0.0 1457.560421 localhost 0
FLASER 0  16.845712999999957 9.471213999999984 0.0 16.845712999999957 9.471213999999984 0.0 1457.780932 localhost 0
FLASER 0  16.805712999999958 9.571213999999983 0.0 16.805712999999958 9.571213999999983 0.0 1457.990597 localhost 0
FLASER 0  16.76571299999996 9.671213999999983 0.0 16.76571299999996 9.671213999999983 0.0 1458.210212 localhost 0
FLASER 0  16.72571299999996 9.771213999999983 0.0 16.72571299999996 9.771213999999983 0.0 1458.420499 localhost 0
FLASER 0  16.68571299999996 9.891213999999982 0.0 16.68571299999996 9.891213999999982 0.0 1458.630201 localhost 0
FLASER 0  16.68571299999996 9.971213999999982 0.0 16.68571299999996 9.971213999999982 0.0 1458.840884 localhost 0
FLASER 0  16.66571299999996 10.091213999999981 0.0 16.66571299999996 10.091213999999981 0.0 1459.060563 localhost 0
FLASER 0  16.66571299999996 10.21121399999998 0.0 16.66571299999996 10.21121399999998 0.0 1459.27021 localhost 0
FLASER 0  16.66571299999996 10.31121399999998 0.0 16.66571299999996 10.31121399999998 0.0 1459.49019 localhost 0
FLASER 0  16.66571299999996 10.41121399999998 0.0 16.66571299999996 10.41121399999998 0.0 1459.701707 localhost 0
FLASER 0  16.64571299999996 10.51121399999998 0.0 16.64571299999996 10.51121399999998 0.0 1459.910238 localhost 0
FLASER 0  16.625712999999962 10.631213999999979 0.0 16.625712999999962 10.631213999999979 0.0 1460.130194 localhost 0
FLASER 0  16.625712999999962 10.731213999999978 0.0 16.625712999999962 10.731213999999978 0.0 1460.34055 localhost 0
FLASER 0  16.605712999999962 10.851213999999977 0.0 16.605712999999962 10.851213999999977 0.0 1460.550282 localhost 0
FLASER 0  16.605712999999962 10.951213999999977 0.0 16.605712999999962 10.951213999999977 0.0 1460.760601 localhost 0
FLASER 0  16.585712999999963 11.051213999999977 0.0 16.585712999999963 11.051213999999977 0.0 1460.980524 localhost 0
FLASER 0  16.585712999999963 11.151213999999976 0.0 16.585712999999963 11.151213999999976 0.0 1461.190047 localhost 0
FLASER 0  16.585712999999963 11.271213999999976 0.0 16.585712999999963 11.271213999999976 0.0 1461.410269 localhost 0
FLASER 0  16.605712999999962 11.371213999999975 0.0 16.605712999999962 11.371213999999975 0.0 1461.620334 localhost 0
FLASER 0  16.625712999999962 11.471213999999975 0.0 16.625712999999962 11.471213999999975 0.0 1461.841025 localhost 0
FLASER 0  16.665712999999965 11.571213999999975 0.0 16.665712999999965 11.571213999999975 0.0 1462.050266 localhost 0
FLASER 0  16.685712999999964 11.691213999999974 0.0 16.685712999999964 11.691213999999974 0.0 1462.260656 localhost 0
FLASER 0  16.705712999999964 11.791213999999973 0.0 16.705712999999964 11.791213999999973 0.0 1462.47029 localhost 0
FLASER 0  16.705712999999964 11.911213999999973 0.0 16.705712999999964 11.911213999999973 0.0 1462.690355 localhost 0
FLASER 0  16.705712999999964 11.991213999999973 0.0 16.705712999999964 11.991213999999973 0.0 1462.900618 localhost 0
FLASER 0  16.685712999999964 12.051213999999973 0.0 16.685712999999964 12.051213999999973 0.0 1463.110288 localhost 0
FLASER 0  16.685712999999964 12.111213999999974 0.0 16.685712999999964 12.111213999999974 0.0 1463.330349 localhost 0
FLASER 0  16.685712999999964 12.091213999999974 0.0 16.685712999999964 12.091213999999974 0.0 1463.540258 localhost 0
FLASER 0  16.685712999999964 12.111213999999974 0.0 16.685712999999964 12.111213999999974 0.0 1463.750315 localhost 0
FLASER 0  16.665712999999965 12.171213999999974 0.0 16.665712999999965 12.171213999999974 0.0 1463.970375 localhost 0
FLASER 0  16.645712999999965 12.311213999999973 0.0 16.645712999999965 12.311213999999973 0.0 1464.18082 localhost 0
FLASER 0  16.665712999999965 12.391213999999973 0.0 16.665712999999965 12.391213999999973 0.0 1464.390293 localhost 0
FLASER 0  16.665712999999965 12.491213999999973 0.0 16.665712999999965 12.491213999999973 0.0 1464.61037 localhost 0
FLASER 0  16.705712999999967 12.531213999999972 0.0 16.705712999999967 12.531213999999972 0.0 1464.820584 localhost 0
FLASER 0  16.74571299999997 12.611213999999972 0.0 16.74571299999997 12.611213999999972 0.0 1465.040573 localhost 0
FLASER 0  16.805712999999972 12.711213999999972 0.0 16.805712999999972 12.711213999999972 0.0 1465.250282 localhost 0
FLASER 0  16.865712999999975 12.791213999999972 0.0 16.865712999999975 12.791213999999972 0.0 1465.460732 localhost 0
FLASER 0  16.925712999999977 12.91121399999997 0.0 16.925712999999977 12.91121399999997 0.0 1465.680283 localhost 0
FLASER 0  17.00571299999998 12.991213999999971 0.0 17.00571299999998 12.991213999999971 0.0 1465.890272 localhost 0
FLASER 0  17.085712999999977 13.11121399999997 0.0 17.085712999999977 13.11121399999997 0.0 1466.100586 localhost 0
FLASER 0  17.10571299999998 13.17121399999997 0.0 17.10571299999998 13.17121399999997 0.0 1466.310279 localhost 0
FLASER 0  17.185712999999982 13.29121399999997 0.0 17.185712999999982 13.29121399999997 0.0 1466.530265 localhost 0
FLASER 0  17.225712999999985 13.37121399999997 0.0 17.225712999999985 13.37121399999997 0.0 1466.740695 localhost 0
FLASER 0  17.285712999999983 13.47121399999997 0.0 17.285712999999983 13.47121399999997 0.0 1466.95027 localhost 0
FLASER 0  17.285712999999983 13.47121399999997 0.0 17.285712999999983 13.47121399999997 0.0 1467.170235 localhost 0
FLASER 0  17.285712999999983 13.43121399999997 0.0 17.285712999999983 13.43121399999997 0.0 1467.380624 localhost 0
FLASER 0  17.245712999999984 13.391213999999971 0.0 17.245712999999984 13.391213999999971 0.0 1467.590403 localhost 0
FLASER 0  17.20571299999998 13.291213999999972 0.0 17.20571299999998 13.291213999999972 0.0 1467.810621 localhost 0
FLASER 0  17.185712999999982 13.271213999999972 0.0 17.185712999999982 13.271213999999972 0.0 1468.020231 localhost 0
FLASER 0  17.185712999999982 13.271213999999972 0.0 17.185712999999982 13.271213999999972 0.0 1468.230242 localhost 0
FLASER 0  17.185712999999982 13.271213999999972 0.0 17.185712999999982 13.271213999999972 0.0 1468.450267 localhost 0
FLASER 0  17.185712999999982 13.271213999999972 0.0 17.185712999999982 13.271213999999972 0.0 1468.660577 localhost 0
FLASER 0  17.20571299999998 13.271213999999972 0.0 17.20571299999998 13.271213999999972 0.0 1468.870554 localhost 0
FLASER 0  17.185712999999982 13.271213999999972 0.0 17.185712999999982 13.271213999999972 0.0 1469.090244 localhost 0
FLASER 0  17.185712999999982 13.291213999999972 0.0 17.185712999999982 13.291213999999972 0.0 1469.300603 localhost 0
FLASER 0  17.185712999999982 13.291213999999972 0.0 17.185712999999982 13.291213999999972 0.0 1469.520556 localhost 0
FLASER 0  17.165712999999982 13.351213999999972 0.0 17.165712999999982 13.351213999999972 0.0 1469.730246 localhost 0
FLASER 0  17.125712999999983 13.431213999999972 0.0 17.125712999999983 13.431213999999972 0.0 1469.941822 localhost 0
FLASER 0  17.065712999999985 13.371213999999972 0.0 17.065712999999985 13.371213999999972 0.0 1470.160551 localhost 0
FLASER 0  17.105712999999984 13.41121399999997 0.0 17.105712999999984 13.41121399999997 0.0 1470.370234 localhost 0
FLASER 0  17.105712999999984 13.41121399999997 0.0 17.105712999999984 13.41121399999997 0.0 1470.580932 localhost 0
FLASER 0  17.125712999999983 13.41121399999997 0.0 17.125712999999983 13.41121399999997 0.0 1470.790277 localhost 0
FLASER 0  17.085712999999984 13.35121399999997 0.0 17.085712999999984 13.35121399999997 0.0 1471.01024 localhost 0
FLASER 0  17.165712999999986 13.311213999999971 0.0 17.165712999999986 13.311213999999971 0.0 1471.220213 localhost 0
FLASER 0  17.245712999999988 13.25121399999997 0.0 17.245712999999988 13.25121399999997 0.0 1471.440534 localhost 0
FLASER 0  17.245712999999988 13.25121399999997 0.0 17.245712999999988 13.25121399999997 0.0 1471.650375 localhost 0
FLASER 0  17.20571299999999 13.27121399999997 0.0 17.20571299999999 13.27121399999997 0.0 1471.861107 localhost 0
FLASER 0  17.185712999999986 13.25121399999997 0.0 17.185712999999986 13.25121399999997 0.0 1472.080579 localhost 0
FLASER 0  17.085712999999988 13.25121399999997 0.0 17.085712999999988 13.25121399999997 0.0 1472.290267 localhost 0
FLASER 0  16.965712999999987 13.231213999999971 0.0 16.965712999999987 13.231213999999971 0.0 1472.500683 localhost 0
FLASER 0  16.885712999999985 13.211213999999972 0.0 16.885712999999985 13.211213999999972 0.0 1472.720833 localhost 0
FLASER 0  16.905712999999988 13.231213999999971 0.0 16.905712999999988 13.231213999999971 0.0 1472.93027 localhost 0
FLASER 0  17.02571299999999 13.25121399999997 0.0 17.02571299999999 13.25121399999997 0.0 1473.150257 localhost 0
FLASER 0  17.12571299999999 13.311213999999971 0.0 17.12571299999999 13.311213999999971 0.0 1473.360585 localhost 0
FLASER 0  17.16571299999999 13.371213999999972 0.0 17.16571299999999 13.371213999999972 0.0 1473.570267 localhost 0
FLASER 0  17.16571299999999 13.371213999999972 0.0 17.16571299999999 13.371213999999972 0.0 1473.780202 localhost 0
FLASER 0  17.16571299999999 13.371213999999972 0.0 17.16571299999999 13.371213999999972 0.0 1474.001127 localhost 0
FLASER 0  17.12571299999999 13.291213999999972 0.0 17.12571299999999 13.291213999999972 0.0 1474.210978 localhost 0
FLASER 0  17.10571299999999 13.211213999999972 0.0 17.10571299999999 13.211213999999972 0.0 1474.420251 localhost 0
FLASER 0  17.12571299999999 13.211213999999972 0.0 17.12571299999999 13.211213999999972 0.0 1474.640254 localhost 0
FLASER 0  17.12571299999999 13.191213999999972 0.0 17.12571299999999 13.191213999999972 0.0 1474.850718 localhost 0
FLASER 0  17.085712999999988 13.131213999999972 0.0 17.085712999999988 13.131213999999972 0.0 1475.070564 localhost 0
FLASER 0  17.04571299999999 13.031213999999972 0.0 17.04571299999999 13.031213999999972 0.0 1475.280205 localhost 0
FLASER 0  17.00571299999999 12.931213999999972 0.0 17.00571299999999 12.931213999999972 0.0 1475.490917 localhost 0
FLASER 0  16.945712999999987 12.831213999999973 0.0 16.945712999999987 12.831213999999973 0.0 1475.710593 localhost 0
FLASER 0  16.905712999999988 12.751213999999973 0.0 16.905712999999988 12.751213999999973 0.0 1475.920247 localhost 0
FLASER 0  16.865712999999985 12.651213999999973 0.0 16.865712999999985 12.651213999999973 0.0 1476.130737 localhost 0
FLASER 0  16.805712999999983 12.451213999999974 0.0 16.805712999999983 12.451213999999974 0.0 1476.560477 localhost 0
FLASER 0  16.765712999999984 12.351213999999974 0.0 16.765712999999984 12.351213999999974 0.0 1476.770284 localhost 0
FLASER 0  16.72571299999998 12.251213999999974 0.0 16.72571299999998 12.251213999999974 0.0 1476.990193 localhost 0
FLASER 0  16.685712999999982 12.131213999999975 0.0 16.685712999999982 12.131213999999975 0.0 1477.200646 localhost 0
FLASER 0  16.665712999999982 12.011213999999976 0.0 16.665712999999982 12.011213999999976 0.0 1477.410268 localhost 0
FLASER 0  16.645712999999983 11.911213999999976 0.0 16.645712999999983 11.911213999999976 0.0 1477.620631 localhost 0
FLASER 0  16.645712999999983 11.811213999999977 0.0 16.645712999999983 11.811213999999977 0.0 1477.840597 localhost 0
FLASER 0  16.645712999999983 11.691213999999977 0.0 16.645712999999983 11.691213999999977 0.0 1478.050305 localhost 0
FLASER 0  16.645712999999983 11.591213999999978 0.0 16.645712999999983 11.591213999999978 0.0 1478.26104 localhost 0
FLASER 0  16.645712999999983 11.471213999999978 0.0 16.645712999999983 11.471213999999978 0.0 1478.481314 localhost 0
FLASER 0  16.645712999999983 11.371213999999979 0.0 16.645712999999983 11.371213999999979 0.0 1478.69023 localhost 0
FLASER 0  16.625712999999983 11.23121399999998 0.0 16.625712999999983 11.23121399999998 0.0 1478.910176 localhost 0
FLASER 0  16.645712999999983 11.17121399999998 0.0 16.645712999999983 11.17121399999998 0.0 1479.120811 localhost 0
FLASER 0  16.665712999999982 11.05121399999998 0.0 16.665712999999982 11.05121399999998 0.0 1479.330245 localhost 0
FLASER 0  16.685712999999982 10.931213999999981 0.0 16.685712999999982 10.931213999999981 0.0 1479.540887 localhost 0
FLASER 0  16.70571299999998 10.851213999999981 0.0 16.70571299999998 10.851213999999981 0.0 1479.760229 localhost 0
FLASER 0  16.765712999999984 10.79121399999998 0.0 16.765712999999984 10.79121399999998 0.0 1479.970237 localhost 0
FLASER 0  16.765712999999984 10.751213999999981 0.0 16.765712999999984 10.751213999999981 0.0 1480.181003 localhost 0
FLASER 0  16.845712999999986 10.671213999999981 0.0 16.845712999999986 10.671213999999981 0.0 1480.400282 localhost 0
FLASER 0  16.88571299999999 10.571213999999982 0.0 16.88571299999999 10.571213999999982 0.0 1480.61029 localhost 0
FLASER 0  16.94571299999999 10.471213999999982 0.0 16.94571299999999 10.471213999999982 0.0 1480.830166 localhost 0
FLASER 0  16.98571299999999 10.371213999999982 0.0 16.98571299999999 10.371213999999982 0.0 1481.040618 localhost 0
FLASER 0  17.00571299999999 10.251213999999983 0.0 17.00571299999999 10.251213999999983 0.0 1481.250636 localhost 0
FLASER 0  17.00571299999999 10.131213999999984 0.0 17.00571299999999 10.131213999999984 0.0 1481.470213 localhost 0
FLASER 0  17.00571299999999 10.011213999999985 0.0 17.00571299999999 10.011213999999985 0.0 1481.680946 localhost 0
FLASER 0  17.00571299999999 9.891213999999986 0.0 17.00571299999999 9.891213999999986 0.0 1481.890217 localhost 0
FLASER 0  17.00571299999999 9.791213999999986 0.0 17.00571299999999 9.791213999999986 0.0 1482.100882 localhost 0
FLASER 0  16.965712999999987 9.671213999999987 0.0 16.965712999999987 9.671213999999987 0.0 1482.320251 localhost 0
FLASER 0  16.905712999999984 9.591213999999987 0.0 16.905712999999984 9.591213999999987 0.0 1482.530277 localhost 0
FLASER 0  16.88571299999998 9.491213999999987 0.0 16.88571299999998 9.491213999999987 0.0 1482.750267 localhost 0
FLASER 0  16.845712999999982 9.371213999999988 0.0 16.845712999999982 9.371213999999988 0.0 1482.960585 localhost 0
FLASER 0  16.805712999999983 9.291213999999988 0.0 16.805712999999983 9.291213999999988 0.0 1483.170254 localhost 0
FLASER 0  16.765712999999984 9.171213999999988 0.0 16.765712999999984 9.171213999999988 0.0 1483.390246 localhost 0
FLASER 0  16.765712999999984 9.091213999999988 0.0 16.765712999999984 9.091213999999988 0.0 1483.600584 localhost 0
FLASER 0  16.765712999999984 8.97121399999999 0.0 16.765712999999984 8.97121399999999 0.0 1483.810278 localhost 0
FLASER 0  16.785712999999983 8.87121399999999 0.0 16.785712999999983 8.87121399999999 0.0 1484.030212 localhost 0
FLASER 0  16.825712999999983 8.83121399999999 0.0 16.825712999999983 8.83121399999999 0.0 1484.240907 localhost 0
FLASER 0  16.845712999999982 8.791213999999991 0.0 16.845712999999982 8.791213999999991 0.0 1484.450273 localhost 0
FLASER 0  16.86571299999998 8.711213999999991 0.0 16.86571299999998 8.711213999999991 0.0 1484.670207 localhost 0
FLASER 0  16.945712999999984 8.65121399999999 0.0 16.945712999999984 8.65121399999999 0.0 1484.880799 localhost 0
FLASER 0  17.045712999999985 8.57121399999999 0.0 17.045712999999985 8.57121399999999 0.0 1485.100683 localhost 0
FLASER 0  17.145712999999986 8.51121399999999 0.0 17.145712999999986 8.51121399999999 0.0 1485.310187 localhost 0
FLASER 0  17.245712999999988 8.471213999999991 0.0 17.245712999999988 8.471213999999991 0.0 1485.520635 localhost 0
FLASER 0  17.30571299999999 8.41121399999999 0.0 17.30571299999999 8.41121399999999 0.0 1485.73032 localhost 0
FLASER 0  17.42571299999999 8.35121399999999 0.0 17.42571299999999 8.35121399999999 0.0 1485.950223 localhost 0
FLASER 0  17.525712999999993 8.33121399999999 0.0 17.525712999999993 8.33121399999999 0.0 1486.160646 localhost 0
FLASER 0  17.645712999999994 8.27121399999999 0.0 17.645712999999994 8.27121399999999 0.0 1486.370266 localhost 0
FLASER 0  17.765712999999995 8.23121399999999 0.0 17.765712999999995 8.23121399999999 0.0 1486.590258 localhost 0
FLASER 0  17.865712999999996 8.191213999999992 0.0 17.865712999999996 8.191213999999992 0.0 1486.800854 localhost 0
FLASER 0  17.945712999999998 8.151213999999992 0.0 17.945712999999998 8.151213999999992 0.0 1487.010385 localhost 0
FLASER 0  18.065713 8.111213999999993 0.0 18.065713 8.111213999999993 0.0 1487.230241 localhost 0
FLASER 0  18.165713 8.071213999999994 0.0 18.165713 8.071213999999994 0.0 1487.440938 localhost 0
FLASER 0  18.285713 8.011213999999994 0.0 18.285713 8.011213999999994 0.0 1487.650308 localhost 0
FLASER 0  18.365713000000003 7.991213999999994 0.0 18.365713000000003 7.991213999999994 0.0 1487.870235 localhost 0
FLASER 0  18.465713000000004 7.9712139999999945 0.0 18.465713000000004 7.9712139999999945 0.0 1488.08062 localhost 0
FLASER 0  18.565713000000006 7.9712139999999945 0.0 18.565713000000006 7.9712139999999945 0.0 1488.300603 localhost 0
FLASER 0  18.685713000000007 7.951213999999995 0.0 18.685713000000007 7.951213999999995 0.0 1488.510215 localhost 0
FLASER 0  18.78571300000001 7.931213999999995 0.0 18.78571300000001 7.931213999999995 0.0 1488.720966 localhost 0
FLASER 0  18.88571300000001 7.911213999999996 0.0 18.88571300000001 7.911213999999996 0.0 1488.930477 localhost 0
FLASER 0  18.98571300000001 7.871213999999996 0.0 18.98571300000001 7.871213999999996 0.0 1489.150566 localhost 0
FLASER 0  19.085713000000013 7.851213999999996 0.0 19.085713000000013 7.851213999999996 0.0 1489.360837 localhost 0
FLASER 0  19.185713000000014 7.831213999999997 0.0 19.185713000000014 7.831213999999997 0.0 1489.580512 localhost 0
FLASER 0  19.305713000000015 7.7912139999999965 0.0 19.305713000000015 7.7912139999999965 0.0 1489.790212 localhost 0
FLASER 0  19.405713000000016 7.7512139999999965 0.0 19.405713000000016 7.7512139999999965 0.0 1490.00038 localhost 0
FLASER 0  19.525713000000017 7.7112139999999965 0.0 19.525713000000017 7.7112139999999965 0.0 1490.220531 localhost 0
FLASER 0  19.60571300000002 7.671213999999996 0.0 19.60571300000002 7.671213999999996 0.0 1490.4302 localhost 0
FLASER 0  19.70571300000002 7.631213999999996 0.0 19.70571300000002 7.631213999999996 0.0 1490.641258 localhost 0
FLASER 0  19.82571300000002 7.571213999999997 0.0 19.82571300000002 7.571213999999997 0.0 1490.850292 localhost 0
FLASER 0  19.865713000000024 7.551213999999997 0.0 19.865713000000024 7.551213999999997 0.0 1491.070233 localhost 0
FLASER 0  19.965713000000026 7.491213999999998 0.0 19.965713000000026 7.491213999999998 0.0 1491.280413 localhost 0
FLASER 0  20.045713000000028 7.431213999999998 0.0 20.045713000000028 7.431213999999998 0.0 1491.500907 localhost 0
FLASER 0  20.10571300000003 7.391213999999998 0.0 20.10571300000003 7.391213999999998 0.0 1491.710235 localhost 0
FLASER 0  20.10571300000003 7.4112139999999975 0.0 20.10571300000003 7.4112139999999975 0.0 1491.920578 localhost 0
FLASER 0  20.08571300000003 7.4112139999999975 0.0 20.08571300000003 7.4112139999999975 0.0 1492.130259 localhost 0
FLASER 0  20.10571300000003 7.4112139999999975 0.0 20.10571300000003 7.4112139999999975 0.0 1492.350223 localhost 0
FLASER 0  20.10571300000003 7.4112139999999975 0.0 20.10571300000003 7.4112139999999975 0.0 1492.560304 localhost 0
FLASER 0  20.08571300000003 7.4112139999999975 0.0 20.08571300000003 7.4112139999999975 0.0 1492.781284 localhost 0
FLASER 0  20.08571300000003 7.4112139999999975 0.0 20.08571300000003 7.4112139999999975 0.0 1492.990269 localhost 0
FLASER 0  20.08571300000003 7.4112139999999975 0.0 20.08571300000003 7.4112139999999975 0.0 1493.200585 localhost 0
FLASER 0  20.10571300000003 7.4112139999999975 0.0 20.10571300000003 7.4112139999999975 0.0 1493.420678 localhost 0
FLASER 0  20.08571300000003 7.4112139999999975 0.0 20.08571300000003 7.4112139999999975 0.0 1493.630601 localhost 0
FLASER 0  20.08571300000003 7.4112139999999975 0.0 20.08571300000003 7.4112139999999975 0.0 1493.850272 localhost 0
FLASER 0  20.08571300000003 7.4112139999999975 0.0 20.08571300000003 7.4112139999999975 0.0 1494.060533 localhost 0
FLASER 0  20.08571300000003 7.4112139999999975 0.0 20.08571300000003 7.4112139999999975 0.0 1494.27026 localhost 0
FLASER 0  20.08571300000003 7.4112139999999975 0.0 20.08571300000003 7.4112139999999975 0.0 1494.480565 localhost 0
FLASER 0  20.08571300000003 7.4112139999999975 0.0 20.08571300000003 7.4112139999999975 0.0 1494.700599 localhost 0
FLASER 0  20.105713000000033 7.391213999999998 0.0 20.105713000000033 7.391213999999998 0.0 1494.910258 localhost 0
FLASER 0  20.105713000000033 7.4112139999999975 0.0 20.105713000000033 7.4112139999999975 0.0 1495.121372 localhost 0
FLASER 0  20.205713000000035 7.351213999999998 0.0 20.205713000000035 7.351213999999998 0.0 1495.340539 localhost 0
FLASER 0  20.285713000000037 7.271213999999998 0.0 20.285713000000037 7.271213999999998 0.0 1495.550287 localhost 0
FLASER 0  20.285713000000037 7.291213999999997 0.0 20.285713000000037 7.291213999999997 0.0 1495.77078 localhost 0
FLASER 0  20.285713000000037 7.271213999999998 0.0 20.285713000000037 7.271213999999998 0.0 1495.980235 localhost 0
FLASER 0  20.285713000000037 7.251213999999998 0.0 20.285713000000037 7.251213999999998 0.0 1496.190923 localhost 0
FLASER 0  20.285713000000037 7.271213999999998 0.0 20.285713000000037 7.271213999999998 0.0 1496.410811 localhost 0
FLASER 0  20.305713000000036 7.291213999999997 0.0 20.305713000000036 7.291213999999997 0.0 1496.620264 localhost 0
FLASER 0  20.305713000000036 7.291213999999997 0.0 20.305713000000036 7.291213999999997 0.0 1496.831042 localhost 0
FLASER 0  20.305713000000036 7.311213999999997 0.0 20.305713000000036 7.311213999999997 0.0 1497.050561 localhost 0
FLASER 0  20.305713000000036 7.291213999999997 0.0 20.305713000000036 7.291213999999997 0.0 1497.260206 localhost 0
FLASER 0  20.305713000000036 7.291213999999997 0.0 20.305713000000036 7.291213999999997 0.0 1497.471074 localhost 0
FLASER 0  20.305713000000036 7.291213999999997 0.0 20.305713000000036 7.291213999999997 0.0 1497.680292 localhost 0
FLASER 0  20.305713000000036 7.311213999999997 0.0 20.305713000000036 7.311213999999997 0.0 1497.900241 localhost 0
FLASER 0  20.305713000000036 7.291213999999997 0.0 20.305713000000036 7.291213999999997 0.0 1498.11059 localhost 0
FLASER 0  20.305713000000036 7.291213999999997 0.0 20.305713000000036 7.291213999999997 0.0 1498.330569 localhost 0
FLASER 0  20.305713000000036 7.291213999999997 0.0 20.305713000000036 7.291213999999997 0.0 1498.540202 localhost 0
FLASER 0  20.305713000000036 7.291213999999997 0.0 20.305713000000036 7.291213999999997 0.0 1498.750667 localhost 0
FLASER 0  20.305713000000036 7.291213999999997 0.0 20.305713000000036 7.291213999999997 0.0 1498.971127 localhost 0
FLASER 0  20.305713000000036 7.271213999999998 0.0 20.305713000000036 7.271213999999998 0.0 1499.180232 localhost 0
FLASER 0  20.325713000000036 7.291213999999997 0.0 20.325713000000036 7.291213999999997 0.0 1499.391185 localhost 0
FLASER 0  20.325713000000036 7.291213999999997 0.0 20.325713000000036 7.291213999999997 0.0 1499.600497 localhost 0
FLASER 0  20.345713000000035 7.251213999999997 0.0 20.345713000000035 7.251213999999997 0.0 1499.820226 localhost 0
FLASER 0  20.285713000000037 7.291213999999997 0.0 20.285713000000037 7.291213999999997 0.0 1500.030198 localhost 0
FLASER 0  20.225713000000038 7.3312139999999975 0.0 20.225713000000038 7.3312139999999975 0.0 1500.240905 localhost 0
FLASER 0  20.18571300000004 7.351213999999997 0.0 20.18571300000004 7.351213999999997 0.0 1500.461119 localhost 0
FLASER 0  20.18571300000004 7.3312139999999975 0.0 20.18571300000004 7.3312139999999975 0.0 1500.670198 localhost 0
FLASER 0  20.20571300000004 7.3312139999999975 0.0 20.20571300000004 7.3312139999999975 0.0 1500.890219 localhost 0
FLASER 0  20.24571300000004 7.351213999999997 0.0 20.24571300000004 7.351213999999997 0.0 1501.100584 localhost 0
FLASER 0  20.345713000000043 7.371213999999997 0.0 20.345713000000043 7.371213999999997 0.0 1501.310311 localhost 0
FLASER 0  20.445713000000044 7.411213999999997 0.0 20.445713000000044 7.411213999999997 0.0 1501.520989 localhost 0
FLASER 0  20.525713000000046 7.491213999999997 0.0 20.525713000000046 7.491213999999997 0.0 1501.741203 localhost 0
FLASER 0  20.605713000000048 7.571213999999997 0.0 20.605713000000048 7.571213999999997 0.0 1501.95026 localhost 0
FLASER 0  20.665713000000046 7.651213999999997 0.0 20.665713000000046 7.651213999999997 0.0 1502.170243 localhost 0
FLASER 0  20.72571300000005 7.771213999999996 0.0 20.72571300000005 7.771213999999996 0.0 1502.380563 localhost 0
FLASER 0  20.74571300000005 7.851213999999996 0.0 20.74571300000005 7.851213999999996 0.0 1502.60064 localhost 0
FLASER 0  20.785713000000047 7.971213999999995 0.0 20.785713000000047 7.971213999999995 0.0 1502.800652 localhost 0
FLASER 0  20.765713000000048 8.051213999999996 0.0 20.765713000000048 8.051213999999996 0.0 1503.020705 localhost 0
FLASER 0  20.765713000000048 8.171213999999996 0.0 20.765713000000048 8.171213999999996 0.0 1503.230199 localhost 0
FLASER 0  20.74571300000005 8.291213999999995 0.0 20.74571300000005 8.291213999999995 0.0 1503.450197 localhost 0
FLASER 0  20.70571300000005 8.371213999999995 0.0 20.70571300000005 8.371213999999995 0.0 1503.661184 localhost 0
FLASER 0  20.68571300000005 8.471213999999994 0.0 20.68571300000005 8.471213999999994 0.0 1503.871231 localhost 0
FLASER 0  20.66571300000005 8.591213999999994 0.0 20.66571300000005 8.591213999999994 0.0 1504.090873 localhost 0
FLASER 0  20.64571300000005 8.671213999999994 0.0 20.64571300000005 8.671213999999994 0.0 1504.300532 localhost 0
FLASER 0  20.605713000000048 8.791213999999993 0.0 20.605713000000048 8.791213999999993 0.0 1504.510635 localhost 0
FLASER 0  20.56571300000005 8.871213999999993 0.0 20.56571300000005 8.871213999999993 0.0 1504.730616 localhost 0
FLASER 0  20.54571300000005 8.991213999999992 0.0 20.54571300000005 8.991213999999992 0.0 1504.940276 localhost 0
FLASER 0  20.52571300000005 9.111213999999991 0.0 20.52571300000005 9.111213999999991 0.0 1505.160248 localhost 0
FLASER 0  20.48571300000005 9.211213999999991 0.0 20.48571300000005 9.211213999999991 0.0 1505.370227 localhost 0
FLASER 0  20.44571300000005 9.33121399999999 0.0 20.44571300000005 9.33121399999999 0.0 1505.580627 localhost 0
FLASER 0  20.40571300000005 9.43121399999999 0.0 20.40571300000005 9.43121399999999 0.0 1505.790286 localhost 0
FLASER 0  20.345713000000046 9.51121399999999 0.0 20.345713000000046 9.51121399999999 0.0 1506.010197 localhost 0
FLASER 0  20.305713000000043 9.59121399999999 0.0 20.305713000000043 9.59121399999999 0.0 1506.220902 localhost 0
FLASER 0  20.22571300000004 9.71121399999999 0.0 20.22571300000004 9.71121399999999 0.0 1506.430265 localhost 0
FLASER 0  20.205713000000042 9.77121399999999 0.0 20.205713000000042 9.77121399999999 0.0 1506.650267 localhost 0
FLASER 0  20.14571300000004 9.911213999999989 0.0 20.14571300000004 9.911213999999989 0.0 1506.860251 localhost 0
FLASER 0  20.12571300000004 10.031213999999988 0.0 20.12571300000004 10.031213999999988 0.0 1507.070296 localhost 0
FLASER 0  20.12571300000004 10.131213999999988 0.0 20.12571300000004 10.131213999999988 0.0 1507.290186 localhost 0
FLASER 0  20.14571300000004 10.231213999999987 0.0 20.14571300000004 10.231213999999987 0.0 1507.501202 localhost 0
FLASER 0  20.12571300000004 10.371213999999986 0.0 20.12571300000004 10.371213999999986 0.0 1507.710275 localhost 0
FLASER 0  20.14571300000004 10.411213999999985 0.0 20.14571300000004 10.411213999999985 0.0 1507.930677 localhost 0
FLASER 0  20.14571300000004 10.391213999999986 0.0 20.14571300000004 10.391213999999986 0.0 1508.140334 localhost 0
FLASER 0  20.14571300000004 10.391213999999986 0.0 20.14571300000004 10.391213999999986 0.0 1508.350377 localhost 0
FLASER 0  20.14571300000004 10.391213999999986 0.0 20.14571300000004 10.391213999999986 0.0 1508.570264 localhost 0
FLASER 0  20.14571300000004 10.411213999999985 0.0 20.14571300000004 10.411213999999985 0.0 1508.780614 localhost 0
FLASER 0  20.12571300000004 10.351213999999985 0.0 20.12571300000004 10.351213999999985 0.0 1508.990321 localhost 0
FLASER 0  20.14571300000004 10.271213999999985 0.0 20.14571300000004 10.271213999999985 0.0 1509.210276 localhost 0
FLASER 0  20.12571300000004 10.171213999999985 0.0 20.12571300000004 10.171213999999985 0.0 1509.420315 localhost 0
FLASER 0  20.14571300000004 10.151213999999985 0.0 20.14571300000004 10.151213999999985 0.0 1509.641248 localhost 0
FLASER 0  20.14571300000004 10.171213999999985 0.0 20.14571300000004 10.171213999999985 0.0 1509.850249 localhost 0
FLASER 0  20.125713000000037 10.231213999999985 0.0 20.125713000000037 10.231213999999985 0.0 1510.060962 localhost 0
FLASER 0  20.105713000000033 10.331213999999985 0.0 20.105713000000033 10.331213999999985 0.0 1510.280519 localhost 0
FLASER 0  20.085713000000034 10.451213999999984 0.0 20.085713000000034 10.451213999999984 0.0 1510.490241 localhost 0
FLASER 0  20.045713000000035 10.531213999999984 0.0 20.045713000000035 10.531213999999984 0.0 1510.700917 localhost 0
FLASER 0  20.005713000000036 10.631213999999984 0.0 20.005713000000036 10.631213999999984 0.0 1510.920389 localhost 0
FLASER 0  19.985713000000036 10.731213999999984 0.0 19.985713000000036 10.731213999999984 0.0 1511.130613 localhost 0
FLASER 0  19.945713000000037 10.871213999999982 0.0 19.945713000000037 10.871213999999982 0.0 1511.340889 localhost 0
FLASER 0  19.905713000000038 10.971213999999982 0.0 19.905713000000038 10.971213999999982 0.0 1511.550515 localhost 0
FLASER 0  19.885713000000038 11.071213999999982 0.0 19.885713000000038 11.071213999999982 0.0 1511.770194 localhost 0
FLASER 0  19.885713000000038 11.171213999999981 0.0 19.885713000000038 11.171213999999981 0.0 1511.98029 localhost 0
FLASER 0  19.885713000000038 11.251213999999981 0.0 19.885713000000038 11.251213999999981 0.0 1512.200555 localhost 0
FLASER 0  19.905713000000038 11.37121399999998 0.0 19.905713000000038 11.37121399999998 0.0 1512.410496 localhost 0
FLASER 0  19.905713000000038 11.47121399999998 0.0 19.905713000000038 11.47121399999998 0.0 1512.621251 localhost 0
FLASER 0  19.885713000000038 11.57121399999998 0.0 19.885713000000038 11.57121399999998 0.0 1512.830286 localhost 0
FLASER 0  19.905713000000038 11.55121399999998 0.0 19.905713000000038 11.55121399999998 0.0 1513.051444 localhost 0
FLASER 0  19.905713000000038 11.55121399999998 0.0 19.905713000000038 11.55121399999998 0.0 1513.260252 localhost 0
FLASER 0  19.905713000000038 11.55121399999998 0.0 19.905713000000038 11.55121399999998 0.0 1513.480166 localhost 0
FLASER 0  19.905713000000038 11.55121399999998 0.0 19.905713000000038 11.55121399999998 0.0 1513.690714 localhost 0
FLASER 0  19.905713000000038 11.47121399999998 0.0 19.905713000000038 11.47121399999998 0.0 1513.900247 localhost 0
FLASER 0  19.905713000000038 11.351213999999981 0.0 19.905713000000038 11.351213999999981 0.0 1514.120203 localhost 0
FLASER 0  19.905713000000038 11.251213999999981 0.0 19.905713000000038 11.251213999999981 0.0 1514.330672 localhost 0
FLASER 0  19.905713000000038 11.151213999999982 0.0 19.905713000000038 11.151213999999982 0.0 1514.540243 localhost 0
FLASER 0  19.905713000000038 11.051213999999982 0.0 19.905713000000038 11.051213999999982 0.0 1514.760226 localhost 0
FLASER 0  19.905713000000038 10.951213999999982 0.0 19.905713000000038 10.951213999999982 0.0 1514.970603 localhost 0
FLASER 0  19.925713000000037 10.871213999999982 0.0 19.925713000000037 10.871213999999982 0.0 1515.190346 localhost 0
FLASER 0  19.925713000000037 10.731213999999984 0.0 19.925713000000037 10.731213999999984 0.0 1515.400239 localhost 0
FLASER 0  19.945713000000037 10.631213999999984 0.0 19.945713000000037 10.631213999999984 0.0 1515.610889 localhost 0
FLASER 0  19.965713000000036 10.511213999999985 0.0 19.965713000000036 10.511213999999985 0.0 1515.820214 localhost 0
FLASER 0  19.985713000000036 10.411213999999985 0.0 19.985713000000036 10.411213999999985 0.0 1516.040274 localhost 0
FLASER 0  20.005713000000036 10.291213999999986 0.0 20.005713000000036 10.291213999999986 0.0 1516.250606 localhost 0
FLASER 0  20.025713000000035 10.191213999999986 0.0 20.025713000000035 10.191213999999986 0.0 1516.470583 localhost 0
FLASER 0  20.045713000000035 10.091213999999987 0.0 20.045713000000035 10.091213999999987 0.0 1516.68019 localhost 0
FLASER 0  20.085713000000037 10.011213999999987 0.0 20.085713000000037 10.011213999999987 0.0 1516.890701 localhost 0
FLASER 0  20.12571300000004 9.931213999999986 0.0 20.12571300000004 9.931213999999986 0.0 1517.100595 localhost 0
FLASER 0  20.12571300000004 9.771213999999986 0.0 20.12571300000004 9.771213999999986 0.0 1517.321307 localhost 0
FLASER 0  20.185713000000042 9.671213999999987 0.0 20.185713000000042 9.671213999999987 0.0 1517.530217 localhost 0
FLASER 0  20.22571300000004 9.571213999999987 0.0 20.22571300000004 9.571213999999987 0.0 1517.740649 localhost 0
FLASER 0  20.22571300000004 9.471213999999987 0.0 20.22571300000004 9.471213999999987 0.0 1517.960454 localhost 0
FLASER 0  20.265713000000044 9.351213999999988 0.0 20.265713000000044 9.351213999999988 0.0 1518.170272 localhost 0
FLASER 0  20.305713000000047 9.251213999999989 0.0 20.305713000000047 9.251213999999989 0.0 1518.380609 localhost 0
FLASER 0  20.345713000000046 9.151213999999989 0.0 20.345713000000046 9.151213999999989 0.0 1518.600344 localhost 0
FLASER 0  20.38571300000005 9.03121399999999 0.0 20.38571300000005 9.03121399999999 0.0 1518.810208 localhost 0
FLASER 0  20.40571300000005 8.93121399999999 0.0 20.40571300000005 8.93121399999999 0.0 1519.020622 localhost 0
FLASER 0  20.425713000000048 8.83121399999999 0.0 20.425713000000048 8.83121399999999 0.0 1519.240782 localhost 0
FLASER 0  20.46571300000005 8.73121399999999 0.0 20.46571300000005 8.73121399999999 0.0 1519.45027 localhost 0
FLASER 0  20.50571300000005 8.65121399999999 0.0 20.50571300000005 8.65121399999999 0.0 1519.670275 localhost 0
FLASER 0  20.565713000000052 8.531213999999991 0.0 20.565713000000052 8.531213999999991 0.0 1519.880662 localhost 0
FLASER 0  20.565713000000052 8.471213999999991 0.0 20.565713000000052 8.471213999999991 0.0 1520.090226 localhost 0
FLASER 0  20.58571300000005 8.471213999999991 0.0 20.58571300000005 8.471213999999991 0.0 1520.300847 localhost 0
FLASER 0  20.58571300000005 8.471213999999991 0.0 20.58571300000005 8.471213999999991 0.0 1520.520519 localhost 0
FLASER 0  20.565713000000052 8.471213999999991 0.0 20.565713000000052 8.471213999999991 0.0 1520.730206 localhost 0
FLASER 0  20.565713000000052 8.49121399999999 0.0 20.565713000000052 8.49121399999999 0.0 1520.950276 localhost 0
FLASER 0  20.58571300000005 8.51121399999999 0.0 20.58571300000005 8.51121399999999 0.0 1521.160312 localhost 0
FLASER 0  20.565713000000052 8.49121399999999 0.0 20.565713000000052 8.49121399999999 0.0 1521.370295 localhost 0
FLASER 0  20.58571300000005 8.51121399999999 0.0 20.58571300000005 8.51121399999999 0.0 1521.5809 localhost 0
FLASER 0  20.565713000000052 8.49121399999999 0.0 20.565713000000052 8.49121399999999 0.0 1521.800486 localhost 0
FLASER 0  20.565713000000052 8.49121399999999 0.0 20.565713000000052 8.49121399999999 0.0 1522.010244 localhost 0
FLASER 0  20.565713000000052 8.471213999999991 0.0 20.565713000000052 8.471213999999991 0.0 1522.221417 localhost 0
FLASER 0  20.565713000000052 8.471213999999991 0.0 20.565713000000052 8.471213999999991 0.0 1522.441405 localhost 0
FLASER 0  20.525713000000053 8.471213999999991 0.0 20.525713000000053 8.471213999999991 0.0 1522.650567 localhost 0
FLASER 0  20.465713000000054 8.451213999999991 0.0 20.465713000000054 8.451213999999991 0.0 1522.870248 localhost 0
FLASER 0  20.365713000000053 8.431213999999992 0.0 20.365713000000053 8.431213999999992 0.0 1523.080577 localhost 0
FLASER 0  20.28571300000005 8.391213999999993 0.0 20.28571300000005 8.391213999999993 0.0 1523.300603 localhost 0
FLASER 0  20.18571300000005 8.351213999999993 0.0 20.18571300000005 8.351213999999993 0.0 1523.510215 localhost 0
FLASER 0  20.06571300000005 8.331213999999994 0.0 20.06571300000005 8.331213999999994 0.0 1523.720372 localhost 0
FLASER 0  19.945713000000048 8.311213999999994 0.0 19.945713000000048 8.311213999999994 0.0 1523.930221 localhost 0
FLASER 0  19.865713000000046 8.271213999999995 0.0 19.865713000000046 8.271213999999995 0.0 1524.15044 localhost 0
FLASER 0  19.725713000000045 8.251213999999996 0.0 19.725713000000045 8.251213999999996 0.0 1524.360229 localhost 0
FLASER 0  19.645713000000043 8.211213999999996 0.0 19.645713000000043 8.211213999999996 0.0 1524.570662 localhost 0
FLASER 0  19.545713000000042 8.171213999999997 0.0 19.545713000000042 8.171213999999997 0.0 1524.790554 localhost 0
FLASER 0  19.42571300000004 8.131213999999998 0.0 19.42571300000004 8.131213999999998 0.0 1525.000221 localhost 0
FLASER 0  19.34571300000004 8.091213999999999 0.0 19.34571300000004 8.091213999999999 0.0 1525.210608 localhost 0
FLASER 0  19.265713000000037 8.031213999999999 0.0 19.265713000000037 8.031213999999999 0.0 1525.431108 localhost 0
FLASER 0  19.145713000000036 7.9912139999999985 0.0 19.145713000000036 7.9912139999999985 0.0 1525.640103 localhost 0
FLASER 0  18.945713000000037 7.931213999999999 0.0 18.945713000000037 7.931213999999999 0.0 1526.070255 localhost 0
FLASER 0  18.885713000000035 7.911213999999999 0.0 18.885713000000035 7.911213999999999 0.0 1526.280257 localhost 0
FLASER 0  18.905713000000038 7.931213999999999 0.0 18.905713000000038 7.931213999999999 0.0 1526.491003 localhost 0
FLASER 0  18.92571300000004 7.911213999999999 0.0 18.92571300000004 7.911213999999999 0.0 1526.710376 localhost 0
FLASER 0  18.92571300000004 7.911213999999999 0.0 18.92571300000004 7.911213999999999 0.0 1526.920262 localhost 0
FLASER 0  18.92571300000004 7.911213999999999 0.0 18.92571300000004 7.911213999999999 0.0 1527.140593 localhost 0
FLASER 0  18.90571300000004 7.931213999999999 0.0 18.90571300000004 7.931213999999999 0.0 1527.350249 localhost 0
FLASER 0  18.90571300000004 7.911213999999999 0.0 18.90571300000004 7.911213999999999 0.0 1527.560244 localhost 0
FLASER 0  18.92571300000004 7.911213999999999 0.0 18.92571300000004 7.911213999999999 0.0 1527.770295 localhost 0
FLASER 0  18.90571300000004 7.931213999999999 0.0 18.90571300000004 7.931213999999999 0.0 1527.990638 localhost 0
FLASER 0  18.90571300000004 7.931213999999999 0.0 18.90571300000004 7.931213999999999 0.0 1528.200244 localhost 0
FLASER 0  18.92571300000004 7.911213999999999 0.0 18.92571300000004 7.911213999999999 0.0 1528.420164 localhost 0
FLASER 0  18.90571300000004 7.931213999999999 0.0 18.90571300000004 7.931213999999999 0.0 1528.63148 localhost 0
FLASER 0  18.90571300000004 7.911213999999999 0.0 18.90571300000004 7.911213999999999 0.0 1528.840298 localhost 0
FLASER 0  18.92571300000004 7.911213999999999 0.0 18.92571300000004 7.911213999999999 0.0 1529.050309 localhost 0
FLASER 0  18.92571300000004 7.911213999999999 0.0 18.92571300000004 7.911213999999999 0.0 1529.271427 localhost 0
FLASER 0  18.90571300000004 7.931213999999999 0.0 18.90571300000004 7.931213999999999 0.0 1529.480279 localhost 0
FLASER 0  18.92571300000004 7.931213999999999 0.0 18.92571300000004 7.931213999999999 0.0 1529.700696 localhost 0
FLASER 0  18.92571300000004 7.911213999999999 0.0 18.92571300000004 7.911213999999999 0.0 1529.910705 localhost 0
FLASER 0  18.92571300000004 7.911213999999999 0.0 18.92571300000004 7.911213999999999 0.0 1530.120206 localhost 0
FLASER 0  18.90571300000004 7.911213999999999 0.0 18.90571300000004 7.911213999999999 0.0 1530.340364 localhost 0
FLASER 0  18.86571300000004 7.891214 0.0 18.86571300000004 7.891214 0.0 1530.550241 localhost 0
FLASER 0  18.765713000000037 7.891214 0.0 18.765713000000037 7.891214 0.0 1530.760252 localhost 0
FLASER 0  18.645713000000036 7.851214 0.0 18.645713000000036 7.851214 0.0 1530.980267 localhost 0
FLASER 0  18.525713000000035 7.851214 0.0 18.525713000000035 7.851214 0.0 1531.190567 localhost 0
FLASER 0  18.425713000000034 7.851214 0.0 18.425713000000034 7.851214 0.0 1531.400247 localhost 0
FLASER 0  18.325713000000032 7.871213999999999 0.0 18.325713000000032 7.871213999999999 0.0 1531.610612 localhost 0
FLASER 0  18.22571300000003 7.871213999999999 0.0 18.22571300000003 7.871213999999999 0.0 1531.830565 localhost 0
FLASER 0  18.10571300000003 7.871213999999999 0.0 18.10571300000003 7.871213999999999 0.0 1532.040611 localhost 0
FLASER 0  18.00571300000003 7.891213999999999 0.0 18.00571300000003 7.891213999999999 0.0 1532.260244 localhost 0
FLASER 0  17.905713000000027 7.911213999999998 0.0 17.905713000000027 7.911213999999998 0.0 1532.470538 localhost 0
FLASER 0  17.785713000000026 7.911213999999998 0.0 17.785713000000026 7.911213999999998 0.0 1532.680223 localhost 0
FLASER 0  17.665713000000025 7.931213999999998 0.0 17.665713000000025 7.931213999999998 0.0 1532.900219 localhost 0
FLASER 0  17.565713000000024 7.911213999999998 0.0 17.565713000000024 7.911213999999998 0.0 1533.110547 localhost 0
FLASER 0  17.445713000000023 7.931213999999998 0.0 17.445713000000023 7.931213999999998 0.0 1533.320204 localhost 0
FLASER 0  17.34571300000002 7.931213999999998 0.0 17.34571300000002 7.931213999999998 0.0 1533.540238 localhost 0
FLASER 0  17.26571300000002 7.931213999999998 0.0 17.26571300000002 7.931213999999998 0.0 1533.750241 localhost 0
FLASER 0  17.14571300000002 7.931213999999998 0.0 17.14571300000002 7.931213999999998 0.0 1533.960625 localhost 0
FLASER 0  17.025713000000017 7.951213999999998 0.0 17.025713000000017 7.951213999999998 0.0 1534.180823 localhost 0
FLASER 0  16.925713000000016 7.931213999999998 0.0 16.925713000000016 7.931213999999998 0.0 1534.390172 localhost 0
FLASER 0  16.825713000000015 7.951213999999998 0.0 16.825713000000015 7.951213999999998 0.0 1534.600559 localhost 0
FLASER 0  16.705713000000014 7.951213999999998 0.0 16.705713000000014 7.951213999999998 0.0 1534.810116 localhost 0
FLASER 0  16.605713000000012 7.951213999999998 0.0 16.605713000000012 7.951213999999998 0.0 1535.030213 localhost 0
FLASER 0  16.48571300000001 7.951213999999998 0.0 16.48571300000001 7.951213999999998 0.0 1535.240269 localhost 0
FLASER 0  16.36571300000001 7.971213999999997 0.0 16.36571300000001 7.971213999999997 0.0 1535.461573 localhost 0
FLASER 0  16.26571300000001 7.951213999999998 0.0 16.26571300000001 7.951213999999998 0.0 1535.670239 localhost 0
FLASER 0  16.165713000000007 7.951213999999998 0.0 16.165713000000007 7.951213999999998 0.0 1535.890177 localhost 0
FLASER 0  16.045713000000006 7.971213999999997 0.0 16.045713000000006 7.971213999999997 0.0 1536.100576 localhost 0
FLASER 0  15.945713000000007 7.951213999999998 0.0 15.945713000000007 7.951213999999998 0.0 1536.310238 localhost 0
FLASER 0  15.825713000000007 7.971213999999997 0.0 15.825713000000007 7.971213999999997 0.0 1536.520561 localhost 0
FLASER 0  15.705713000000008 7.971213999999997 0.0 15.705713000000008 7.971213999999997 0.0 1536.740306 localhost 0
FLASER 0  15.605713000000009 7.951213999999998 0.0 15.605713000000009 7.951213999999998 0.0 1536.950251 localhost 0
FLASER 0  15.505713000000009 7.951213999999998 0.0 15.505713000000009 7.951213999999998 0.0 1537.160888 localhost 0
FLASER 0  15.38571300000001 7.951213999999998 0.0 15.38571300000001 7.951213999999998 0.0 1537.380299 localhost 0
FLASER 0  15.26571300000001 7.951213999999998 0.0 15.26571300000001 7.951213999999998 0.0 1537.590231 localhost 0
FLASER 0  15.16571300000001 7.991213999999998 0.0 15.16571300000001 7.991213999999998 0.0 1537.81026 localhost 0
FLASER 0  15.065713000000011 8.011213999999997 0.0 15.065713000000011 8.011213999999997 0.0 1538.020754 localhost 0
FLASER 0  14.945713000000012 8.011213999999997 0.0 14.945713000000012 8.011213999999997 0.0 1538.230605 localhost 0
FLASER 0  14.845713000000012 8.031213999999997 0.0 14.845713000000012 8.031213999999997 0.0 1538.440288 localhost 0
FLASER 0  14.745713000000013 8.051213999999996 0.0 14.745713000000013 8.051213999999996 0.0 1538.660245 localhost 0
FLASER 0  14.625713000000014 8.071213999999996 0.0 14.625713000000014 8.071213999999996 0.0 1538.870552 localhost 0
FLASER 0  14.525713000000014 8.091213999999995 0.0 14.525713000000014 8.091213999999995 0.0 1539.080244 localhost 0
FLASER 0  14.425713000000014 8.131213999999995 0.0 14.425713000000014 8.131213999999995 0.0 1539.300236 localhost 0
FLASER 0  14.325713000000015 8.151213999999994 0.0 14.325713000000015 8.151213999999994 0.0 1539.510631 localhost 0
FLASER 0  14.205713000000015 8.191213999999993 0.0 14.205713000000015 8.191213999999993 0.0 1539.720264 localhost 0
FLASER 0  14.085713000000016 8.191213999999993 0.0 14.085713000000016 8.191213999999993 0.0 1539.940327 localhost 0
FLASER 0  13.965713000000017 8.231213999999992 0.0 13.965713000000017 8.231213999999992 0.0 1540.150662 localhost 0
FLASER 0  13.885713000000017 8.251213999999992 0.0 13.885713000000017 8.251213999999992 0.0 1540.360274 localhost 0
FLASER 0  13.785713000000017 8.291213999999991 0.0 13.785713000000017 8.291213999999991 0.0 1540.580319 localhost 0
FLASER 0  13.665713000000018 8.291213999999991 0.0 13.665713000000018 8.291213999999991 0.0 1540.790713 localhost 0
FLASER 0  13.565713000000018 8.31121399999999 0.0 13.565713000000018 8.31121399999999 0.0 1541.000272 localhost 0
FLASER 0  13.465713000000019 8.371213999999991 0.0 13.465713000000019 8.371213999999991 0.0 1541.220257 localhost 0
FLASER 0  13.34571300000002 8.371213999999991 0.0 13.34571300000002 8.371213999999991 0.0 1541.43101 localhost 0
FLASER 0  13.24571300000002 8.39121399999999 0.0 13.24571300000002 8.39121399999999 0.0 1541.650357 localhost 0
FLASER 0  13.14571300000002 8.43121399999999 0.0 13.14571300000002 8.43121399999999 0.0 1541.860278 localhost 0
FLASER 0  13.04571300000002 8.47121399999999 0.0 13.04571300000002 8.47121399999999 0.0 1542.070646 localhost 0
FLASER 0  12.925713000000021 8.491213999999989 0.0 12.925713000000021 8.491213999999989 0.0 1542.290619 localhost 0
FLASER 0  12.825713000000022 8.531213999999988 0.0 12.825713000000022 8.531213999999988 0.0 1542.500251 localhost 0
FLASER 0  12.725713000000022 8.551213999999987 0.0 12.725713000000022 8.551213999999987 0.0 1542.710526 localhost 0
FLASER 0  12.625713000000022 8.611213999999988 0.0 12.625713000000022 8.611213999999988 0.0 1542.930519 localhost 0
FLASER 0  12.545713000000022 8.691213999999988 0.0 12.545713000000022 8.691213999999988 0.0 1543.140693 localhost 0
FLASER 0  12.445713000000023 8.751213999999989 0.0 12.445713000000023 8.751213999999989 0.0 1543.351184 localhost 0
FLASER 0  12.385713000000022 8.811213999999989 0.0 12.385713000000022 8.811213999999989 0.0 1543.571465 localhost 0
FLASER 0  12.345713000000023 8.911213999999989 0.0 12.345713000000023 8.911213999999989 0.0 1543.780204 localhost 0
FLASER 0  12.305713000000024 9.011213999999988 0.0 12.305713000000024 9.011213999999988 0.0 1543.990868 localhost 0
FLASER 0  12.285713000000024 9.131213999999988 0.0 12.285713000000024 9.131213999999988 0.0 1544.211012 localhost 0
FLASER 0  12.265713000000025 9.251213999999987 0.0 12.265713000000025 9.251213999999987 0.0 1544.420292 localhost 0
FLASER 0  12.285713000000024 9.351213999999986 0.0 12.285713000000024 9.351213999999986 0.0 1544.631269 localhost 0
FLASER 0  12.285713000000024 9.471213999999986 0.0 12.285713000000024 9.471213999999986 0.0 1544.850681 localhost 0
FLASER 0  12.345713000000025 9.551213999999986 0.0 12.345713000000025 9.551213999999986 0.0 1545.060232 localhost 0
FLASER 0  12.425713000000025 9.671213999999985 0.0 12.425713000000025 9.671213999999985 0.0 1545.270591 localhost 0
FLASER 0  12.505713000000025 9.731213999999985 0.0 12.505713000000025 9.731213999999985 0.0 1545.490561 localhost 0
FLASER 0  12.565713000000025 9.811213999999985 0.0 12.565713000000025 9.811213999999985 0.0 1545.70029 localhost 0
FLASER 0  12.645713000000026 9.891213999999986 0.0 12.645713000000026 9.891213999999986 0.0 1545.911013 localhost 0
FLASER 0  12.745713000000025 9.951213999999986 0.0 12.745713000000025 9.951213999999986 0.0 1546.130201 localhost 0
FLASER 0  12.845713000000025 9.991213999999985 0.0 12.845713000000025 9.991213999999985 0.0 1546.340237 localhost 0
FLASER 0  12.945713000000024 10.031213999999984 0.0 12.945713000000024 10.031213999999984 0.0 1546.550593 localhost 0
FLASER 0  13.065713000000024 10.011213999999985 0.0 13.065713000000024 10.011213999999985 0.0 1546.770756 localhost 0
FLASER 0  13.185713000000023 10.011213999999985 0.0 13.185713000000023 10.011213999999985 0.0 1546.980206 localhost 0
FLASER 0  13.265713000000023 10.011213999999985 0.0 13.265713000000023 10.011213999999985 0.0 1547.191088 localhost 0
FLASER 0  13.365713000000023 10.011213999999985 0.0 13.365713000000023 10.011213999999985 0.0 1547.410589 localhost 0
FLASER 0  13.485713000000022 9.991213999999985 0.0 13.485713000000022 9.991213999999985 0.0 1547.620515 localhost 0
FLASER 0  13.585713000000021 10.011213999999985 0.0 13.585713000000021 10.011213999999985 0.0 1547.840541 localhost 0
FLASER 0  13.665713000000022 9.991213999999985 0.0 13.665713000000022 9.991213999999985 0.0 1548.05028 localhost 0
FLASER 0  13.765713000000021 9.991213999999985 0.0 13.765713000000021 9.991213999999985 0.0 1548.260583 localhost 0
FLASER 0  13.86571300000002 10.011213999999985 0.0 13.86571300000002 10.011213999999985 0.0 1548.470273 localhost 0
FLASER 0  13.96571300000002 10.031213999999984 0.0 13.96571300000002 10.031213999999984 0.0 1548.69027 localhost 0
FLASER 0  13.98571300000002 10.051213999999984 0.0 13.98571300000002 10.051213999999984 0.0 1548.900306 localhost 0
FLASER 0  13.96571300000002 10.031213999999984 0.0 13.96571300000002 10.031213999999984 0.0 1549.120557 localhost 0
FLASER 0  13.96571300000002 10.051213999999984 0.0 13.96571300000002 10.051213999999984 0.0 1549.330344 localhost 0
FLASER 0  14.04571300000002 10.111213999999984 0.0 14.04571300000002 10.111213999999984 0.0 1549.540629 localhost 0
FLASER 0  14.06571300000002 10.171213999999985 0.0 14.06571300000002 10.171213999999985 0.0 1549.760249 localhost 0
FLASER 0  14.10571300000002 10.231213999999985 0.0 14.10571300000002 10.231213999999985 0.0 1549.970718 localhost 0
FLASER 0  14.10571300000002 10.251213999999985 0.0 14.10571300000002 10.251213999999985 0.0 1550.180313 localhost 0
FLASER 0  14.10571300000002 10.271213999999985 0.0 14.10571300000002 10.271213999999985 0.0 1550.390855 localhost 0
FLASER 0  14.10571300000002 10.311213999999984 0.0 14.10571300000002 10.311213999999984 0.0 1550.61063 localhost 0
FLASER 0  14.08571300000002 10.371213999999984 0.0 14.08571300000002 10.371213999999984 0.0 1550.820248 localhost 0
FLASER 0  14.04571300000002 10.471213999999984 0.0 14.04571300000002 10.471213999999984 0.0 1551.040641 localhost 0
FLASER 0  14.005713000000021 10.571213999999983 0.0 14.005713000000021 10.571213999999983 0.0 1551.250589 localhost 0
FLASER 0  13.945713000000021 10.631213999999984 0.0 13.945713000000021 10.631213999999984 0.0 1551.460253 localhost 0
FLASER 0  13.86571300000002 10.711213999999984 0.0 13.86571300000002 10.711213999999984 0.0 1551.680221 localhost 0
FLASER 0  13.78571300000002 10.791213999999984 0.0 13.78571300000002 10.791213999999984 0.0 1551.89074 localhost 0
FLASER 0  13.685713000000021 10.851213999999985 0.0 13.685713000000021 10.851213999999985 0.0 1552.100539 localhost 0
FLASER 0  13.585713000000021 10.891213999999984 0.0 13.585713000000021 10.891213999999984 0.0 1552.311079 localhost 0
FLASER 0  13.505713000000021 10.931213999999983 0.0 13.505713000000021 10.931213999999983 0.0 1552.531289 localhost 0
FLASER 0  13.405713000000022 10.971213999999982 0.0 13.405713000000022 10.971213999999982 0.0 1552.740411 localhost 0
FLASER 0  13.305713000000022 11.011213999999981 0.0 13.305713000000022 11.011213999999981 0.0 1552.960232 localhost 0
FLASER 0  13.205713000000022 11.05121399999998 0.0 13.205713000000022 11.05121399999998 0.0 1553.170767 localhost 0
FLASER 0  13.105713000000023 11.11121399999998 0.0 13.105713000000023 11.11121399999998 0.0 1553.380339 localhost 0
FLASER 0  13.025713000000023 11.171213999999981 0.0 13.025713000000023 11.171213999999981 0.0 1553.600036 localhost 0
FLASER 0  12.925713000000023 11.251213999999981 0.0 12.925713000000023 11.251213999999981 0.0 1553.810709 localhost 0
FLASER 0  12.865713000000023 11.331213999999981 0.0 12.865713000000023 11.331213999999981 0.0 1554.02025 localhost 0
FLASER 0  12.805713000000022 11.411213999999982 0.0 12.805713000000022 11.411213999999982 0.0 1554.231286 localhost 0
FLASER 0  12.745713000000022 11.491213999999982 0.0 12.745713000000022 11.491213999999982 0.0 1554.450325 localhost 0
FLASER 0  12.705713000000022 11.591213999999981 0.0 12.705713000000022 11.591213999999981 0.0 1554.660165 localhost 0
FLASER 0  12.685713000000023 11.71121399999998 0.0 12.685713000000023 11.71121399999998 0.0 1554.870835 localhost 0
FLASER 0  12.665713000000023 11.83121399999998 0.0 12.665713000000023 11.83121399999998 0.0 1555.091409 localhost 0
FLASER 0  12.645713000000024 11.93121399999998 0.0 12.645713000000024 11.93121399999998 0.0 1555.31079 localhost 0
FLASER 0  12.605713000000025 12.031213999999979 0.0 12.605713000000025 12.031213999999979 0.0 1555.520224 localhost 0
FLASER 0  12.605713000000025 12.151213999999978 0.0 12.605713000000025 12.151213999999978 0.0 1555.730776 localhost 0
FLASER 0  12.605713000000025 12.251213999999978 0.0 12.605713000000025 12.251213999999978 0.0 1555.940241 localhost 0
FLASER 0  12.645713000000024 12.351213999999977 0.0 12.645713000000024 12.351213999999977 0.0 1556.150319 localhost 0
FLASER 0  12.685713000000023 12.471213999999977 0.0 12.685713000000023 12.471213999999977 0.0 1556.370595 localhost 0
FLASER 0  12.705713000000022 12.571213999999976 0.0 12.705713000000022 12.571213999999976 0.0 1556.580051 localhost 0
FLASER 0  12.785713000000023 12.651213999999976 0.0 12.785713000000023 12.651213999999976 0.0 1556.800651 localhost 0
FLASER 0  12.845713000000023 12.751213999999976 0.0 12.845713000000023 12.751213999999976 0.0 1557.010588 localhost 0
FLASER 0  12.945713000000023 12.811213999999977 0.0 12.945713000000023 12.811213999999977 0.0 1557.220876 localhost 0
FLASER 0  13.025713000000023 12.851213999999976 0.0 13.025713000000023 12.851213999999976 0.0 1557.440538 localhost 0
FLASER 0  13.105713000000023 12.911213999999976 0.0 13.105713000000023 12.911213999999976 0.0 1557.650256 localhost 0
FLASER 0  13.185713000000023 12.971213999999977 0.0 13.185713000000023 12.971213999999977 0.0 1557.860453 localhost 0
FLASER 0  13.265713000000023 13.011213999999976 0.0 13.265713000000023 13.011213999999976 0.0 1558.08018 localhost 0
FLASER 0  13.245713000000023 13.011213999999976 0.0 13.245713000000023 13.011213999999976 0.0 1558.290307 localhost 0
FLASER 0  13.245713000000023 13.031213999999975 0.0 13.245713000000023 13.031213999999975 0.0 1558.510208 localhost 0
FLASER 0  13.245713000000023 13.031213999999975 0.0 13.245713000000023 13.031213999999975 0.0 1558.720641 localhost 0
FLASER 0  13.265713000000023 13.031213999999975 0.0 13.265713000000023 13.031213999999975 0.0 1558.930632 localhost 0
FLASER 0  13.305713000000022 13.051213999999975 0.0 13.305713000000022 13.051213999999975 0.0 1559.140282 localhost 0
FLASER 0  13.305713000000022 13.091213999999974 0.0 13.305713000000022 13.091213999999974 0.0 1559.360204 localhost 0
FLASER 0  13.345713000000021 13.111213999999974 0.0 13.345713000000021 13.111213999999974 0.0 1559.570607 localhost 0
FLASER 0  13.36571300000002 13.151213999999973 0.0 13.36571300000002 13.151213999999973 0.0 1559.780255 localhost 0
FLASER 0  13.38571300000002 13.191213999999972 0.0 13.38571300000002 13.191213999999972 0.0 1560.000205 localhost 0
FLASER 0  13.38571300000002 13.231213999999971 0.0 13.38571300000002 13.231213999999971 0.0 1560.210626 localhost 0
FLASER 0  13.40571300000002 13.25121399999997 0.0 13.40571300000002 13.25121399999997 0.0 1560.430897 localhost 0
FLASER 0  13.38571300000002 13.25121399999997 0.0 13.38571300000002 13.25121399999997 0.0 1560.640266 localhost 0
FLASER 0  13.38571300000002 13.27121399999997 0.0 13.38571300000002 13.27121399999997 0.0 1560.850633 localhost 0
FLASER 0  13.38571300000002 13.25121399999997 0.0 13.38571300000002 13.25121399999997 0.0 1561.060266 localhost 0
FLASER 0  13.36571300000002 13.25121399999997 0.0 13.36571300000002 13.25121399999997 0.0 1561.280254 localhost 0
FLASER 0  13.36571300000002 13.25121399999997 0.0 13.36571300000002 13.25121399999997 0.0 1561.49066 localhost 0
FLASER 0  13.36571300000002 13.25121399999997 0.0 13.36571300000002 13.25121399999997 0.0 1561.700278 localhost 0
FLASER 0  13.38571300000002 13.25121399999997 0.0 13.38571300000002 13.25121399999997 0.0 1561.920206 localhost 0
FLASER 0  13.38571300000002 13.211213999999972 0.0 13.38571300000002 13.211213999999972 0.0 1562.131038 localhost 0
FLASER 0  13.38571300000002 13.211213999999972 0.0 13.38571300000002 13.211213999999972 0.0 1562.350203 localhost 0
FLASER 0  13.38571300000002 13.211213999999972 0.0 13.38571300000002 13.211213999999972 0.0 1562.560099 localhost 0
FLASER 0  13.345713000000021 13.231213999999971 0.0 13.345713000000021 13.231213999999971 0.0 1562.770286 localhost 0
FLASER 0  13.265713000000021 13.231213999999971 0.0 13.265713000000021 13.231213999999971 0.0 1562.980276 localhost 0
FLASER 0  13.225713000000022 13.211213999999972 0.0 13.225713000000022 13.211213999999972 0.0 1563.200259 localhost 0
FLASER 0  13.165713000000022 13.171213999999972 0.0 13.165713000000022 13.171213999999972 0.0 1563.410672 localhost 0
FLASER 0  13.085713000000021 13.111213999999972 0.0 13.085713000000021 13.111213999999972 0.0 1563.630571 localhost 0
FLASER 0  13.005713000000021 13.051213999999971 0.0 13.005713000000021 13.051213999999971 0.0 1563.840653 localhost 0
FLASER 0  12.945713000000021 12.971213999999971 0.0 12.945713000000021 12.971213999999971 0.0 1564.050276 localhost 0
FLASER 0  12.88571300000002 12.871213999999972 0.0 12.88571300000002 12.871213999999972 0.0 1564.27084 localhost 0
FLASER 0  12.845713000000021 12.771213999999972 0.0 12.845713000000021 12.771213999999972 0.0 1564.480342 localhost 0
FLASER 0  12.805713000000022 12.651213999999973 0.0 12.805713000000022 12.651213999999973 0.0 1564.690353 localhost 0
FLASER 0  12.805713000000022 12.511213999999974 0.0 12.805713000000022 12.511213999999974 0.0 1564.910204 localhost 0
FLASER 0  12.785713000000023 12.411213999999974 0.0 12.785713000000023 12.411213999999974 0.0 1565.120355 localhost 0
FLASER 0  12.785713000000023 12.331213999999974 0.0 12.785713000000023 12.331213999999974 0.0 1565.330277 localhost 0
FLASER 0  12.805713000000022 12.211213999999975 0.0 12.805713000000022 12.211213999999975 0.0 1565.541129 localhost 0
FLASER 0  12.785713000000023 12.091213999999976 0.0 12.785713000000023 12.091213999999976 0.0 1565.760569 localhost 0
FLASER 0  12.765713000000023 11.991213999999976 0.0 12.765713000000023 11.991213999999976 0.0 1565.970225 localhost 0
FLASER 0  12.745713000000023 11.891213999999977 0.0 12.745713000000023 11.891213999999977 0.0 1566.190228 localhost 0
FLASER 0  12.705713000000024 11.791213999999977 0.0 12.705713000000024 11.791213999999977 0.0 1566.400876 localhost 0
FLASER 0  12.665713000000025 11.711213999999977 0.0 12.665713000000025 11.711213999999977 0.0 1566.620481 localhost 0
FLASER 0  12.605713000000025 11.611213999999977 0.0 12.605713000000025 11.611213999999977 0.0 1566.82069 localhost 0
FLASER 0  12.565713000000025 11.511213999999978 0.0 12.565713000000025 11.511213999999978 0.0 1567.040261 localhost 0
FLASER 0  12.525713000000026 11.411213999999978 0.0 12.525713000000026 11.411213999999978 0.0 1567.250251 localhost 0
FLASER 0  12.505713000000027 11.311213999999978 0.0 12.505713000000027 11.311213999999978 0.0 1567.470211 localhost 0
FLASER 0  12.485713000000027 11.19121399999998 0.0 12.485713000000027 11.19121399999998 0.0 1567.680581 localhost 0
FLASER 0  12.465713000000028 11.07121399999998 0.0 12.465713000000028 11.07121399999998 0.0 1567.90056 localhost 0
FLASER 0  12.465713000000028 10.97121399999998 0.0 12.465713000000028 10.97121399999998 0.0 1568.100853 localhost 0
FLASER 0  12.445713000000028 10.87121399999998 0.0 12.445713000000028 10.87121399999998 0.0 1568.320579 localhost 0
FLASER 0  12.425713000000028 10.771213999999981 0.0 12.425713000000028 10.771213999999981 0.0 1568.530254 localhost 0
FLASER 0  12.405713000000029 10.671213999999981 0.0 12.405713000000029 10.671213999999981 0.0 1568.750235 localhost 0
FLASER 0  12.38571300000003 10.551213999999982 0.0 12.38571300000003 10.551213999999982 0.0 1568.960396 localhost 0
FLASER 0  12.34571300000003 10.451213999999982 0.0 12.34571300000003 10.451213999999982 0.0 1569.18077 localhost 0
FLASER 0  12.32571300000003 10.351213999999983 0.0 12.32571300000003 10.351213999999983 0.0 1569.390237 localhost 0
FLASER 0  12.305713000000031 10.231213999999984 0.0 12.305713000000031 10.231213999999984 0.0 1569.600805 localhost 0
FLASER 0  12.265713000000032 10.151213999999984 0.0 12.265713000000032 10.151213999999984 0.0 1569.820561 localhost 0
FLASER 0  12.265713000000032 10.031213999999984 0.0 12.265713000000032 10.031213999999984 0.0 1570.030605 localhost 0
FLASER 0  12.265713000000032 9.931213999999985 0.0 12.265713000000032 9.931213999999985 0.0 1570.240289 localhost 0
FLASER 0  12.225713000000033 9.831213999999985 0.0 12.225713000000033 9.831213999999985 0.0 1570.460219 localhost 0
FLASER 0  12.205713000000033 9.711213999999986 0.0 12.205713000000033 9.711213999999986 0.0 1570.670592 localhost 0
FLASER 0  12.205713000000033 9.611213999999986 0.0 12.205713000000033 9.611213999999986 0.0 1570.880264 localhost 0
FLASER 0  12.205713000000033 9.511213999999987 0.0 12.205713000000033 9.511213999999987 0.0 1571.100172 localhost 0
FLASER 0  12.205713000000033 9.391213999999987 0.0 12.205713000000033 9.391213999999987 0.0 1571.310646 localhost 0
FLASER 0  12.245713000000032 9.251213999999989 0.0 12.245713000000032 9.251213999999989 0.0 1571.52025 localhost 0
FLASER 0  12.245713000000032 9.13121399999999 0.0 12.245713000000032 9.13121399999999 0.0 1571.740244 localhost 0
FLASER 0  12.205713000000033 9.03121399999999 0.0 12.205713000000033 9.03121399999999 0.0 1571.950504 localhost 0
FLASER 0  12.165713000000034 8.95121399999999 0.0 12.165713000000034 8.95121399999999 0.0 1572.160317 localhost 0
FLASER 0  12.145713000000034 8.85121399999999 0.0 12.145713000000034 8.85121399999999 0.0 1572.380233 localhost 0
FLASER 0  12.105713000000035 8.77121399999999 0.0 12.105713000000035 8.77121399999999 0.0 1572.59061 localhost 0
FLASER 0  12.025713000000035 8.65121399999999 0.0 12.025713000000035 8.65121399999999 0.0 1572.800246 localhost 0
FLASER 0  11.945713000000035 8.57121399999999 0.0 11.945713000000035 8.57121399999999 0.0 1573.010752 localhost 0
FLASER 0  11.865713000000035 8.51121399999999 0.0 11.865713000000035 8.51121399999999 0.0 1573.230627 localhost 0
FLASER 0  11.785713000000035 8.45121399999999 0.0 11.785713000000035 8.45121399999999 0.0 1573.440355 localhost 0
FLASER 0  11.665713000000036 8.391213999999989 0.0 11.665713000000036 8.391213999999989 0.0 1573.660177 localhost 0
FLASER 0  11.585713000000036 8.37121399999999 0.0 11.585713000000036 8.37121399999999 0.0 1573.870656 localhost 0
FLASER 0  11.445713000000037 8.37121399999999 0.0 11.445713000000037 8.37121399999999 0.0 1574.081048 localhost 0
FLASER 0  11.365713000000037 8.35121399999999 0.0 11.365713000000037 8.35121399999999 0.0 1574.300556 localhost 0
FLASER 0  11.245713000000038 8.37121399999999 0.0 11.245713000000038 8.37121399999999 0.0 1574.510277 localhost 0
FLASER 0  11.165713000000038 8.391213999999989 0.0 11.165713000000038 8.391213999999989 0.0 1574.730651 localhost 0
FLASER 0  11.025713000000039 8.431213999999988 0.0 11.025713000000039 8.431213999999988 0.0 1574.940263 localhost 0
FLASER 0  10.925713000000039 8.471213999999987 0.0 10.925713000000039 8.471213999999987 0.0 1575.15033 localhost 0
FLASER 0  10.845713000000039 8.511213999999987 0.0 10.845713000000039 8.511213999999987 0.0 1575.370849 localhost 0
FLASER 0  10.72571300000004 8.531213999999986 0.0 10.72571300000004 8.531213999999986 0.0 1575.580186 localhost 0
FLASER 0  10.64571300000004 8.531213999999986 0.0 10.64571300000004 8.531213999999986 0.0 1575.790547 localhost 0
FLASER 0  10.505713000000041 8.551213999999986 0.0 10.505713000000041 8.551213999999986 0.0 1576.000249 localhost 0
FLASER 0  10.385713000000042 8.551213999999986 0.0 10.385713000000042 8.551213999999986 0.0 1576.220187 localhost 0
FLASER 0  10.285713000000042 8.551213999999986 0.0 10.285713000000042 8.551213999999986 0.0 1576.430871 localhost 0
FLASER 0  10.185713000000042 8.551213999999986 0.0 10.185713000000042 8.551213999999986 0.0 1576.640305 localhost 0
FLASER 0  10.065713000000043 8.531213999999986 0.0 10.065713000000043 8.531213999999986 0.0 1576.860227 localhost 0
FLASER 0  9.965713000000044 8.491213999999987 0.0 9.965713000000044 8.491213999999987 0.0 1577.070371 localhost 0
FLASER 0  9.865713000000044 8.471213999999987 0.0 9.865713000000044 8.471213999999987 0.0 1577.29024 localhost 0
FLASER 0  9.745713000000045 8.451213999999988 0.0 9.745713000000045 8.451213999999988 0.0 1577.500164 localhost 0
FLASER 0  9.645713000000045 8.451213999999988 0.0 9.645713000000045 8.451213999999988 0.0 1577.710588 localhost 0
FLASER 0  9.545713000000045 8.411213999999989 0.0 9.545713000000045 8.411213999999989 0.0 1577.920225 localhost 0
FLASER 0  9.325713000000047 8.391213999999989 0.0 9.325713000000047 8.391213999999989 0.0 1578.140219 localhost 0
FLASER 0  9.205713000000047 8.35121399999999 0.0 9.205713000000047 8.35121399999999 0.0 1578.560223 localhost 0
FLASER 0  9.085713000000048 8.33121399999999 0.0 9.085713000000048 8.33121399999999 0.0 1578.780317 localhost 0
FLASER 0  8.985713000000048 8.31121399999999 0.0 8.985713000000048 8.31121399999999 0.0 1578.990281 localhost 0
FLASER 0  8.885713000000049 8.31121399999999 0.0 8.885713000000049 8.31121399999999 0.0 1579.200238 localhost 0
FLASER 0  8.78571300000005 8.291213999999991 0.0 8.78571300000005 8.291213999999991 0.0 1579.420169 localhost 0
FLASER 0  8.66571300000005 8.271213999999992 0.0 8.66571300000005 8.271213999999992 0.0 1579.630707 localhost 0
FLASER 0  8.56571300000005 8.271213999999992 0.0 8.56571300000005 8.271213999999992 0.0 1579.850549 localhost 0
FLASER 0  8.445713000000051 8.271213999999992 0.0 8.445713000000051 8.271213999999992 0.0 1580.060161 localhost 0
FLASER 0  8.345713000000051 8.291213999999991 0.0 8.345713000000051 8.291213999999991 0.0 1580.270602 localhost 0
FLASER 0  8.245713000000052 8.33121399999999 0.0 8.245713000000052 8.33121399999999 0.0 1580.480262 localhost 0
FLASER 0  8.165713000000052 8.39121399999999 0.0 8.165713000000052 8.39121399999999 0.0 1580.700235 localhost 0
FLASER 0  8.045713000000053 8.43121399999999 0.0 8.045713000000053 8.43121399999999 0.0 1580.910523 localhost 0
FLASER 0  7.985713000000053 8.51121399999999 0.0 7.985713000000053 8.51121399999999 0.0 1581.120247 localhost 0
FLASER 0  7.905713000000053 8.61121399999999 0.0 7.905713000000053 8.61121399999999 0.0 1581.340252 localhost 0
FLASER 0  7.845713000000053 8.67121399999999 0.0 7.845713000000053 8.67121399999999 0.0 1581.550618 localhost 0
FLASER 0  7.785713000000054 8.77121399999999 0.0 7.785713000000054 8.77121399999999 0.0 1581.770581 localhost 0
FLASER 0  7.725713000000054 8.87121399999999 0.0 7.725713000000054 8.87121399999999 0.0 1581.980239 localhost 0
FLASER 0  7.705713000000054 8.97121399999999 0.0 7.705713000000054 8.97121399999999 0.0 1582.190636 localhost 0
FLASER 0  7.685713000000055 9.071213999999989 0.0 7.685713000000055 9.071213999999989 0.0 1582.4106 localhost 0
FLASER 0  7.645713000000055 9.171213999999988 0.0 7.645713000000055 9.171213999999988 0.0 1582.620243 localhost 0
FLASER 0  7.625713000000055 9.271213999999988 0.0 7.625713000000055 9.271213999999988 0.0 1582.830679 localhost 0
FLASER 0  7.585713000000055 9.391213999999987 0.0 7.585713000000055 9.391213999999987 0.0 1583.050581 localhost 0
FLASER 0  7.605713000000055 9.491213999999987 0.0 7.605713000000055 9.491213999999987 0.0 1583.260242 localhost 0
FLASER 0  7.605713000000055 9.591213999999987 0.0 7.605713000000055 9.591213999999987 0.0 1583.470633 localhost 0
FLASER 0  7.625713000000054 9.711213999999986 0.0 7.625713000000054 9.711213999999986 0.0 1583.690633 localhost 0
FLASER 0  7.665713000000054 9.811213999999985 0.0 7.665713000000054 9.811213999999985 0.0 1583.900203 localhost 0
FLASER 0  7.725713000000054 9.911213999999985 0.0 7.725713000000054 9.911213999999985 0.0 1584.120246 localhost 0
FLASER 0  7.785713000000054 9.991213999999985 0.0 7.785713000000054 9.991213999999985 0.0 1584.330665 localhost 0
FLASER 0  7.865713000000054 10.071213999999985 0.0 7.865713000000054 10.071213999999985 0.0 1584.54025 localhost 0
FLASER 0  7.965713000000053 10.111213999999984 0.0 7.965713000000053 10.111213999999984 0.0 1584.760249 localhost 0
FLASER 0  8.045713000000054 10.191213999999984 0.0 8.045713000000054 10.191213999999984 0.0 1584.970553 localhost 0
FLASER 0  8.125713000000054 10.251213999999985 0.0 8.125713000000054 10.251213999999985 0.0 1585.180237 localhost 0
FLASER 0  8.225713000000054 10.271213999999985 0.0 8.225713000000054 10.271213999999985 0.0 1585.400244 localhost 0
FLASER 0  8.365713000000053 10.271213999999985 0.0 8.365713000000053 10.271213999999985 0.0 1585.610738 localhost 0
FLASER 0  8.465713000000052 10.271213999999985 0.0 8.465713000000052 10.271213999999985 0.0 1585.82026 localhost 0
FLASER 0  8.545713000000053 10.271213999999985 0.0 8.545713000000053 10.271213999999985 0.0 1586.030666 localhost 0
FLASER 0  8.645713000000052 10.251213999999985 0.0 8.645713000000052 10.251213999999985 0.0 1586.251296 localhost 0
FLASER 0  8.785713000000051 10.231213999999985 0.0 8.785713000000051 10.231213999999985 0.0 1586.460194 localhost 0
FLASER 0  8.80571300000005 10.251213999999985 0.0 8.80571300000005 10.251213999999985 0.0 1586.670226 localhost 0
FLASER 0  8.80571300000005 10.251213999999985 0.0 8.80571300000005 10.251213999999985 0.0 1587.10057 localhost 0
FLASER 0  8.80571300000005 10.251213999999985 0.0 8.80571300000005 10.251213999999985 0.0 1587.320225 localhost 0
FLASER 0  8.84571300000005 10.231213999999985 0.0 8.84571300000005 10.231213999999985 0.0 1587.530923 localhost 0
FLASER 0  8.76571300000005 10.251213999999985 0.0 8.76571300000005 10.251213999999985 0.0 1587.74021 localhost 0
FLASER 0  8.72571300000005 10.251213999999985 0.0 8.72571300000005 10.251213999999985 0.0 1587.950733 localhost 0
FLASER 0  8.605713000000051 10.271213999999985 0.0 8.605713000000051 10.271213999999985 0.0 1588.171324 localhost 0
FLASER 0  8.585713000000052 10.271213999999985 0.0 8.585713000000052 10.271213999999985 0.0 1588.380441 localhost 0
FLASER 0  8.585713000000052 10.271213999999985 0.0 8.585713000000052 10.271213999999985 0.0 1588.600257 localhost 0
FLASER 0  8.645713000000052 10.271213999999985 0.0 8.645713000000052 10.271213999999985 0.0 1588.810611 localhost 0
FLASER 0  8.705713000000053 10.291213999999984 0.0 8.705713000000053 10.291213999999984 0.0 1589.020584 localhost 0
FLASER 0  8.805713000000052 10.291213999999984 0.0 8.805713000000052 10.291213999999984 0.0 1589.230109 localhost 0
FLASER 0  8.905713000000052 10.311213999999984 0.0 8.905713000000052 10.311213999999984 0.0 1589.450212 localhost 0
FLASER 0  9.025713000000051 10.311213999999984 0.0 9.025713000000051 10.311213999999984 0.0 1589.661146 localhost 0
FLASER 0  9.105713000000051 10.331213999999983 0.0 9.105713000000051 10.331213999999983 0.0 1589.870247 localhost 0
FLASER 0  9.20571300000005 10.351213999999983 0.0 9.20571300000005 10.351213999999983 0.0 1590.090242 localhost 0
FLASER 0  9.34571300000005 10.351213999999983 0.0 9.34571300000005 10.351213999999983 0.0 1590.300868 localhost 0
FLASER 0  9.44571300000005 10.371213999999982 0.0 9.44571300000005 10.371213999999982 0.0 1590.520649 localhost 0
FLASER 0  9.52571300000005 10.391213999999982 0.0 9.52571300000005 10.391213999999982 0.0 1590.730083 localhost 0
FLASER 0  9.68571300000005 10.391213999999982 0.0 9.68571300000005 10.391213999999982 0.0 1590.94053 localhost 0
FLASER 0  9.76571300000005 10.411213999999982 0.0 9.76571300000005 10.411213999999982 0.0 1591.150282 localhost 0
FLASER 0  9.885713000000049 10.45121399999998 0.0 9.885713000000049 10.45121399999998 0.0 1591.370298 localhost 0
FLASER 0  9.885713000000049 10.431213999999981 0.0 9.885713000000049 10.431213999999981 0.0 1591.580169 localhost 0
FLASER 0  9.885713000000049 10.431213999999981 0.0 9.885713000000049 10.431213999999981 0.0 1591.801058 localhost 0
FLASER 0  9.84571300000005 10.45121399999998 0.0 9.84571300000005 10.45121399999998 0.0 1592.01024 localhost 0
FLASER 0  9.84571300000005 10.431213999999981 0.0 9.84571300000005 10.431213999999981 0.0 1592.220534 localhost 0
FLASER 0  9.76571300000005 10.391213999999982 0.0 9.76571300000005 10.391213999999982 0.0 1592.430626 localhost 0
FLASER 0  9.68571300000005 10.351213999999983 0.0 9.68571300000005 10.351213999999983 0.0 1592.650315 localhost 0
FLASER 0  9.625713000000049 10.311213999999984 0.0 9.625713000000049 10.311213999999984 0.0 1592.860021 localhost 0
FLASER 0  9.60571300000005 10.311213999999984 0.0 9.60571300000005 10.311213999999984 0.0 1593.080163 localhost 0
FLASER 0  9.58571300000005 10.311213999999984 0.0 9.58571300000005 10.311213999999984 0.0 1593.290632 localhost 0
FLASER 0  9.58571300000005 10.311213999999984 0.0 9.58571300000005 10.311213999999984 0.0 1593.500307 localhost 0
FLASER 0  9.625713000000049 10.311213999999984 0.0 9.625713000000049 10.311213999999984 0.0 1593.720222 localhost 0
FLASER 0  9.625713000000049 10.331213999999983 0.0 9.625713000000049 10.331213999999983 0.0 1593.93037 localhost 0
FLASER 0  9.645713000000049 10.351213999999983 0.0 9.645713000000049 10.351213999999983 0.0 1594.140253 localhost 0
FLASER 0  9.625713000000049 10.351213999999983 0.0 9.625713000000049 10.351213999999983 0.0 1594.360253 localhost 0
FLASER 0  9.625713000000049 10.351213999999983 0.0 9.625713000000049 10.351213999999983 0.0 1594.571157 localhost 0
FLASER 0  9.645713000000049 10.351213999999983 0.0 9.645713000000049 10.351213999999983 0.0 1594.780033 localhost 0
FLASER 0  9.645713000000049 10.351213999999983 0.0 9.645713000000049 10.351213999999983 0.0 1595.000285 localhost 0
FLASER 0  9.625713000000049 10.351213999999983 0.0 9.625713000000049 10.351213999999983 0.0 1595.210634 localhost 0
FLASER 0  9.645713000000049 10.331213999999983 0.0 9.645713000000049 10.331213999999983 0.0 1595.420217 localhost 0
FLASER 0  9.625713000000049 10.271213999999983 0.0 9.625713000000049 10.271213999999983 0.0 1595.640254 localhost 0
FLASER 0  9.60571300000005 10.271213999999983 0.0 9.60571300000005 10.271213999999983 0.0 1595.850876 localhost 0
FLASER 0  9.625713000000049 10.271213999999983 0.0 9.625713000000049 10.271213999999983 0.0 1596.060228 localhost 0
FLASER 0  9.60571300000005 10.271213999999983 0.0 9.60571300000005 10.271213999999983 0.0 1596.280132 localhost 0
FLASER 0  9.645713000000049 10.311213999999982 0.0 9.645713000000049 10.311213999999982 0.0 1596.49028 localhost 0
FLASER 0  9.685713000000048 10.391213999999982 0.0 9.685713000000048 10.391213999999982 0.0 1596.700215 localhost 0
FLASER 0  9.725713000000047 10.411213999999982 0.0 9.725713000000047 10.411213999999982 0.0 1596.920097 localhost 0
FLASER 0  9.725713000000047 10.411213999999982 0.0 9.725713000000047 10.411213999999982 0.0 1597.130745 localhost 0
FLASER 0  9.725713000000047 10.411213999999982 0.0 9.725713000000047 10.411213999999982 0.0 1597.350645 localhost 0
FLASER 0  9.725713000000047 10.431213999999981 0.0 9.725713000000047 10.431213999999981 0.0 1597.560247 localhost 0
FLASER 0  9.745713000000046 10.45121399999998 0.0 9.745713000000046 10.45121399999998 0.0 1597.770682 localhost 0
FLASER 0  9.745713000000046 10.45121399999998 0.0 9.745713000000046 10.45121399999998 0.0 1597.980323 localhost 0
FLASER 0  9.765713000000046 10.45121399999998 0.0 9.765713000000046 10.45121399999998 0.0 1598.20018 localhost 0
FLASER 0  9.765713000000046 10.45121399999998 0.0 9.765713000000046 10.45121399999998 0.0 1598.410873 localhost 0
FLASER 0  9.765713000000046 10.47121399999998 0.0 9.765713000000046 10.47121399999998 0.0 1598.620401 localhost 0
FLASER 0  9.765713000000046 10.47121399999998 0.0 9.765713000000046 10.47121399999998 0.0 1598.840221 localhost 0
FLASER 0  9.765713000000046 10.49121399999998 0.0 9.765713000000046 10.49121399999998 0.0 1599.050581 localhost 0
FLASER 0  9.765713000000046 10.49121399999998 0.0 9.765713000000046 10.49121399999998 0.0 1599.260206 localhost 0
FLASER 0  9.765713000000046 10.47121399999998 0.0 9.765713000000046 10.47121399999998 0.0 1599.480159 localhost 0
FLASER 0  9.765713000000046 10.47121399999998 0.0 9.765713000000046 10.47121399999998 0.0 1599.690514 localhost 0
FLASER 0  9.745713000000046 10.47121399999998 0.0 9.745713000000046 10.47121399999998 0.0 1599.910953 localhost 0
FLASER 0  9.765713000000046 10.47121399999998 0.0 9.765713000000046 10.47121399999998 0.0 1600.120194 localhost 0
FLASER 0  9.785713000000046 10.49121399999998 0.0 9.785713000000046 10.49121399999998 0.0 1600.330289 localhost 0
FLASER 0  9.765713000000046 10.47121399999998 0.0 9.765713000000046 10.47121399999998 0.0 1600.540232 localhost 0
FLASER 0  9.745713000000046 10.53121399999998 0.0 9.745713000000046 10.53121399999998 0.0 1600.760161 localhost 0
FLASER 0  9.685713000000046 10.57121399999998 0.0 9.685713000000046 10.57121399999998 0.0 1600.97083 localhost 0
FLASER 0  9.605713000000046 10.65121399999998 0.0 9.605713000000046 10.65121399999998 0.0 1601.180252 localhost 0
FLASER 0  9.505713000000046 10.71121399999998 0.0 9.505713000000046 10.71121399999998 0.0 1601.400167 localhost 0
FLASER 0  9.425713000000046 10.79121399999998 0.0 9.425713000000046 10.79121399999998 0.0 1601.611251 localhost 0
FLASER 0  9.345713000000046 10.851213999999981 0.0 9.345713000000046 10.851213999999981 0.0 1601.820209 localhost 0
FLASER 0  9.245713000000046 10.95121399999998 0.0 9.245713000000046 10.95121399999998 0.0 1602.040189 localhost 0
FLASER 0  9.185713000000046 11.03121399999998 0.0 9.185713000000046 11.03121399999998 0.0 1602.250597 localhost 0
FLASER 0  9.105713000000046 11.23121399999998 0.0 9.105713000000046 11.23121399999998 0.0 1602.680183 localhost 0
FLASER 0  9.085713000000046 11.371213999999979 0.0 9.085713000000046 11.371213999999979 0.0 1602.890804 localhost 0
FLASER 0  9.085713000000046 11.471213999999978 0.0 9.085713000000046 11.471213999999978 0.0 1603.110894 localhost 0
FLASER 0  9.105713000000046 11.551213999999979 0.0 9.105713000000046 11.551213999999979 0.0 1603.320221 localhost 0
FLASER 0  9.105713000000046 11.671213999999978 0.0 9.105713000000046 11.671213999999978 0.0 1603.530917 localhost 0
FLASER 0  9.125713000000045 11.771213999999977 0.0 9.125713000000045 11.771213999999977 0.0 1603.750573 localhost 0
FLASER 0  9.145713000000045 11.891213999999977 0.0 9.145713000000045 11.891213999999977 0.0 1603.960248 localhost 0
FLASER 0  9.145713000000045 12.011213999999976 0.0 9.145713000000045 12.011213999999976 0.0 1604.170917 localhost 0
FLASER 0  9.145713000000045 12.111213999999975 0.0 9.145713000000045 12.111213999999975 0.0 1604.38028 localhost 0
FLASER 0  9.185713000000044 12.211213999999975 0.0 9.185713000000044 12.211213999999975 0.0 1604.60087 localhost 0
FLASER 0  9.225713000000043 12.311213999999975 0.0 9.225713000000043 12.311213999999975 0.0 1604.810253 localhost 0
FLASER 0  9.245713000000043 12.411213999999974 0.0 9.245713000000043 12.411213999999974 0.0 1605.030439 localhost 0
FLASER 0  9.245713000000043 12.451213999999974 0.0 9.245713000000043 12.451213999999974 0.0 1605.240231 localhost 0
FLASER 0  9.245713000000043 12.451213999999974 0.0 9.245713000000043 12.451213999999974 0.0 1605.450248 localhost 0
FLASER 0  9.245713000000043 12.451213999999974 0.0 9.245713000000043 12.451213999999974 0.0 1605.670256 localhost 0
FLASER 0  9.245713000000043 12.451213999999974 0.0 9.245713000000043 12.451213999999974 0.0 1605.880767 localhost 0
FLASER 0  9.245713000000043 12.451213999999974 0.0 9.245713000000043 12.451213999999974 0.0 1606.091404 localhost 0
FLASER 0  9.245713000000043 12.451213999999974 0.0 9.245713000000043 12.451213999999974 0.0 1606.310824 localhost 0
FLASER 0  9.245713000000043 12.451213999999974 0.0 9.245713000000043 12.451213999999974 0.0 1606.520288 localhost 0
FLASER 0  9.265713000000042 12.471213999999973 0.0 9.265713000000042 12.471213999999973 0.0 1606.730512 localhost 0
FLASER 0  9.265713000000042 12.531213999999974 0.0 9.265713000000042 12.531213999999974 0.0 1606.951478 localhost 0
FLASER 0  9.265713000000042 12.611213999999974 0.0 9.265713000000042 12.611213999999974 0.0 1607.160544 localhost 0
FLASER 0  9.245713000000043 12.671213999999974 0.0 9.245713000000043 12.671213999999974 0.0 1607.370299 localhost 0
FLASER 0  9.265713000000042 12.651213999999975 0.0 9.265713000000042 12.651213999999975 0.0 1607.590542 localhost 0
FLASER 0  9.265713000000042 12.671213999999974 0.0 9.265713000000042 12.671213999999974 0.0 1607.800783 localhost 0
FLASER 0  9.265713000000042 12.691213999999974 0.0 9.265713000000042 12.691213999999974 0.0 1608.010211 localhost 0
FLASER 0  9.245713000000043 12.711213999999973 0.0 9.245713000000043 12.711213999999973 0.0 1608.230335 localhost 0
FLASER 0  9.225713000000043 12.771213999999974 0.0 9.225713000000043 12.771213999999974 0.0 1608.441108 localhost 0
FLASER 0  9.165713000000043 12.831213999999974 0.0 9.165713000000043 12.831213999999974 0.0 1608.660538 localhost 0
FLASER 0  9.105713000000042 12.931213999999974 0.0 9.105713000000042 12.931213999999974 0.0 1608.870241 localhost 0
FLASER 0  9.005713000000043 12.971213999999973 0.0 9.005713000000043 12.971213999999973 0.0 1609.080227 localhost 0
FLASER 0  8.925713000000043 13.051213999999973 0.0 8.925713000000043 13.051213999999973 0.0 1609.290392 localhost 0
FLASER 0  8.825713000000043 13.111213999999974 0.0 8.825713000000043 13.111213999999974 0.0 1609.510576 localhost 0
FLASER 0  8.745713000000043 13.171213999999974 0.0 8.745713000000043 13.171213999999974 0.0 1609.720234 localhost 0
FLASER 0  8.665713000000043 13.231213999999975 0.0 8.665713000000043 13.231213999999975 0.0 1609.930287 localhost 0
FLASER 0  8.565713000000043 13.311213999999975 0.0 8.565713000000043 13.311213999999975 0.0 1610.150579 localhost 0
FLASER 0  8.505713000000043 13.411213999999974 0.0 8.505713000000043 13.411213999999974 0.0 1610.360167 localhost 0
FLASER 0  8.445713000000042 13.451213999999974 0.0 8.445713000000042 13.451213999999974 0.0 1610.580158 localhost 0
FLASER 0  8.385713000000042 13.551213999999973 0.0 8.385713000000042 13.551213999999973 0.0 1610.790604 localhost 0
FLASER 0  8.385713000000042 13.611213999999974 0.0 8.385713000000042 13.611213999999974 0.0 1611.000187 localhost 0
FLASER 0  8.405713000000041 13.611213999999974 0.0 8.405713000000041 13.611213999999974 0.0 1611.220658 localhost 0
FLASER 0  8.385713000000042 13.611213999999974 0.0 8.385713000000042 13.611213999999974 0.0 1611.430242 localhost 0
FLASER 0  8.365713000000042 13.591213999999974 0.0 8.365713000000042 13.591213999999974 0.0 1611.640782 localhost 0
FLASER 0  8.385713000000042 13.571213999999975 0.0 8.385713000000042 13.571213999999975 0.0 1611.860558 localhost 0
FLASER 0  8.42571300000004 13.491213999999975 0.0 8.42571300000004 13.491213999999975 0.0 1612.070231 localhost 0
FLASER 0  8.44571300000004 13.371213999999975 0.0 8.44571300000004 13.371213999999975 0.0 1612.2802 localhost 0
FLASER 0  8.52571300000004 13.291213999999975 0.0 8.52571300000004 13.291213999999975 0.0 1612.500559 localhost 0
FLASER 0  8.585713000000041 13.211213999999975 0.0 8.585713000000041 13.211213999999975 0.0 1612.710343 localhost 0
FLASER 0  8.645713000000042 13.131213999999975 0.0 8.645713000000042 13.131213999999975 0.0 1612.920794 localhost 0
FLASER 0  8.68571300000004 13.091213999999976 0.0 8.68571300000004 13.091213999999976 0.0 1613.140586 localhost 0
FLASER 0  8.665713000000041 13.091213999999976 0.0 8.665713000000041 13.091213999999976 0.0 1613.350284 localhost 0
FLASER 0  8.625713000000042 13.111213999999975 0.0 8.625713000000042 13.111213999999975 0.0 1613.560579 localhost 0
FLASER 0  8.525713000000042 13.151213999999975 0.0 8.525713000000042 13.151213999999975 0.0 1613.770271 localhost 0
FLASER 0  8.405713000000043 13.151213999999975 0.0 8.405713000000043 13.151213999999975 0.0 1613.990362 localhost 0
FLASER 0  8.305713000000043 13.111213999999975 0.0 8.305713000000043 13.111213999999975 0.0 1614.20071 localhost 0
FLASER 0  8.245713000000043 13.111213999999975 0.0 8.245713000000043 13.111213999999975 0.0 1614.420863 localhost 0
FLASER 0  8.285713000000042 13.131213999999975 0.0 8.285713000000042 13.131213999999975 0.0 1614.630265 localhost 0
FLASER 0  8.385713000000042 13.131213999999975 0.0 8.385713000000042 13.131213999999975 0.0 1614.840481 localhost 0
FLASER 0  8.445713000000042 13.151213999999975 0.0 8.445713000000042 13.151213999999975 0.0 1615.060535 localhost 0
FLASER 0  8.465713000000042 13.151213999999975 0.0 8.465713000000042 13.151213999999975 0.0 1615.270322 localhost 0
FLASER 0  8.445713000000042 13.151213999999975 0.0 8.445713000000042 13.151213999999975 0.0 1615.49026 localhost 0
FLASER 0  8.425713000000043 13.131213999999975 0.0 8.425713000000043 13.131213999999975 0.0 1615.70131 localhost 0
FLASER 0  8.325713000000043 13.091213999999976 0.0 8.325713000000043 13.091213999999976 0.0 1615.910362 localhost 0
FLASER 0  8.225713000000043 13.011213999999976 0.0 8.225713000000043 13.011213999999976 0.0 1616.130602 localhost 0
FLASER 0  8.245713000000043 12.991213999999976 0.0 8.245713000000043 12.991213999999976 0.0 1616.340863 localhost 0
FLASER 0  8.225713000000043 12.951213999999977 0.0 8.225713000000043 12.951213999999977 0.0 1616.760608 localhost 0
FLASER 0  8.205713000000044 12.891213999999977 0.0 8.205713000000044 12.891213999999977 0.0 1616.980586 localhost 0
FLASER 0  8.165713000000045 12.811213999999977 0.0 8.165713000000045 12.811213999999977 0.0 1617.19027 localhost 0
FLASER 0  8.145713000000045 12.711213999999977 0.0 8.145713000000045 12.711213999999977 0.0 1617.400954 localhost 0
FLASER 0  8.125713000000045 12.591213999999978 0.0 8.125713000000045 12.591213999999978 0.0 1617.620621 localhost 0
FLASER 0  8.105713000000046 12.471213999999978 0.0 8.105713000000046 12.471213999999978 0.0 1617.830283 localhost 0
FLASER 0  8.105713000000046 12.35121399999998 0.0 8.105713000000046 12.35121399999998 0.0 1618.040433 localhost 0
FLASER 0  8.065713000000047 12.291213999999979 0.0 8.065713000000047 12.291213999999979 0.0 1618.261394 localhost 0
FLASER 0  8.025713000000048 12.19121399999998 0.0 8.025713000000048 12.19121399999998 0.0 1618.470278 localhost 0
FLASER 0  7.985713000000048 12.07121399999998 0.0 7.985713000000048 12.07121399999998 0.0 1618.690116 localhost 0
FLASER 0  7.9457130000000475 11.97121399999998 0.0 7.9457130000000475 11.97121399999998 0.0 1618.900617 localhost 0
FLASER 0  7.9057130000000475 11.851213999999981 0.0 7.9057130000000475 11.851213999999981 0.0 1619.110335 localhost 0
FLASER 0  7.9057130000000475 11.771213999999981 0.0 7.9057130000000475 11.771213999999981 0.0 1619.320857 localhost 0
FLASER 0  7.885713000000048 11.651213999999982 0.0 7.885713000000048 11.651213999999982 0.0 1619.54062 localhost 0
FLASER 0  7.885713000000048 11.551213999999982 0.0 7.885713000000048 11.551213999999982 0.0 1619.750262 localhost 0
FLASER 0  7.9057130000000475 11.431213999999983 0.0 7.9057130000000475 11.431213999999983 0.0 1619.970198 localhost 0
FLASER 0  7.9057130000000475 11.331213999999983 0.0 7.9057130000000475 11.331213999999983 0.0 1620.180567 localhost 0
FLASER 0  7.885713000000048 11.231213999999984 0.0 7.885713000000048 11.231213999999984 0.0 1620.390333 localhost 0
FLASER 0  7.9057130000000475 11.131213999999984 0.0 7.9057130000000475 11.131213999999984 0.0 1620.600161 localhost 0
FLASER 0  7.925713000000047 11.011213999999985 0.0 7.925713000000047 11.011213999999985 0.0 1620.821302 localhost 0
FLASER 0  7.925713000000047 10.891213999999986 0.0 7.925713000000047 10.891213999999986 0.0 1621.030622 localhost 0
FLASER 0  7.925713000000047 10.791213999999986 0.0 7.925713000000047 10.791213999999986 0.0 1621.240593 localhost 0
FLASER 0  7.9057130000000475 10.671213999999987 0.0 7.9057130000000475 10.671213999999987 0.0 1621.46038 localhost 0
FLASER 0  7.885713000000048 10.571213999999987 0.0 7.885713000000048 10.571213999999987 0.0 1621.67024 localhost 0
FLASER 0  7.845713000000048 10.491213999999987 0.0 7.845713000000048 10.491213999999987 0.0 1621.880312 localhost 0
FLASER 0  7.805713000000048 10.391213999999987 0.0 7.805713000000048 10.391213999999987 0.0 1622.100227 localhost 0
FLASER 0  7.785713000000048 10.291213999999988 0.0 7.785713000000048 10.291213999999988 0.0 1622.310617 localhost 0
FLASER 0  7.765713000000049 10.171213999999988 0.0 7.765713000000049 10.171213999999988 0.0 1622.530881 localhost 0
FLASER 0  7.725713000000049 10.071213999999989 0.0 7.725713000000049 10.071213999999989 0.0 1622.740225 localhost 0
FLASER 0  7.665713000000049 9.97121399999999 0.0 7.665713000000049 9.97121399999999 0.0 1622.950222 localhost 0
FLASER 0  7.665713000000049 9.85121399999999 0.0 7.665713000000049 9.85121399999999 0.0 1623.160599 localhost 0
FLASER 0  7.685713000000049 9.73121399999999 0.0 7.685713000000049 9.73121399999999 0.0 1623.380187 localhost 0
FLASER 0  7.625713000000049 9.631213999999991 0.0 7.625713000000049 9.631213999999991 0.0 1623.59114 localhost 0
FLASER 0  7.665713000000049 9.531213999999991 0.0 7.665713000000049 9.531213999999991 0.0 1623.810546 localhost 0
FLASER 0  7.685713000000049 9.391213999999993 0.0 7.685713000000049 9.391213999999993 0.0 1624.02019 localhost 0
FLASER 0  7.685713000000049 9.271213999999993 0.0 7.685713000000049 9.271213999999993 0.0 1624.230906 localhost 0
FLASER 0  7.685713000000049 9.171213999999994 0.0 7.685713000000049 9.171213999999994 0.0 1624.450519 localhost 0
FLASER 0  7.665713000000049 9.071213999999994 0.0 7.665713000000049 9.071213999999994 0.0 1624.66019 localhost 0
FLASER 0  7.685713000000049 8.971213999999994 0.0 7.685713000000049 8.971213999999994 0.0 1624.870709 localhost 0
FLASER 0  7.645713000000049 8.851213999999995 0.0 7.645713000000049 8.851213999999995 0.0 1625.090688 localhost 0
FLASER 0  7.645713000000049 8.751213999999996 0.0 7.645713000000049 8.751213999999996 0.0 1625.300253 localhost 0
FLASER 0  7.665713000000048 8.631213999999996 0.0 7.665713000000048 8.631213999999996 0.0 1625.510375 localhost 0
FLASER 0  7.665713000000048 8.551213999999996 0.0 7.665713000000048 8.551213999999996 0.0 1625.730897 localhost 0
FLASER 0  7.725713000000048 8.451213999999997 0.0 7.725713000000048 8.451213999999997 0.0 1625.940312 localhost 0
FLASER 0  7.745713000000047 8.371213999999997 0.0 7.745713000000047 8.371213999999997 0.0 1626.1506 localhost 0
FLASER 0  7.825713000000047 8.291213999999997 0.0 7.825713000000047 8.291213999999997 0.0 1626.360267 localhost 0
FLASER 0  7.885713000000047 8.211213999999996 0.0 7.885713000000047 8.211213999999996 0.0 1626.580251 localhost 0
FLASER 0  7.985713000000047 8.131213999999996 0.0 7.985713000000047 8.131213999999996 0.0 1626.790604 localhost 0
FLASER 0  8.105713000000046 8.091213999999997 0.0 8.105713000000046 8.091213999999997 0.0 1627.000258 localhost 0
FLASER 0  8.205713000000046 8.051213999999998 0.0 8.205713000000046 8.051213999999998 0.0 1627.220248 localhost 0
FLASER 0  8.325713000000045 8.011213999999999 0.0 8.325713000000045 8.011213999999999 0.0 1627.430717 localhost 0
FLASER 0  8.425713000000044 8.011213999999999 0.0 8.425713000000044 8.011213999999999 0.0 1627.65058 localhost 0
FLASER 0  8.565713000000043 8.011213999999999 0.0 8.565713000000043 8.011213999999999 0.0 1627.860251 localhost 0
FLASER 0  8.645713000000043 8.031213999999999 0.0 8.645713000000043 8.031213999999999 0.0 1628.070909 localhost 0
FLASER 0  8.745713000000043 8.051213999999998 0.0 8.745713000000043 8.051213999999998 0.0 1628.29019 localhost 0
FLASER 0  8.865713000000042 8.051213999999998 0.0 8.865713000000042 8.051213999999998 0.0 1628.500716 localhost 0
FLASER 0  8.985713000000041 8.031213999999999 0.0 8.985713000000041 8.031213999999999 0.0 1628.710684 localhost 0
FLASER 0  9.085713000000041 8.051213999999998 0.0 9.085713000000041 8.051213999999998 0.0 1628.930758 localhost 0
FLASER 0  9.165713000000041 8.031213999999999 0.0 9.165713000000041 8.031213999999999 0.0 1629.140349 localhost 0
FLASER 0  9.225713000000042 8.011213999999999 0.0 9.225713000000042 8.011213999999999 0.0 1629.360249 localhost 0
FLASER 0  9.205713000000042 8.051213999999998 0.0 9.205713000000042 8.051213999999998 0.0 1629.571059 localhost 0
FLASER 0  9.185713000000042 8.011213999999999 0.0 9.185713000000042 8.011213999999999 0.0 1629.780249 localhost 0
FLASER 0  9.185713000000042 8.031213999999999 0.0 9.185713000000042 8.031213999999999 0.0 1629.990516 localhost 0
FLASER 0  9.205713000000042 8.051213999999998 0.0 9.205713000000042 8.051213999999998 0.0 1630.210345 localhost 0
FLASER 0  9.185713000000042 8.051213999999998 0.0 9.185713000000042 8.051213999999998 0.0 1630.420592 localhost 0
FLASER 0  9.185713000000042 8.031213999999999 0.0 9.185713000000042 8.031213999999999 0.0 1630.630626 localhost 0
FLASER 0  9.185713000000042 8.031213999999999 0.0 9.185713000000042 8.031213999999999 0.0 1630.850241 localhost 0
FLASER 0  9.185713000000042 8.011213999999999 0.0 9.185713000000042 8.011213999999999 0.0 1631.060574 localhost 0
FLASER 0  9.185713000000042 8.031213999999999 0.0 9.185713000000042 8.031213999999999 0.0 1631.281144 localhost 0
FLASER 0  9.185713000000042 8.051213999999998 0.0 9.185713000000042 8.051213999999998 0.0 1631.490236 localhost 0
FLASER 0  9.185713000000042 8.051213999999998 0.0 9.185713000000042 8.051213999999998 0.0 1631.700511 localhost 0
FLASER 0  9.185713000000042 8.031213999999999 0.0 9.185713000000042 8.031213999999999 0.0 1631.910601 localhost 0
FLASER 0  9.185713000000042 8.031213999999999 0.0 9.185713000000042 8.031213999999999 0.0 1632.130835 localhost 0
FLASER 0  9.185713000000042 8.051213999999998 0.0 9.185713000000042 8.051213999999998 0.0 1632.340236 localhost 0
FLASER 0  9.185713000000042 8.051213999999998 0.0 9.185713000000042 8.051213999999998 0.0 1632.550072 localhost 0
FLASER 0  9.185713000000042 8.031213999999999 0.0 9.185713000000042 8.031213999999999 0.0 1632.770238 localhost 0
FLASER 0  9.185713000000042 8.031213999999999 0.0 9.185713000000042 8.031213999999999 0.0 1632.980232 localhost 0
FLASER 0  9.185713000000042 8.051213999999998 0.0 9.185713000000042 8.051213999999998 0.0 1633.2006 localhost 0
FLASER 0  9.185713000000042 8.051213999999998 0.0 9.185713000000042 8.051213999999998 0.0 1633.4102 localhost 0
FLASER 0  9.185713000000042 8.031213999999999 0.0 9.185713000000042 8.031213999999999 0.0 1633.620944 localhost 0
FLASER 0  9.185713000000042 8.051213999999998 0.0 9.185713000000042 8.051213999999998 0.0 1633.830249 localhost 0
FLASER 0  9.185713000000042 8.031213999999999 0.0 9.185713000000042 8.031213999999999 0.0 1634.050193 localhost 0
FLASER 0  9.185713000000042 8.031213999999999 0.0 9.185713000000042 8.031213999999999 0.0 1634.260309 localhost 0
FLASER 0  9.185713000000042 8.051213999999998 0.0 9.185713000000042 8.051213999999998 0.0 1634.480484 localhost 0
FLASER 0  9.185713000000042 8.051213999999998 0.0 9.185713000000042 8.051213999999998 0.0 1634.690501 localhost 0
FLASER 0  9.185713000000042 8.031213999999999 0.0 9.185713000000042 8.031213999999999 0.0 1634.900237 localhost 0
FLASER 0  9.185713000000042 8.031213999999999 0.0 9.185713000000042 8.031213999999999 0.0 1635.120158 localhost 0
FLASER 0  9.185713000000042 8.031213999999999 0.0 9.185713000000042 8.031213999999999 0.0 1635.330918 localhost 0
FLASER 0  9.185713000000042 8.011213999999999 0.0 9.185713000000042 8.011213999999999 0.0 1635.54027 localhost 0
FLASER 0  9.185713000000042 8.031213999999999 0.0 9.185713000000042 8.031213999999999 0.0 1635.750812 localhost 0
FLASER 0  9.185713000000042 8.051213999999998 0.0 9.185713000000042 8.051213999999998 0.0 1635.970947 localhost 0
FLASER 0  9.185713000000042 8.011213999999999 0.0 9.185713000000042 8.011213999999999 0.0 1636.180123 localhost 0
FLASER 0  9.185713000000042 8.031213999999999 0.0 9.185713000000042 8.031213999999999 0.0 1636.390282 localhost 0
FLASER 0  9.185713000000042 8.051213999999998 0.0 9.185713000000042 8.051213999999998 0.0 1636.610605 localhost 0
FLASER 0  9.185713000000042 8.051213999999998 0.0 9.185713000000042 8.051213999999998 0.0 1636.83093 localhost 0
FLASER 0  9.185713000000042 8.031213999999999 0.0 9.185713000000042 8.031213999999999 0.0 1637.040286 localhost 0
FLASER 0  9.185713000000042 8.051213999999998 0.0 9.185713000000042 8.051213999999998 0.0 1637.250621 localhost 0
FLASER 0  9.185713000000042 8.051213999999998 0.0 9.185713000000042 8.051213999999998 0.0 1637.460272 localhost 0
FLASER 0  9.185713000000042 8.031213999999999 0.0 9.185713000000042 8.031213999999999 0.0 1637.680206 localhost 0
FLASER 0  9.185713000000042 8.051213999999998 0.0 9.185713000000042 8.051213999999998 0.0 1637.890677 localhost 0
FLASER 0  9.185713000000042 8.051213999999998 0.0 9.185713000000042 8.051213999999998 0.0 1638.100252 localhost 0
FLASER 0  9.185713000000042 8.031213999999999 0.0 9.185713000000042 8.031213999999999 0.0 1638.320196 localhost 0
FLASER 0  9.185713000000042 8.031213999999999 0.0 9.185713000000042 8.031213999999999 0.0 1638.530288 localhost 0
FLASER 0  9.185713000000042 8.031213999999999 0.0 9.185713000000042 8.031213999999999 0.0 1638.740311 localhost 0
FLASER 0  9.185713000000042 8.051213999999998 0.0 9.185713000000042 8.051213999999998 0.0 1638.960254 localhost 0
FLASER 0  9.185713000000042 8.031213999999999 0.0 9.185713000000042 8.031213999999999 0.0 1639.170598 localhost 0
FLASER 0  9.185713000000042 8.031213999999999 0.0 9.185713000000042 8.031213999999999 0.0 1639.390267 localhost 0
FLASER 0  9.185713000000042 8.051213999999998 0.0 9.185713000000042 8.051213999999998 0.0 1639.600223 localhost 0
FLASER 0  9.185713000000042 8.011213999999999 0.0 9.185713000000042 8.011213999999999 0.0 1639.810665 localhost 0
FLASER 0  9.165713000000043 8.031213999999999 0.0 9.165713000000043 8.031213999999999 0.0 1640.030738 localhost 0
FLASER 0  9.165713000000043 8.051213999999998 0.0 9.165713000000043 8.051213999999998 0.0 1640.240253 localhost 0
FLASER 0  9.205713000000042 8.031213999999999 0.0 9.205713000000042 8.031213999999999 0.0 1640.45051 localhost 0
FLASER 0  9.285713000000042 8.051213999999998 0.0 9.285713000000042 8.051213999999998 0.0 1640.660321 localhost 0
FLASER 0  9.345713000000043 8.031213999999999 0.0 9.345713000000043 8.031213999999999 0.0 1640.880233 localhost 0
FLASER 0  9.405713000000043 8.051213999999998 0.0 9.405713000000043 8.051213999999998 0.0 1641.090366 localhost 0
FLASER 0  9.425713000000043 8.051213999999998 0.0 9.425713000000043 8.051213999999998 0.0 1641.3105 localhost 0
FLASER 0  9.445713000000042 8.051213999999998 0.0 9.445713000000042 8.051213999999998 0.0 1641.520198 localhost 0
FLASER 0  9.465713000000042 8.071213999999998 0.0 9.465713000000042 8.071213999999998 0.0 1641.730755 localhost 0
FLASER 0  9.445713000000042 8.071213999999998 0.0 9.445713000000042 8.071213999999998 0.0 1641.940602 localhost 0
FLASER 0  9.405713000000043 8.071213999999998 0.0 9.405713000000043 8.071213999999998 0.0 1642.160735 localhost 0
FLASER 0  9.425713000000043 8.111213999999997 0.0 9.425713000000043 8.111213999999997 0.0 1642.370567 localhost 0
FLASER 0  9.425713000000043 8.111213999999997 0.0 9.425713000000043 8.111213999999997 0.0 1642.580399 localhost 0
FLASER 0  9.405713000000043 8.131213999999996 0.0 9.405713000000043 8.131213999999996 0.0 1642.800167 localhost 0
FLASER 0  9.425713000000043 8.131213999999996 0.0 9.425713000000043 8.131213999999996 0.0 1643.010829 localhost 0
FLASER 0  9.405713000000043 8.191213999999997 0.0 9.405713000000043 8.191213999999997 0.0 1643.220063 localhost 0
FLASER 0  9.385713000000043 8.231213999999996 0.0 9.385713000000043 8.231213999999996 0.0 1643.440028 localhost 0
FLASER 0  9.345713000000044 8.311213999999996 0.0 9.345713000000044 8.311213999999996 0.0 1643.650098 localhost 0
FLASER 0  9.285713000000044 8.311213999999996 0.0 9.285713000000044 8.311213999999996 0.0 1643.870166 localhost 0
FLASER 0  9.225713000000043 8.371213999999997 0.0 9.225713000000043 8.371213999999997 0.0 1644.080278 localhost 0
FLASER 0  9.185713000000044 8.411213999999996 0.0 9.185713000000044 8.411213999999996 0.0 1644.290241 localhost 0
FLASER 0  9.085713000000045 8.471213999999996 0.0 9.085713000000045 8.471213999999996 0.0 1644.500579 localhost 0
FLASER 0  8.985713000000045 8.491213999999996 0.0 8.985713000000045 8.491213999999996 0.0 1644.721184 localhost 0
FLASER 0  8.785713000000046 8.531213999999995 0.0 8.785713000000046 8.531213999999995 0.0 1644.930267 localhost 0
FLASER 0  8.665713000000046 8.551213999999995 0.0 8.665713000000046 8.551213999999995 0.0 1645.360228 localhost 0
FLASER 0  8.565713000000047 8.531213999999995 0.0 8.565713000000047 8.531213999999995 0.0 1645.570247 localhost 0
FLASER 0  8.445713000000048 8.511213999999995 0.0 8.445713000000048 8.511213999999995 0.0 1645.790168 localhost 0
FLASER 0  8.345713000000048 8.511213999999995 0.0 8.345713000000048 8.511213999999995 0.0 1646.000536 localhost 0
FLASER 0  8.245713000000048 8.471213999999996 0.0 8.245713000000048 8.471213999999996 0.0 1646.210199 localhost 0
FLASER 0  8.145713000000049 8.451213999999997 0.0 8.145713000000049 8.451213999999997 0.0 1646.420716 localhost 0
FLASER 0  8.02571300000005 8.431213999999997 0.0 8.02571300000005 8.431213999999997 0.0 1646.640582 localhost 0
FLASER 0  7.92571300000005 8.431213999999997 0.0 7.92571300000005 8.431213999999997 0.0 1646.850261 localhost 0
FLASER 0  7.8057130000000505 8.411213999999998 0.0 7.8057130000000505 8.411213999999998 0.0 1647.060617 localhost 0
FLASER 0  7.705713000000051 8.391213999999998 0.0 7.705713000000051 8.391213999999998 0.0 1647.280581 localhost 0
FLASER 0  7.485713000000051 8.371213999999998 0.0 7.485713000000051 8.371213999999998 0.0 1647.490262 localhost 0
FLASER 0  7.3857130000000515 8.351213999999999 0.0 7.3857130000000515 8.351213999999999 0.0 1647.920486 localhost 0
FLASER 0  7.285713000000052 8.351213999999999 0.0 7.285713000000052 8.351213999999999 0.0 1648.130675 localhost 0
FLASER 0  7.165713000000053 8.331214 0.0 7.165713000000053 8.331214 0.0 1648.350229 localhost 0
FLASER 0  7.065713000000053 8.331214 0.0 7.065713000000053 8.331214 0.0 1648.560611 localhost 0
FLASER 0  6.945713000000054 8.311214 0.0 6.945713000000054 8.311214 0.0 1648.780616 localhost 0
FLASER 0  6.845713000000054 8.311214 0.0 6.845713000000054 8.311214 0.0 1648.990192 localhost 0
FLASER 0  6.7457130000000545 8.291214 0.0 6.7457130000000545 8.291214 0.0 1649.200621 localhost 0
FLASER 0  6.625713000000055 8.271214 0.0 6.625713000000055 8.271214 0.0 1649.410292 localhost 0
FLASER 0  6.525713000000056 8.271214 0.0 6.525713000000056 8.271214 0.0 1649.6306 localhost 0
FLASER 0  6.425713000000056 8.251214000000001 0.0 6.425713000000056 8.251214000000001 0.0 1649.840795 localhost 0
FLASER 0  6.305713000000057 8.211214000000002 0.0 6.305713000000057 8.211214000000002 0.0 1650.05028 localhost 0
FLASER 0  6.225713000000057 8.171214000000003 0.0 6.225713000000057 8.171214000000003 0.0 1650.270202 localhost 0
FLASER 0  6.145713000000057 8.111214000000002 0.0 6.145713000000057 8.111214000000002 0.0 1650.480553 localhost 0
FLASER 0  6.045713000000057 8.051214000000002 0.0 6.045713000000057 8.051214000000002 0.0 1650.700607 localhost 0
FLASER 0  6.005713000000057 7.971214000000002 0.0 6.005713000000057 7.971214000000002 0.0 1650.910196 localhost 0
FLASER 0  5.905713000000057 7.8912140000000015 0.0 5.905713000000057 7.8912140000000015 0.0 1651.120986 localhost 0
FLASER 0  5.825713000000057 7.811214000000001 0.0 5.825713000000057 7.811214000000001 0.0 1651.341058 localhost 0
FLASER 0  5.765713000000058 7.711214000000002 0.0 5.765713000000058 7.711214000000002 0.0 1651.55027 localhost 0
FLASER 0  5.705713000000058 7.611214000000002 0.0 5.705713000000058 7.611214000000002 0.0 1651.760531 localhost 0
FLASER 0  5.645713000000058 7.531214000000002 0.0 5.645713000000058 7.531214000000002 0.0 1651.97028 localhost 0
FLASER 0  5.565713000000058 7.451214000000002 0.0 5.565713000000058 7.451214000000002 0.0 1652.190196 localhost 0
FLASER 0  5.525713000000058 7.351214000000002 0.0 5.525713000000058 7.351214000000002 0.0 1652.400481 localhost 0
FLASER 0  5.445713000000058 7.271214000000002 0.0 5.445713000000058 7.271214000000002 0.0 1652.620734 localhost 0
FLASER 0  5.425713000000059 7.171214000000003 0.0 5.425713000000059 7.171214000000003 0.0 1652.830573 localhost 0
FLASER 0  5.325713000000059 7.091214000000003 0.0 5.325713000000059 7.091214000000003 0.0 1653.04054 localhost 0
FLASER 0  5.245713000000059 7.0112140000000025 0.0 5.245713000000059 7.0112140000000025 0.0 1653.260552 localhost 0
FLASER 0  5.225713000000059 6.931214000000002 0.0 5.225713000000059 6.931214000000002 0.0 1653.470232 localhost 0
FLASER 0  5.185713000000059 6.831214000000003 0.0 5.185713000000059 6.831214000000003 0.0 1653.680303 localhost 0
FLASER 0  5.12571300000006 6.711214000000004 0.0 5.12571300000006 6.711214000000004 0.0 1653.90056 localhost 0
FLASER 0  5.08571300000006 6.611214000000004 0.0 5.08571300000006 6.611214000000004 0.0 1654.11017 localhost 0
FLASER 0  5.04571300000006 6.511214000000004 0.0 5.04571300000006 6.511214000000004 0.0 1654.320376 localhost 0
FLASER 0  5.02571300000006 6.411214000000005 0.0 5.02571300000006 6.411214000000005 0.0 1654.53033 localhost 0
FLASER 0  4.98571300000006 6.291214000000005 0.0 4.98571300000006 6.291214000000005 0.0 1654.750213 localhost 0
FLASER 0  4.96571300000006 6.211214000000005 0.0 4.96571300000006 6.211214000000005 0.0 1654.960248 localhost 0
FLASER 0  4.905713000000061 6.111214000000006 0.0 4.905713000000061 6.111214000000006 0.0 1655.180554 localhost 0
FLASER 0  4.885713000000061 6.011214000000006 0.0 4.885713000000061 6.011214000000006 0.0 1655.39017 localhost 0
FLASER 0  4.805713000000061 5.891214000000007 0.0 4.805713000000061 5.891214000000007 0.0 1655.600782 localhost 0
FLASER 0  4.825713000000061 5.791214000000007 0.0 4.825713000000061 5.791214000000007 0.0 1655.810295 localhost 0
FLASER 0  4.805713000000061 5.671214000000008 0.0 4.805713000000061 5.671214000000008 0.0 1656.030248 localhost 0
FLASER 0  4.805713000000061 5.591214000000008 0.0 4.805713000000061 5.591214000000008 0.0 1656.24063 localhost 0
FLASER 0  4.805713000000061 5.471214000000009 0.0 4.805713000000061 5.471214000000009 0.0 1656.460669 localhost 0
FLASER 0  4.805713000000061 5.331214000000009 0.0 4.805713000000061 5.331214000000009 0.0 1656.670214 localhost 0
FLASER 0  4.805713000000061 5.251214000000009 0.0 4.805713000000061 5.251214000000009 0.0 1656.880583 localhost 0
FLASER 0  4.805713000000061 5.151214000000009 0.0 4.805713000000061 5.151214000000009 0.0 1657.090327 localhost 0
FLASER 0  4.785713000000062 5.031214000000009 0.0 4.785713000000062 5.031214000000009 0.0 1657.310245 localhost 0
FLASER 0  4.765713000000062 4.891214000000009 0.0 4.765713000000062 4.891214000000009 0.0 1657.5211 localhost 0
FLASER 0  4.7457130000000625 4.8112140000000085 0.0 4.7457130000000625 4.8112140000000085 0.0 1657.740883 localhost 0
FLASER 0  4.725713000000063 4.711214000000009 0.0 4.725713000000063 4.711214000000009 0.0 1657.950257 localhost 0
FLASER 0  4.685713000000063 4.59121400000001 0.0 4.685713000000063 4.59121400000001 0.0 1658.160327 localhost 0
FLASER 0  4.645713000000063 4.53121400000001 0.0 4.645713000000063 4.53121400000001 0.0 1658.380873 localhost 0
FLASER 0  4.605713000000063 4.411214000000011 0.0 4.605713000000063 4.411214000000011 0.0 1658.590249 localhost 0
FLASER 0  4.545713000000063 4.311214000000011 0.0 4.545713000000063 4.311214000000011 0.0 1658.80059 localhost 0
FLASER 0  4.485713000000064 4.211214000000012 0.0 4.485713000000064 4.211214000000012 0.0 1659.020907 localhost 0
FLASER 0  4.425713000000064 4.1312140000000115 0.0 4.425713000000064 4.1312140000000115 0.0 1659.231125 localhost 0
FLASER 0  4.365713000000064 4.031214000000012 0.0 4.365713000000064 4.031214000000012 0.0 1659.440258 localhost 0
FLASER 0  4.265713000000065 3.9512140000000118 0.0 4.265713000000065 3.9512140000000118 0.0 1659.660253 localhost 0
FLASER 0  4.205713000000065 3.8912140000000117 0.0 4.205713000000065 3.8912140000000117 0.0 1659.870627 localhost 0
FLASER 0  4.1057130000000654 3.8312140000000117 0.0 4.1057130000000654 3.8312140000000117 0.0 1660.08027 localhost 0
FLASER 0  4.005713000000066 3.7512140000000116 0.0 4.005713000000066 3.7512140000000116 0.0 1660.30029 localhost 0
FLASER 0  3.985713000000066 3.6512140000000115 0.0 3.985713000000066 3.6512140000000115 0.0 1660.511346 localhost 0
FLASER 0  3.9257130000000657 3.5512140000000114 0.0 3.9257130000000657 3.5512140000000114 0.0 1660.731293 localhost 0
FLASER 0  3.8657130000000657 3.4512140000000113 0.0 3.8657130000000657 3.4512140000000113 0.0 1660.940251 localhost 0
FLASER 0  3.8257130000000656 3.3512140000000112 0.0 3.8257130000000656 3.3512140000000112 0.0 1661.150307 localhost 0
FLASER 0  3.8057130000000656 3.251214000000011 0.0 3.8057130000000656 3.251214000000011 0.0 1661.360234 localhost 0
FLASER 0  3.8057130000000656 3.191214000000011 0.0 3.8057130000000656 3.191214000000011 0.0 1661.580232 localhost 0
FLASER 0  3.8057130000000656 3.151214000000011 0.0 3.8057130000000656 3.151214000000011 0.0 1661.791545 localhost 0
FLASER 0  3.7857130000000656 3.131214000000011 0.0 3.7857130000000656 3.131214000000011 0.0 1662.000235 localhost 0
FLASER 0  3.8057130000000656 3.151214000000011 0.0 3.8057130000000656 3.151214000000011 0.0 1662.220656 localhost 0
FLASER 0  3.8057130000000656 3.151214000000011 0.0 3.8057130000000656 3.151214000000011 0.0 1662.430288 localhost 0
FLASER 0  3.7857130000000656 3.151214000000011 0.0 3.7857130000000656 3.151214000000011 0.0 1662.650351 localhost 0
FLASER 0  3.7857130000000656 3.231214000000011 0.0 3.7857130000000656 3.231214000000011 0.0 1662.860702 localhost 0
FLASER 0  3.7657130000000656 3.3712140000000113 0.0 3.7657130000000656 3.3712140000000113 0.0 1663.070211 localhost 0
FLASER 0  3.7257130000000656 3.4512140000000113 0.0 3.7257130000000656 3.4512140000000113 0.0 1663.280699 localhost 0
FLASER 0  3.6657130000000655 3.4712140000000113 0.0 3.6657130000000655 3.4712140000000113 0.0 1663.500526 localhost 0
FLASER 0  3.6457130000000655 3.4712140000000113 0.0 3.6457130000000655 3.4712140000000113 0.0 1663.710244 localhost 0
FLASER 0  3.6657130000000655 3.4712140000000113 0.0 3.6657130000000655 3.4712140000000113 0.0 1663.930669 localhost 0
FLASER 0  3.7257130000000656 3.4512140000000113 0.0 3.7257130000000656 3.4512140000000113 0.0 1664.140582 localhost 0
FLASER 0  3.8457130000000657 3.4512140000000113 0.0 3.8457130000000657 3.4512140000000113 0.0 1664.350178 localhost 0
FLASER 0  3.9657130000000658 3.4112140000000113 0.0 3.9657130000000658 3.4112140000000113 0.0 1664.57025 localhost 0
FLASER 0  4.065713000000065 3.4112140000000113 0.0 4.065713000000065 3.4112140000000113 0.0 1664.780628 localhost 0
FLASER 0  4.185713000000065 3.4112140000000113 0.0 4.185713000000065 3.4112140000000113 0.0 1664.99023 localhost 0
FLASER 0  4.265713000000065 3.4312140000000113 0.0 4.265713000000065 3.4312140000000113 0.0 1665.210236 localhost 0
FLASER 0  4.385713000000064 3.4512140000000113 0.0 4.385713000000064 3.4512140000000113 0.0 1665.420557 localhost 0
FLASER 0  4.505713000000063 3.5112140000000114 0.0 4.505713000000063 3.5112140000000114 0.0 1665.630619 localhost 0
FLASER 0  4.585713000000063 3.5712140000000114 0.0 4.585713000000063 3.5712140000000114 0.0 1665.840412 localhost 0
FLASER 0  4.665713000000063 3.6512140000000115 0.0 4.665713000000063 3.6512140000000115 0.0 1666.060351 localhost 0
FLASER 0  4.725713000000063 3.7512140000000116 0.0 4.725713000000063 3.7512140000000116 0.0 1666.270261 localhost 0
FLASER 0  4.7857130000000625 3.8112140000000116 0.0 4.7857130000000625 3.8112140000000116 0.0 1666.490229 localhost 0
FLASER 0  4.8257130000000625 3.9112140000000117 0.0 4.8257130000000625 3.9112140000000117 0.0 1666.700707 localhost 0
FLASER 0  4.845713000000062 4.031214000000011 0.0 4.845713000000062 4.031214000000011 0.0 1666.910251 localhost 0
FLASER 0  4.845713000000062 4.131214000000011 0.0 4.845713000000062 4.131214000000011 0.0 1667.130348 localhost 0
FLASER 0  4.865713000000062 4.25121400000001 0.0 4.865713000000062 4.25121400000001 0.0 1667.340258 localhost 0
FLASER 0  4.865713000000062 4.3512140000000095 0.0 4.865713000000062 4.3512140000000095 0.0 1667.550173 localhost 0
FLASER 0  4.905713000000062 4.571214000000009 0.0 4.905713000000062 4.571214000000009 0.0 1667.770282 localhost 0
FLASER 0  4.945713000000062 4.671214000000009 0.0 4.945713000000062 4.671214000000009 0.0 1668.190265 localhost 0
FLASER 0  5.005713000000061 4.7712140000000085 0.0 5.005713000000061 4.7712140000000085 0.0 1668.410259 localhost 0
FLASER 0  5.025713000000061 4.871214000000008 0.0 5.025713000000061 4.871214000000008 0.0 1668.620604 localhost 0
FLASER 0  5.0457130000000605 4.971214000000008 0.0 5.0457130000000605 4.971214000000008 0.0 1668.830278 localhost 0
FLASER 0  5.06571300000006 5.071214000000007 0.0 5.06571300000006 5.071214000000007 0.0 1669.050259 localhost 0
FLASER 0  5.06571300000006 5.191214000000007 0.0 5.06571300000006 5.191214000000007 0.0 1669.260577 localhost 0
FLASER 0  5.06571300000006 5.311214000000006 0.0 5.06571300000006 5.311214000000006 0.0 1669.470261 localhost 0
FLASER 0  5.0457130000000605 5.4112140000000055 0.0 5.0457130000000605 5.4112140000000055 0.0 1669.690256 localhost 0
FLASER 0  5.06571300000006 5.511214000000005 0.0 5.06571300000006 5.511214000000005 0.0 1669.900609 localhost 0
FLASER 0  5.08571300000006 5.611214000000005 0.0 5.08571300000006 5.611214000000005 0.0 1670.110212 localhost 0
FLASER 0  5.08571300000006 5.731214000000004 0.0 5.08571300000006 5.731214000000004 0.0 1670.330642 localhost 0
FLASER 0  5.12571300000006 5.831214000000004 0.0 5.12571300000006 5.831214000000004 0.0 1670.540533 localhost 0
FLASER 0  5.145713000000059 5.931214000000003 0.0 5.145713000000059 5.931214000000003 0.0 1670.750258 localhost 0
FLASER 0  5.145713000000059 6.031214000000003 0.0 5.145713000000059 6.031214000000003 0.0 1670.97027 localhost 0
FLASER 0  5.165713000000059 6.151214000000002 0.0 5.165713000000059 6.151214000000002 0.0 1671.180591 localhost 0
FLASER 0  5.165713000000059 6.271214000000001 0.0 5.165713000000059 6.271214000000001 0.0 1671.400591 localhost 0
FLASER 0  5.165713000000059 6.391214000000001 0.0 5.165713000000059 6.391214000000001 0.0 1671.610263 localhost 0
FLASER 0  5.145713000000059 6.471214000000001 0.0 5.145713000000059 6.471214000000001 0.0 1671.820591 localhost 0
FLASER 0  5.145713000000059 6.591214 0.0 5.145713000000059 6.591214 0.0 1672.030308 localhost 0
FLASER 0  5.12571300000006 6.711213999999999 0.0 5.12571300000006 6.711213999999999 0.0 1672.250293 localhost 0
FLASER 0  5.10571300000006 6.811213999999999 0.0 5.10571300000006 6.811213999999999 0.0 1672.460811 localhost 0
FLASER 0  5.12571300000006 6.911213999999998 0.0 5.12571300000006 6.911213999999998 0.0 1672.670305 localhost 0
FLASER 0  5.12571300000006 7.011213999999998 0.0 5.12571300000006 7.011213999999998 0.0 1672.890277 localhost 0
FLASER 0  5.10571300000006 7.131213999999997 0.0 5.10571300000006 7.131213999999997 0.0 1673.100618 localhost 0
FLASER 0  5.0857130000000605 7.231213999999997 0.0 5.0857130000000605 7.231213999999997 0.0 1673.320559 localhost 0
FLASER 0  5.0857130000000605 7.331213999999997 0.0 5.0857130000000605 7.331213999999997 0.0 1673.530373 localhost 0
FLASER 0  5.065713000000061 7.471213999999996 0.0 5.065713000000061 7.471213999999996 0.0 1673.740652 localhost 0
FLASER 0  5.025713000000061 7.551213999999996 0.0 5.025713000000061 7.551213999999996 0.0 1673.960614 localhost 0
FLASER 0  4.985713000000061 7.651213999999996 0.0 4.985713000000061 7.651213999999996 0.0 1674.170253 localhost 0
FLASER 0  4.945713000000061 7.751213999999996 0.0 4.945713000000061 7.751213999999996 0.0 1674.380499 localhost 0
FLASER 0  4.845713000000061 7.831213999999996 0.0 4.845713000000061 7.831213999999996 0.0 1674.600608 localhost 0
FLASER 0  4.785713000000062 7.891213999999995 0.0 4.785713000000062 7.891213999999995 0.0 1674.810304 localhost 0
FLASER 0  4.685713000000062 7.951213999999995 0.0 4.685713000000062 7.951213999999995 0.0 1675.021494 localhost 0
FLASER 0  4.645713000000062 8.031213999999995 0.0 4.645713000000062 8.031213999999995 0.0 1675.240234 localhost 0
FLASER 0  4.565713000000062 8.051213999999995 0.0 4.565713000000062 8.051213999999995 0.0 1675.450254 localhost 0
FLASER 0  4.525713000000062 8.031213999999995 0.0 4.525713000000062 8.031213999999995 0.0 1675.660816 localhost 0
FLASER 0  4.545713000000061 8.031213999999995 0.0 4.545713000000061 8.031213999999995 0.0 1675.870368 localhost 0
FLASER 0  4.565713000000061 8.051213999999995 0.0 4.565713000000061 8.051213999999995 0.0 1676.090248 localhost 0
FLASER 0  4.565713000000061 8.031213999999995 0.0 4.565713000000061 8.031213999999995 0.0 1676.300381 localhost 0
FLASER 0  4.565713000000061 8.071213999999994 0.0 4.565713000000061 8.071213999999994 0.0 1676.521312 localhost 0
FLASER 0  4.545713000000061 8.051213999999995 0.0 4.545713000000061 8.051213999999995 0.0 1676.730618 localhost 0
FLASER 0  4.545713000000061 8.031213999999995 0.0 4.545713000000061 8.031213999999995 0.0 1676.940543 localhost 0
FLASER 0  4.545713000000061 8.051213999999995 0.0 4.545713000000061 8.051213999999995 0.0 1677.150296 localhost 0
FLASER 0  4.545713000000061 8.031213999999995 0.0 4.545713000000061 8.031213999999995 0.0 1677.370272 localhost 0
FLASER 0  4.545713000000061 8.051213999999995 0.0 4.545713000000061 8.051213999999995 0.0 1677.580524 localhost 0
FLASER 0  4.585713000000061 8.071213999999994 0.0 4.585713000000061 8.071213999999994 0.0 1677.801261 localhost 0
FLASER 0  4.545713000000061 8.031213999999995 0.0 4.545713000000061 8.031213999999995 0.0 1678.010252 localhost 0
FLASER 0  4.545713000000061 8.031213999999995 0.0 4.545713000000061 8.031213999999995 0.0 1678.440641 localhost 0
FLASER 0  4.565713000000061 8.031213999999995 0.0 4.565713000000061 8.031213999999995 0.0 1678.650339 localhost 0
FLASER 0  4.545713000000061 8.051213999999995 0.0 4.545713000000061 8.051213999999995 0.0 1678.860455 localhost 0
FLASER 0  4.565713000000061 8.051213999999995 0.0 4.565713000000061 8.051213999999995 0.0 1679.081116 localhost 0
FLASER 0  4.565713000000061 8.031213999999995 0.0 4.565713000000061 8.031213999999995 0.0 1679.290396 localhost 0
FLASER 0  4.565713000000061 8.051213999999995 0.0 4.565713000000061 8.051213999999995 0.0 1679.5007 localhost 0
FLASER 0  4.565713000000061 8.051213999999995 0.0 4.565713000000061 8.051213999999995 0.0 1679.720888 localhost 0
FLASER 0  4.565713000000061 8.071213999999994 0.0 4.565713000000061 8.071213999999994 0.0 1679.9303 localhost 0
FLASER 0  4.565713000000061 8.051213999999995 0.0 4.565713000000061 8.051213999999995 0.0 1680.15118 localhost 0
FLASER 0  4.545713000000061 8.031213999999995 0.0 4.545713000000061 8.031213999999995 0.0 1680.360244 localhost 0
FLASER 0  4.565713000000061 8.051213999999995 0.0 4.565713000000061 8.051213999999995 0.0 1680.570829 localhost 0
FLASER 0  4.565713000000061 8.031213999999995 0.0 4.565713000000061 8.031213999999995 0.0 1680.790532 localhost 0
FLASER 0  4.565713000000061 8.031213999999995 0.0 4.565713000000061 8.031213999999995 0.0 1681.000237 localhost 0
FLASER 0  4.565713000000061 8.051213999999995 0.0 4.565713000000061 8.051213999999995 0.0 1681.211074 localhost 0
FLASER 0  4.5857130000000605 8.051213999999995 0.0 4.5857130000000605 8.051213999999995 0.0 1681.430958 localhost 0
FLASER 0  4.5857130000000605 8.031213999999995 0.0 4.5857130000000605 8.031213999999995 0.0 1681.640247 localhost 0
FLASER 0  4.565713000000061 8.051213999999995 0.0 4.565713000000061 8.051213999999995 0.0 1681.85102 localhost 0
FLASER 0  4.545713000000061 8.051213999999995 0.0 4.545713000000061 8.051213999999995 0.0 1682.070593 localhost 0
FLASER 0  4.465713000000061 8.071213999999994 0.0 4.465713000000061 8.071213999999994 0.0 1682.280243 localhost 0
FLASER 0  4.405713000000062 8.091213999999994 0.0 4.405713000000062 8.091213999999994 0.0 1682.490646 localhost 0
FLASER 0  4.265713000000062 8.151213999999994 0.0 4.265713000000062 8.151213999999994 0.0 1682.710626 localhost 0
FLASER 0  4.165713000000062 8.191213999999993 0.0 4.165713000000062 8.191213999999993 0.0 1682.920298 localhost 0
FLASER 0  4.085713000000062 8.231213999999992 0.0 4.085713000000062 8.231213999999992 0.0 1683.131016 localhost 0
FLASER 0  3.965713000000062 8.251213999999992 0.0 3.965713000000062 8.251213999999992 0.0 1683.34026 localhost 0
FLASER 0  3.885713000000062 8.271213999999992 0.0 3.885713000000062 8.271213999999992 0.0 1683.560275 localhost 0
FLASER 0  3.745713000000062 8.251213999999992 0.0 3.745713000000062 8.251213999999992 0.0 1683.77063 localhost 0
FLASER 0  3.645713000000062 8.251213999999992 0.0 3.645713000000062 8.251213999999992 0.0 1683.990601 localhost 0
FLASER 0  3.525713000000062 8.251213999999992 0.0 3.525713000000062 8.251213999999992 0.0 1684.200274 localhost 0
FLASER 0  3.4457130000000618 8.251213999999992 0.0 3.4457130000000618 8.251213999999992 0.0 1684.410936 localhost 0
FLASER 0  3.3257130000000616 8.251213999999992 0.0 3.3257130000000616 8.251213999999992 0.0 1684.620275 localhost 0
FLASER 0  3.2257130000000616 8.271213999999992 0.0 3.2257130000000616 8.271213999999992 0.0 1684.840256 localhost 0
FLASER 0  3.1057130000000615 8.271213999999992 0.0 3.1057130000000615 8.271213999999992 0.0 1685.050548 localhost 0
FLASER 0  2.9857130000000613 8.271213999999992 0.0 2.9857130000000613 8.271213999999992 0.0 1685.270614 localhost 0
FLASER 0  2.8657130000000612 8.271213999999992 0.0 2.8657130000000612 8.271213999999992 0.0 1685.480317 localhost 0
FLASER 0  2.765713000000061 8.271213999999992 0.0 2.765713000000061 8.271213999999992 0.0 1685.690925 localhost 0
FLASER 0  2.665713000000061 8.291213999999991 0.0 2.665713000000061 8.291213999999991 0.0 1685.900209 localhost 0
FLASER 0  2.525713000000061 8.31121399999999 0.0 2.525713000000061 8.31121399999999 0.0 1686.120243 localhost 0
FLASER 0  2.445713000000061 8.291213999999991 0.0 2.445713000000061 8.291213999999991 0.0 1686.33088 localhost 0
FLASER 0  2.3257130000000608 8.31121399999999 0.0 2.3257130000000608 8.31121399999999 0.0 1686.540365 localhost 0
FLASER 0  2.2457130000000607 8.291213999999991 0.0 2.2457130000000607 8.291213999999991 0.0 1686.760234 localhost 0
FLASER 0  2.1257130000000606 8.31121399999999 0.0 2.1257130000000606 8.31121399999999 0.0 1686.970451 localhost 0
FLASER 0  2.0257130000000605 8.31121399999999 0.0 2.0257130000000605 8.31121399999999 0.0 1687.190565 localhost 0
FLASER 0  1.9057130000000604 8.31121399999999 0.0 1.9057130000000604 8.31121399999999 0.0 1687.400232 localhost 0
FLASER 0  1.8257130000000603 8.31121399999999 0.0 1.8257130000000603 8.31121399999999 0.0 1687.610584 localhost 0
FLASER 0  1.7257130000000602 8.33121399999999 0.0 1.7257130000000602 8.33121399999999 0.0 1687.830282 localhost 0
FLASER 0  1.6057130000000601 8.33121399999999 0.0 1.6057130000000601 8.33121399999999 0.0 1688.040234 localhost 0
FLASER 0  1.48571300000006 8.33121399999999 0.0 1.48571300000006 8.33121399999999 0.0 1688.250242 localhost 0
FLASER 0  1.36571300000006 8.35121399999999 0.0 1.36571300000006 8.35121399999999 0.0 1688.470571 localhost 0
FLASER 0  1.2457130000000598 8.35121399999999 0.0 1.2457130000000598 8.35121399999999 0.0 1688.680283 localhost 0
FLASER 0  1.1257130000000597 8.35121399999999 0.0 1.1257130000000597 8.35121399999999 0.0 1688.900182 localhost 0
FLASER 0  1.0057130000000596 8.35121399999999 0.0 1.0057130000000596 8.35121399999999 0.0 1689.11057 localhost 0
FLASER 0  0.9257130000000596 8.37121399999999 0.0 0.9257130000000596 8.37121399999999 0.0 1689.32025 localhost 0
FLASER 0  0.8257130000000596 8.37121399999999 0.0 0.8257130000000596 8.37121399999999 0.0 1689.530704 localhost 0
FLASER 0  0.7057130000000597 8.37121399999999 0.0 0.7057130000000597 8.37121399999999 0.0 1689.74024 localhost 0
FLASER 0  0.5857130000000597 8.37121399999999 0.0 0.5857130000000597 8.37121399999999 0.0 1689.960245 localhost 0
FLASER 0  0.4857130000000597 8.391213999999989 0.0 0.4857130000000597 8.391213999999989 0.0 1690.170591 localhost 0
FLASER 0  0.3657130000000597 8.391213999999989 0.0 0.3657130000000597 8.391213999999989 0.0 1690.390589 localhost 0
FLASER 0  0.2657130000000597 8.411213999999989 0.0 0.2657130000000597 8.411213999999989 0.0 1690.600248 localhost 0
FLASER 0  0.1457130000000597 8.411213999999989 0.0 0.1457130000000597 8.411213999999989 0.0 1690.810581 localhost 0
FLASER 0  0.025713000000059705 8.411213999999989 0.0 0.025713000000059705 8.411213999999989 0.0 1691.030741 localhost 0
FLASER 0  -0.09428699999994031 8.431213999999988 0.0 -0.09428699999994031 8.431213999999988 0.0 1691.240884 localhost 0
FLASER 0  -0.17428699999994032 8.431213999999988 0.0 -0.17428699999994032 8.431213999999988 0.0 1691.450275 localhost 0
FLASER 0  -0.29428699999994035 8.451213999999988 0.0 -0.29428699999994035 8.451213999999988 0.0 1691.670249 localhost 0
FLASER 0  -0.41428699999994034 8.451213999999988 0.0 -0.41428699999994034 8.451213999999988 0.0 1691.880812 localhost 0
FLASER 0  -0.5142869999999403 8.471213999999987 0.0 -0.5142869999999403 8.471213999999987 0.0 1692.090245 localhost 0
FLASER 0  -0.6342869999999403 8.471213999999987 0.0 -0.6342869999999403 8.471213999999987 0.0 1692.310249 localhost 0
FLASER 0  -0.7542869999999403 8.491213999999987 0.0 -0.7542869999999403 8.491213999999987 0.0 1692.52062 localhost 0
FLASER 0  -0.8542869999999403 8.471213999999987 0.0 -0.8542869999999403 8.471213999999987 0.0 1692.740562 localhost 0
FLASER 0  -0.9542869999999403 8.491213999999987 0.0 -0.9542869999999403 8.491213999999987 0.0 1692.950264 localhost 0
FLASER 0  -1.0942869999999403 8.511213999999987 0.0 -1.0942869999999403 8.511213999999987 0.0 1693.160335 localhost 0
FLASER 0  -1.1742869999999404 8.511213999999987 0.0 -1.1742869999999404 8.511213999999987 0.0 1693.380732 localhost 0
FLASER 0  -1.2942869999999405 8.531213999999986 0.0 -1.2942869999999405 8.531213999999986 0.0 1693.59026 localhost 0
FLASER 0  -1.4142869999999406 8.551213999999986 0.0 -1.4142869999999406 8.551213999999986 0.0 1693.800647 localhost 0
FLASER 0  -1.4942869999999406 8.531213999999986 0.0 -1.4942869999999406 8.531213999999986 0.0 1694.021005 localhost 0
FLASER 0  -1.6142869999999407 8.531213999999986 0.0 -1.6142869999999407 8.531213999999986 0.0 1694.230292 localhost 0
FLASER 0  -1.7142869999999408 8.531213999999986 0.0 -1.7142869999999408 8.531213999999986 0.0 1694.440654 localhost 0
FLASER 0  -1.814286999999941 8.471213999999986 0.0 -1.814286999999941 8.471213999999986 0.0 1694.6606 localhost 0
FLASER 0  -1.914286999999941 8.431213999999986 0.0 -1.914286999999941 8.431213999999986 0.0 1694.870254 localhost 0
FLASER 0  -1.994286999999941 8.371213999999986 0.0 -1.994286999999941 8.371213999999986 0.0 1695.080615 localhost 0
FLASER 0  -2.074286999999941 8.311213999999985 0.0 -2.074286999999941 8.311213999999985 0.0 1695.290264 localhost 0
FLASER 0  -2.134286999999941 8.211213999999986 0.0 -2.134286999999941 8.211213999999986 0.0 1695.510273 localhost 0
FLASER 0  -2.154286999999941 8.111213999999986 0.0 -2.154286999999941 8.111213999999986 0.0 1695.720281 localhost 0
FLASER 0  -2.214286999999941 8.011213999999987 0.0 -2.214286999999941 8.011213999999987 0.0 1695.940228 localhost 0
FLASER 0  -2.234286999999941 7.911213999999987 0.0 -2.234286999999941 7.911213999999987 0.0 1696.151467 localhost 0
FLASER 0  -2.254286999999941 7.5912139999999875 0.0 -2.254286999999941 7.5912139999999875 0.0 1696.360536 localhost 0
FLASER 0  -2.254286999999941 7.491213999999988 0.0 -2.254286999999941 7.491213999999988 0.0 1697.00021 localhost 0
FLASER 0  -2.274286999999941 7.371213999999989 0.0 -2.274286999999941 7.371213999999989 0.0 1697.220183 localhost 0
FLASER 0  -2.294286999999941 7.271213999999989 0.0 -2.294286999999941 7.271213999999989 0.0 1697.430428 localhost 0
FLASER 0  -2.294286999999941 7.15121399999999 0.0 -2.294286999999941 7.15121399999999 0.0 1697.640213 localhost 0
FLASER 0  -2.314286999999941 7.07121399999999 0.0 -2.314286999999941 7.07121399999999 0.0 1697.8602 localhost 0
FLASER 0  -2.294286999999941 6.97121399999999 0.0 -2.294286999999941 6.97121399999999 0.0 1698.070253 localhost 0
FLASER 0  -2.294286999999941 6.87121399999999 0.0 -2.294286999999941 6.87121399999999 0.0 1698.280319 localhost 0
FLASER 0  -2.294286999999941 6.771213999999991 0.0 -2.294286999999941 6.771213999999991 0.0 1698.500203 localhost 0
FLASER 0  -2.274286999999941 6.6512139999999915 0.0 -2.274286999999941 6.6512139999999915 0.0 1698.710777 localhost 0
FLASER 0  -2.274286999999941 6.531213999999992 0.0 -2.274286999999941 6.531213999999992 0.0 1698.920661 localhost 0
FLASER 0  -2.294286999999941 6.431213999999993 0.0 -2.294286999999941 6.431213999999993 0.0 1699.14058 localhost 0
FLASER 0  -2.334286999999941 6.331213999999993 0.0 -2.334286999999941 6.331213999999993 0.0 1699.350241 localhost 0
FLASER 0  -2.334286999999941 6.211213999999994 0.0 -2.334286999999941 6.211213999999994 0.0 1699.560676 localhost 0
FLASER 0  -2.354286999999941 6.131213999999994 0.0 -2.354286999999941 6.131213999999994 0.0 1699.780554 localhost 0
FLASER 0  -2.354286999999941 5.991213999999994 0.0 -2.354286999999941 5.991213999999994 0.0 1699.990237 localhost 0
FLASER 0  -2.354286999999941 5.891213999999994 0.0 -2.354286999999941 5.891213999999994 0.0 1700.210166 localhost 0
FLASER 0  -2.354286999999941 5.791213999999995 0.0 -2.354286999999941 5.791213999999995 0.0 1700.420269 localhost 0
FLASER 0  -2.354286999999941 5.6712139999999955 0.0 -2.354286999999941 5.6712139999999955 0.0 1700.630292 localhost 0
FLASER 0  -2.314286999999941 5.551213999999996 0.0 -2.314286999999941 5.551213999999996 0.0 1700.840635 localhost 0
FLASER 0  -2.294286999999941 5.451213999999997 0.0 -2.294286999999941 5.451213999999997 0.0 1701.060571 localhost 0
FLASER 0  -2.294286999999941 5.351213999999997 0.0 -2.294286999999941 5.351213999999997 0.0 1701.270275 localhost 0
FLASER 0  -2.274286999999941 5.251213999999997 0.0 -2.274286999999941 5.251213999999997 0.0 1701.48066 localhost 0
FLASER 0  -2.254286999999941 5.131213999999998 0.0 -2.254286999999941 5.131213999999998 0.0 1701.700812 localhost 0
FLASER 0  -2.254286999999941 5.051213999999998 0.0 -2.254286999999941 5.051213999999998 0.0 1701.91028 localhost 0
FLASER 0  -2.234286999999941 4.931213999999999 0.0 -2.234286999999941 4.931213999999999 0.0 1702.130278 localhost 0
FLASER 0  -2.234286999999941 4.831213999999999 0.0 -2.234286999999941 4.831213999999999 0.0 1702.34054 localhost 0
FLASER 0  -2.234286999999941 4.731214 0.0 -2.234286999999941 4.731214 0.0 1702.550254 localhost 0
FLASER 0  -2.214286999999941 4.631214 0.0 -2.214286999999941 4.631214 0.0 1702.760668 localhost 0
FLASER 0  -2.214286999999941 4.511214000000001 0.0 -2.214286999999941 4.511214000000001 0.0 1702.980673 localhost 0
FLASER 0  -2.214286999999941 4.411214000000001 0.0 -2.214286999999941 4.411214000000001 0.0 1703.190265 localhost 0
FLASER 0  -2.214286999999941 4.291214000000002 0.0 -2.214286999999941 4.291214000000002 0.0 1703.411226 localhost 0
FLASER 0  -2.214286999999941 4.171214000000003 0.0 -2.214286999999941 4.171214000000003 0.0 1703.620281 localhost 0
FLASER 0  -2.214286999999941 4.071214000000003 0.0 -2.214286999999941 4.071214000000003 0.0 1703.830306 localhost 0
FLASER 0  -2.214286999999941 4.051214000000003 0.0 -2.214286999999941 4.051214000000003 0.0 1704.040259 localhost 0
FLASER 0  -2.234286999999941 4.071214000000003 0.0 -2.234286999999941 4.071214000000003 0.0 1704.260246 localhost 0
FLASER 0  -2.214286999999941 4.051214000000003 0.0 -2.214286999999941 4.051214000000003 0.0 1704.470653 localhost 0
FLASER 0  -2.234286999999941 4.071214000000003 0.0 -2.234286999999941 4.071214000000003 0.0 1704.680258 localhost 0
FLASER 0  -2.234286999999941 4.071214000000003 0.0 -2.234286999999941 4.071214000000003 0.0 1704.90018 localhost 0
FLASER 0  -2.234286999999941 4.071214000000003 0.0 -2.234286999999941 4.071214000000003 0.0 1705.110924 localhost 0
FLASER 0  -2.214286999999941 4.111214000000003 0.0 -2.214286999999941 4.111214000000003 0.0 1705.330289 localhost 0
FLASER 0  -2.214286999999941 4.111214000000003 0.0 -2.214286999999941 4.111214000000003 0.0 1705.540113 localhost 0
FLASER 0  -2.214286999999941 4.131214000000003 0.0 -2.214286999999941 4.131214000000003 0.0 1705.75074 localhost 0
FLASER 0  -2.214286999999941 4.131214000000003 0.0 -2.214286999999941 4.131214000000003 0.0 1705.960282 localhost 0
FLASER 0  -2.214286999999941 4.111214000000003 0.0 -2.214286999999941 4.111214000000003 0.0 1706.180222 localhost 0
FLASER 0  -2.214286999999941 4.131214000000003 0.0 -2.214286999999941 4.131214000000003 0.0 1706.390414 localhost 0
FLASER 0  -2.214286999999941 4.111214000000003 0.0 -2.214286999999941 4.111214000000003 0.0 1706.600285 localhost 0
FLASER 0  -2.214286999999941 4.131214000000003 0.0 -2.214286999999941 4.131214000000003 0.0 1706.820257 localhost 0
FLASER 0  -2.214286999999941 4.111214000000003 0.0 -2.214286999999941 4.111214000000003 0.0 1707.030649 localhost 0
FLASER 0  -2.214286999999941 4.111214000000003 0.0 -2.214286999999941 4.111214000000003 0.0 1707.250593 localhost 0
FLASER 0  -2.214286999999941 4.111214000000003 0.0 -2.214286999999941 4.111214000000003 0.0 1707.460211 localhost 0
FLASER 0  -2.214286999999941 4.111214000000003 0.0 -2.214286999999941 4.111214000000003 0.0 1707.670741 localhost 0
FLASER 0  -2.214286999999941 4.131214000000003 0.0 -2.214286999999941 4.131214000000003 0.0 1707.890547 localhost 0
FLASER 0  -2.214286999999941 4.131214000000003 0.0 -2.214286999999941 4.131214000000003 0.0 1708.100227 localhost 0
FLASER 0  -2.214286999999941 4.131214000000003 0.0 -2.214286999999941 4.131214000000003 0.0 1708.310599 localhost 0
FLASER 0  -2.234286999999941 4.151214000000002 0.0 -2.234286999999941 4.151214000000002 0.0 1708.530212 localhost 0
FLASER 0  -2.234286999999941 4.171214000000002 0.0 -2.234286999999941 4.171214000000002 0.0 1708.740183 localhost 0
FLASER 0  -2.254286999999941 4.211214000000002 0.0 -2.254286999999941 4.211214000000002 0.0 1708.950872 localhost 0
FLASER 0  -2.294286999999941 4.271214000000001 0.0 -2.294286999999941 4.271214000000001 0.0 1709.170173 localhost 0
FLASER 0  -2.314286999999941 4.391214000000001 0.0 -2.314286999999941 4.391214000000001 0.0 1709.380221 localhost 0
FLASER 0  -2.314286999999941 4.491214 0.0 -2.314286999999941 4.491214 0.0 1709.590304 localhost 0
FLASER 0  -2.314286999999941 4.6112139999999995 0.0 -2.314286999999941 4.6112139999999995 0.0 1709.81057 localhost 0
FLASER 0  -2.334286999999941 4.731213999999999 0.0 -2.334286999999941 4.731213999999999 0.0 1710.020227 localhost 0
FLASER 0  -2.314286999999941 4.831213999999998 0.0 -2.314286999999941 4.831213999999998 0.0 1710.231143 localhost 0
FLASER 0  -2.334286999999941 4.931213999999998 0.0 -2.334286999999941 4.931213999999998 0.0 1710.450328 localhost 0
FLASER 0  -2.334286999999941 5.031213999999998 0.0 -2.334286999999941 5.031213999999998 0.0 1710.660202 localhost 0
FLASER 0  -2.374286999999941 5.151213999999997 0.0 -2.374286999999941 5.151213999999997 0.0 1710.870681 localhost 0
FLASER 0  -2.4142869999999412 5.2512139999999965 0.0 -2.4142869999999412 5.2512139999999965 0.0 1711.090918 localhost 0
FLASER 0  -2.4742869999999413 5.351213999999996 0.0 -2.4742869999999413 5.351213999999996 0.0 1711.300167 localhost 0
FLASER 0  -2.5342869999999413 5.411213999999996 0.0 -2.5342869999999413 5.411213999999996 0.0 1711.520188 localhost 0
FLASER 0  -2.6142869999999414 5.471213999999995 0.0 -2.6142869999999414 5.471213999999995 0.0 1711.730597 localhost 0
FLASER 0  -2.7142869999999415 5.531213999999995 0.0 -2.7142869999999415 5.531213999999995 0.0 1711.940253 localhost 0
FLASER 0  -2.8142869999999416 5.591213999999995 0.0 -2.8142869999999416 5.591213999999995 0.0 1712.160226 localhost 0
FLASER 0  -2.9342869999999417 5.611213999999994 0.0 -2.9342869999999417 5.611213999999994 0.0 1712.370593 localhost 0
FLASER 0  -3.034286999999942 5.631213999999994 0.0 -3.034286999999942 5.631213999999994 0.0 1712.580259 localhost 0
FLASER 0  -3.134286999999942 5.651213999999993 0.0 -3.134286999999942 5.651213999999993 0.0 1712.800253 localhost 0
FLASER 0  -3.234286999999942 5.691213999999993 0.0 -3.234286999999942 5.691213999999993 0.0 1713.010687 localhost 0
FLASER 0  -3.354286999999942 5.671213999999994 0.0 -3.354286999999942 5.671213999999994 0.0 1713.220616 localhost 0
FLASER 0  -3.454286999999942 5.691213999999993 0.0 -3.454286999999942 5.691213999999993 0.0 1713.440825 localhost 0
FLASER 0  -3.5542869999999422 5.651213999999993 0.0 -3.5542869999999422 5.651213999999993 0.0 1713.650191 localhost 0
FLASER 0  -3.6542869999999423 5.631213999999994 0.0 -3.6542869999999423 5.631213999999994 0.0 1713.860958 localhost 0
FLASER 0  -3.7542869999999424 5.611213999999994 0.0 -3.7542869999999424 5.611213999999994 0.0 1714.07027 localhost 0
FLASER 0  -3.8742869999999425 5.571213999999994 0.0 -3.8742869999999425 5.571213999999994 0.0 1714.29019 localhost 0
FLASER 0  -3.9942869999999426 5.571213999999994 0.0 -3.9942869999999426 5.571213999999994 0.0 1714.500594 localhost 0
FLASER 0  -4.074286999999943 5.531213999999994 0.0 -4.074286999999943 5.531213999999994 0.0 1714.720339 localhost 0
FLASER 0  -4.234286999999943 5.5112139999999945 0.0 -4.234286999999943 5.5112139999999945 0.0 1714.930265 localhost 0
FLASER 0  -4.334286999999943 5.4712139999999945 0.0 -4.334286999999943 5.4712139999999945 0.0 1715.140892 localhost 0
FLASER 0  -4.414286999999943 5.451213999999995 0.0 -4.414286999999943 5.451213999999995 0.0 1715.361151 localhost 0
FLASER 0  -4.534286999999942 5.411213999999995 0.0 -4.534286999999942 5.411213999999995 0.0 1715.570084 localhost 0
FLASER 0  -4.594286999999942 5.351213999999995 0.0 -4.594286999999942 5.351213999999995 0.0 1715.78043 localhost 0
FLASER 0  -4.6942869999999415 5.291213999999996 0.0 -4.6942869999999415 5.291213999999996 0.0 1715.990296 localhost 0
FLASER 0  -4.754286999999941 5.211213999999996 0.0 -4.754286999999941 5.211213999999996 0.0 1716.210746 localhost 0
FLASER 0  -4.794286999999941 5.1312139999999955 0.0 -4.794286999999941 5.1312139999999955 0.0 1716.420273 localhost 0
FLASER 0  -4.834286999999941 5.011213999999996 0.0 -4.834286999999941 5.011213999999996 0.0 1716.640259 localhost 0
FLASER 0  -4.874286999999941 4.931213999999996 0.0 -4.874286999999941 4.931213999999996 0.0 1716.850243 localhost 0
FLASER 0  -4.934286999999941 4.811213999999997 0.0 -4.934286999999941 4.811213999999997 0.0 1717.060262 localhost 0
FLASER 0  -4.934286999999941 4.711213999999997 0.0 -4.934286999999941 4.711213999999997 0.0 1717.270699 localhost 0
FLASER 0  -4.95428699999994 4.591213999999998 0.0 -4.95428699999994 4.591213999999998 0.0 1717.49082 localhost 0
FLASER 0  -4.99428699999994 4.511213999999998 0.0 -4.99428699999994 4.511213999999998 0.0 1717.700226 localhost 0
FLASER 0  -4.99428699999994 4.431213999999998 0.0 -4.99428699999994 4.431213999999998 0.0 1717.910893 localhost 0
FLASER 0  -5.01428699999994 4.331213999999998 0.0 -5.01428699999994 4.331213999999998 0.0 1718.130621 localhost 0
FLASER 0  -5.09428699999994 4.251213999999998 0.0 -5.09428699999994 4.251213999999998 0.0 1718.340216 localhost 0
FLASER 0  -5.0742869999999405 4.231213999999999 0.0 -5.0742869999999405 4.231213999999999 0.0 1718.560167 localhost 0
FLASER 0  -5.0742869999999405 4.231213999999999 0.0 -5.0742869999999405 4.231213999999999 0.0 1718.770813 localhost 0
FLASER 0  -5.0742869999999405 4.191213999999999 0.0 -5.0742869999999405 4.191213999999999 0.0 1718.980197 localhost 0
FLASER 0  -5.13428699999994 4.091213999999999 0.0 -5.13428699999994 4.091213999999999 0.0 1719.200806 localhost 0
FLASER 0  -5.15428699999994 4.011213999999999 0.0 -5.15428699999994 4.011213999999999 0.0 1719.410176 localhost 0
FLASER 0  -5.15428699999994 4.011213999999999 0.0 -5.15428699999994 4.011213999999999 0.0 1719.621957 localhost 0
FLASER 0  -5.174286999999939 4.011213999999999 0.0 -5.174286999999939 4.011213999999999 0.0 1719.840442 localhost 0
FLASER 0  -5.174286999999939 4.011213999999999 0.0 -5.174286999999939 4.011213999999999 0.0 1720.050439 localhost 0
FLASER 0  -5.174286999999939 4.0312139999999985 0.0 -5.174286999999939 4.0312139999999985 0.0 1720.260878 localhost 0
FLASER 0  -5.15428699999994 4.011213999999999 0.0 -5.15428699999994 4.011213999999999 0.0 1720.48059 localhost 0
FLASER 0  -5.15428699999994 4.0312139999999985 0.0 -5.15428699999994 4.0312139999999985 0.0 1720.69022 localhost 0
FLASER 0  -5.15428699999994 4.0312139999999985 0.0 -5.15428699999994 4.0312139999999985 0.0 1720.910208 localhost 0
FLASER 0  -5.15428699999994 4.011213999999999 0.0 -5.15428699999994 4.011213999999999 0.0 1721.120234 localhost 0
FLASER 0  -5.174286999999939 3.951213999999999 0.0 -5.174286999999939 3.951213999999999 0.0 1721.330257 localhost 0
FLASER 0  -5.194286999999939 3.891213999999999 0.0 -5.194286999999939 3.891213999999999 0.0 1721.550216 localhost 0
FLASER 0  -5.194286999999939 3.871213999999999 0.0 -5.194286999999939 3.871213999999999 0.0 1721.760253 localhost 0
FLASER 0  -5.174286999999939 3.891213999999999 0.0 -5.174286999999939 3.891213999999999 0.0 1721.970097 localhost 0
FLASER 0  -5.174286999999939 3.891213999999999 0.0 -5.174286999999939 3.891213999999999 0.0 1722.180595 localhost 0
FLASER 0  -5.174286999999939 3.891213999999999 0.0 -5.174286999999939 3.891213999999999 0.0 1722.400588 localhost 0
FLASER 0  -5.194286999999939 3.891213999999999 0.0 -5.194286999999939 3.891213999999999 0.0 1722.610219 localhost 0
FLASER 0  -5.174286999999939 3.931213999999999 0.0 -5.174286999999939 3.931213999999999 0.0 1722.830352 localhost 0
FLASER 0  -5.174286999999939 3.971213999999999 0.0 -5.174286999999939 3.971213999999999 0.0 1723.040569 localhost 0
FLASER 0  -5.134286999999939 4.011213999999999 0.0 -5.134286999999939 4.011213999999999 0.0 1723.250255 localhost 0
FLASER 0  -5.174286999999939 3.991213999999999 0.0 -5.174286999999939 3.991213999999999 0.0 1723.460715 localhost 0
FLASER 0  -5.15428699999994 4.011213999999999 0.0 -5.15428699999994 4.011213999999999 0.0 1723.680581 localhost 0
FLASER 0  -5.19428699999994 3.971213999999999 0.0 -5.19428699999994 3.971213999999999 0.0 1723.890259 localhost 0
FLASER 0  -5.214286999999939 3.951213999999999 0.0 -5.214286999999939 3.951213999999999 0.0 1724.110289 localhost 0
FLASER 0  -5.234286999999939 3.951213999999999 0.0 -5.234286999999939 3.951213999999999 0.0 1724.320663 localhost 0
FLASER 0  -5.234286999999939 3.951213999999999 0.0 -5.234286999999939 3.951213999999999 0.0 1724.530264 localhost 0
FLASER 0  -5.234286999999939 3.951213999999999 0.0 -5.234286999999939 3.951213999999999 0.0 1724.740972 localhost 0
FLASER 0  -5.234286999999939 3.951213999999999 0.0 -5.234286999999939 3.951213999999999 0.0 1724.960792 localhost 0
FLASER 0  -5.254286999999938 3.951213999999999 0.0 -5.254286999999938 3.951213999999999 0.0 1725.170612 localhost 0
FLASER 0  -5.254286999999938 3.951213999999999 0.0 -5.254286999999938 3.951213999999999 0.0 1725.380798 localhost 0
FLASER 0  -5.254286999999938 3.951213999999999 0.0 -5.254286999999938 3.951213999999999 0.0 1725.600588 localhost 0
FLASER 0  -5.254286999999938 3.951213999999999 0.0 -5.254286999999938 3.951213999999999 0.0 1725.810209 localhost 0
FLASER 0  -5.254286999999938 3.951213999999999 0.0 -5.254286999999938 3.951213999999999 0.0 1726.020815 localhost 0
FLASER 0  -5.254286999999938 3.971213999999999 0.0 -5.254286999999938 3.971213999999999 0.0 1726.240566 localhost 0
FLASER 0  -5.194286999999939 3.931213999999999 0.0 -5.194286999999939 3.931213999999999 0.0 1726.450247 localhost 0
FLASER 0  -5.194286999999939 3.931213999999999 0.0 -5.194286999999939 3.931213999999999 0.0 1726.670226 localhost 0
FLASER 0  -5.194286999999939 3.931213999999999 0.0 -5.194286999999939 3.931213999999999 0.0 1726.88063 localhost 0
FLASER 0  -5.214286999999938 3.951213999999999 0.0 -5.214286999999938 3.951213999999999 0.0 1727.090065 localhost 0
FLASER 0  -5.194286999999939 4.011213999999999 0.0 -5.194286999999939 4.011213999999999 0.0 1727.31024 localhost 0
FLASER 0  -5.194286999999939 4.111213999999999 0.0 -5.194286999999939 4.111213999999999 0.0 1727.521245 localhost 0
FLASER 0  -5.174286999999939 4.211213999999998 0.0 -5.174286999999939 4.211213999999998 0.0 1727.741003 localhost 0
FLASER 0  -5.15428699999994 4.3312139999999975 0.0 -5.15428699999994 4.3312139999999975 0.0 1727.940578 localhost 0
FLASER 0  -5.13428699999994 4.431213999999997 0.0 -5.13428699999994 4.431213999999997 0.0 1728.160593 localhost 0
FLASER 0  -5.09428699999994 4.631213999999997 0.0 -5.09428699999994 4.631213999999997 0.0 1728.370268 localhost 0
FLASER 0  -5.05428699999994 4.731213999999998 0.0 -5.05428699999994 4.731213999999998 0.0 1728.800538 localhost 0
FLASER 0  -5.01428699999994 4.851213999999997 0.0 -5.01428699999994 4.851213999999997 0.0 1729.010216 localhost 0
FLASER 0  -4.95428699999994 4.931213999999997 0.0 -4.95428699999994 4.931213999999997 0.0 1729.230221 localhost 0
FLASER 0  -4.894286999999941 5.011213999999997 0.0 -4.894286999999941 5.011213999999997 0.0 1729.440438 localhost 0
FLASER 0  -4.834286999999941 5.111213999999997 0.0 -4.834286999999941 5.111213999999997 0.0 1729.650239 localhost 0
FLASER 0  -4.7742869999999415 5.191213999999997 0.0 -4.7742869999999415 5.191213999999997 0.0 1729.870208 localhost 0
FLASER 0  -4.714286999999942 5.271213999999997 0.0 -4.714286999999942 5.271213999999997 0.0 1730.081053 localhost 0
FLASER 0  -4.674286999999942 5.371213999999997 0.0 -4.674286999999942 5.371213999999997 0.0 1730.29019 localhost 0
FLASER 0  -4.614286999999942 5.471213999999996 0.0 -4.614286999999942 5.471213999999996 0.0 1730.510167 localhost 0
FLASER 0  -4.554286999999943 5.531213999999996 0.0 -4.554286999999943 5.531213999999996 0.0 1730.720362 localhost 0
FLASER 0  -4.474286999999943 5.6312139999999955 0.0 -4.474286999999943 5.6312139999999955 0.0 1730.930234 localhost 0
FLASER 0  -4.3942869999999425 5.691213999999995 0.0 -4.3942869999999425 5.691213999999995 0.0 1731.150167 localhost 0
FLASER 0  -4.3142869999999425 5.751213999999995 0.0 -4.3142869999999425 5.751213999999995 0.0 1731.36052 localhost 0
FLASER 0  -4.214286999999943 5.771213999999994 0.0 -4.214286999999943 5.771213999999994 0.0 1731.570239 localhost 0
FLASER 0  -4.094286999999944 5.831213999999994 0.0 -4.094286999999944 5.831213999999994 0.0 1731.790171 localhost 0
FLASER 0  -3.9942869999999435 5.831213999999994 0.0 -3.9942869999999435 5.831213999999994 0.0 1732.000571 localhost 0
FLASER 0  -3.8742869999999434 5.831213999999994 0.0 -3.8742869999999434 5.831213999999994 0.0 1732.210194 localhost 0
FLASER 0  -3.7742869999999433 5.8512139999999935 0.0 -3.7742869999999433 5.8512139999999935 0.0 1732.430229 localhost 0
FLASER 0  -3.654286999999943 5.831213999999994 0.0 -3.654286999999943 5.831213999999994 0.0 1732.640586 localhost 0
FLASER 0  -3.554286999999943 5.831213999999994 0.0 -3.554286999999943 5.831213999999994 0.0 1732.850052 localhost 0
FLASER 0  -3.434286999999943 5.831213999999994 0.0 -3.434286999999943 5.831213999999994 0.0 1733.07017 localhost 0
FLASER 0  -3.314286999999943 5.831213999999994 0.0 -3.314286999999943 5.831213999999994 0.0 1733.280588 localhost 0
FLASER 0  -3.214286999999943 5.811213999999994 0.0 -3.214286999999943 5.811213999999994 0.0 1733.490178 localhost 0
FLASER 0  -3.1142869999999427 5.811213999999994 0.0 -3.1142869999999427 5.811213999999994 0.0 1733.710197 localhost 0
FLASER 0  -3.0142869999999427 5.791213999999995 0.0 -3.0142869999999427 5.791213999999995 0.0 1733.920601 localhost 0
FLASER 0  -2.8942869999999425 5.791213999999995 0.0 -2.8942869999999425 5.791213999999995 0.0 1734.130286 localhost 0
FLASER 0  -2.8142869999999425 5.771213999999995 0.0 -2.8142869999999425 5.771213999999995 0.0 1734.350262 localhost 0
FLASER 0  -2.6942869999999424 5.751213999999996 0.0 -2.6942869999999424 5.751213999999996 0.0 1734.560566 localhost 0
FLASER 0  -2.5942869999999423 5.731213999999996 0.0 -2.5942869999999423 5.731213999999996 0.0 1734.780292 localhost 0
FLASER 0  -2.494286999999942 5.691213999999996 0.0 -2.494286999999942 5.691213999999996 0.0 1734.990194 localhost 0
FLASER 0  -2.414286999999942 5.671213999999996 0.0 -2.414286999999942 5.671213999999996 0.0 1735.200609 localhost 0
FLASER 0  -2.294286999999942 5.631213999999996 0.0 -2.294286999999942 5.631213999999996 0.0 1735.420661 localhost 0
FLASER 0  -2.194286999999942 5.591213999999996 0.0 -2.194286999999942 5.591213999999996 0.0 1735.630582 localhost 0
FLASER 0  -2.094286999999942 5.571213999999997 0.0 -2.094286999999942 5.571213999999997 0.0 1735.840638 localhost 0
FLASER 0  -1.9942869999999417 5.531213999999997 0.0 -1.9942869999999417 5.531213999999997 0.0 1736.05028 localhost 0
FLASER 0  -1.8742869999999416 5.511213999999997 0.0 -1.8742869999999416 5.511213999999997 0.0 1736.270257 localhost 0
FLASER 0  -1.7742869999999415 5.491213999999998 0.0 -1.7742869999999415 5.491213999999998 0.0 1736.480599 localhost 0
FLASER 0  -1.6542869999999414 5.491213999999998 0.0 -1.6542869999999414 5.491213999999998 0.0 1736.70034 localhost 0
FLASER 0  -1.5542869999999414 5.471213999999998 0.0 -1.5542869999999414 5.471213999999998 0.0 1736.91025 localhost 0
FLASER 0  -1.4542869999999413 5.471213999999998 0.0 -1.4542869999999413 5.471213999999998 0.0 1737.130266 localhost 0
FLASER 0  -1.3542869999999412 5.4512139999999984 0.0 -1.3542869999999412 5.4512139999999984 0.0 1737.330314 localhost 0
FLASER 0  -1.234286999999941 5.4512139999999984 0.0 -1.234286999999941 5.4512139999999984 0.0 1737.550254 localhost 0
FLASER 0  -1.114286999999941 5.4512139999999984 0.0 -1.114286999999941 5.4512139999999984 0.0 1737.760448 localhost 0
FLASER 0  -0.9942869999999409 5.4512139999999984 0.0 -0.9942869999999409 5.4512139999999984 0.0 1737.981084 localhost 0
FLASER 0  -0.8742869999999409 5.4512139999999984 0.0 -0.8742869999999409 5.4512139999999984 0.0 1738.190258 localhost 0
FLASER 0  -0.7742869999999409 5.431213999999999 0.0 -0.7742869999999409 5.431213999999999 0.0 1738.400422 localhost 0
FLASER 0  -0.6742869999999409 5.411213999999999 0.0 -0.6742869999999409 5.411213999999999 0.0 1738.620646 localhost 0
FLASER 0  -0.5742869999999409 5.371213999999999 0.0 -0.5742869999999409 5.371213999999999 0.0 1738.830261 localhost 0
FLASER 0  -0.45428699999994093 5.351214 0.0 -0.45428699999994093 5.351214 0.0 1739.040541 localhost 0
FLASER 0  -0.35428699999994095 5.311214 0.0 -0.35428699999994095 5.311214 0.0 1739.260909 localhost 0
FLASER 0  -0.254286999999941 5.291214 0.0 -0.254286999999941 5.291214 0.0 1739.47024 localhost 0
FLASER 0  -0.15428699999994097 5.2712140000000005 0.0 -0.15428699999994097 5.2712140000000005 0.0 1739.681302 localhost 0
FLASER 0  -0.03428699999994096 5.2312140000000005 0.0 -0.03428699999994096 5.2312140000000005 0.0 1739.900446 localhost 0
FLASER 0  0.06571300000005904 5.2312140000000005 0.0 0.06571300000005904 5.2312140000000005 0.0 1740.110251 localhost 0
FLASER 0  0.16571300000005906 5.191214 0.0 0.16571300000005906 5.191214 0.0 1740.320659 localhost 0
FLASER 0  0.28571300000005906 5.151214 0.0 0.28571300000005906 5.151214 0.0 1740.54057 localhost 0
FLASER 0  0.38571300000005904 5.131214000000001 0.0 0.38571300000005904 5.131214000000001 0.0 1740.750288 localhost 0
FLASER 0  0.505713000000059 5.091214000000001 0.0 0.505713000000059 5.091214000000001 0.0 1740.960586 localhost 0
FLASER 0  0.605713000000059 5.111214 0.0 0.605713000000059 5.111214 0.0 1741.180211 localhost 0
FLASER 0  0.725713000000059 5.131214 0.0 0.725713000000059 5.131214 0.0 1741.39023 localhost 0
FLASER 0  0.825713000000059 5.1512139999999995 0.0 0.825713000000059 5.1512139999999995 0.0 1741.600559 localhost 0
FLASER 0  0.925713000000059 5.1912139999999996 0.0 0.925713000000059 5.1912139999999996 0.0 1741.820615 localhost 0
FLASER 0  1.025713000000059 5.231214 0.0 1.025713000000059 5.231214 0.0 1742.030238 localhost 0
FLASER 0  1.125713000000059 5.271214 0.0 1.125713000000059 5.271214 0.0 1742.240585 localhost 0
FLASER 0  1.2257130000000591 5.311214 0.0 1.2257130000000591 5.311214 0.0 1742.460536 localhost 0
FLASER 0  1.3257130000000592 5.351214 0.0 1.3257130000000592 5.351214 0.0 1742.670257 localhost 0
FLASER 0  1.425713000000059 5.391214 0.0 1.425713000000059 5.391214 0.0 1742.880173 localhost 0
FLASER 0  1.525713000000059 5.451213999999999 0.0 1.525713000000059 5.451213999999999 0.0 1743.100503 localhost 0
FLASER 0  1.605713000000059 5.491213999999999 0.0 1.605713000000059 5.491213999999999 0.0 1743.310216 localhost 0
FLASER 0  1.705713000000059 5.5712139999999994 0.0 1.705713000000059 5.5712139999999994 0.0 1743.520868 localhost 0
FLASER 0  1.7857130000000592 5.6512139999999995 0.0 1.7857130000000592 5.6512139999999995 0.0 1743.740199 localhost 0
FLASER 0  1.8657130000000592 5.731214 0.0 1.8657130000000592 5.731214 0.0 1743.950196 localhost 0
FLASER 0  1.9057130000000593 5.831213999999999 0.0 1.9057130000000593 5.831213999999999 0.0 1744.170193 localhost 0
FLASER 0  1.925713000000059 5.911213999999999 0.0 1.925713000000059 5.911213999999999 0.0 1744.380537 localhost 0
FLASER 0  2.005713000000059 6.011213999999999 0.0 2.005713000000059 6.011213999999999 0.0 1744.590232 localhost 0
FLASER 0  2.045713000000059 6.091213999999999 0.0 2.045713000000059 6.091213999999999 0.0 1744.800793 localhost 0
FLASER 0  2.1257130000000592 6.191213999999999 0.0 2.1257130000000592 6.191213999999999 0.0 1745.020596 localhost 0
FLASER 0  2.1657130000000593 6.311213999999998 0.0 2.1657130000000593 6.311213999999998 0.0 1745.230285 localhost 0
FLASER 0  2.2257130000000593 6.4112139999999975 0.0 2.2257130000000593 6.4112139999999975 0.0 1745.440582 localhost 0
FLASER 0  2.2657130000000594 6.511213999999997 0.0 2.2657130000000594 6.511213999999997 0.0 1745.660581 localhost 0
FLASER 0  2.2857130000000594 6.631213999999996 0.0 2.2857130000000594 6.631213999999996 0.0 1745.87025 localhost 0
FLASER 0  2.2857130000000594 6.731213999999996 0.0 2.2857130000000594 6.731213999999996 0.0 1746.081012 localhost 0
FLASER 0  2.2657130000000594 6.851213999999995 0.0 2.2657130000000594 6.851213999999995 0.0 1746.300547 localhost 0
FLASER 0  2.2657130000000594 6.951213999999995 0.0 2.2657130000000594 6.951213999999995 0.0 1746.510213 localhost 0
FLASER 0  2.2457130000000594 7.071213999999994 0.0 2.2457130000000594 7.071213999999994 0.0 1746.72126 localhost 0
FLASER 0  2.2057130000000593 7.191213999999993 0.0 2.2057130000000593 7.191213999999993 0.0 1746.940983 localhost 0
FLASER 0  2.1857130000000593 7.291213999999993 0.0 2.1857130000000593 7.291213999999993 0.0 1747.150212 localhost 0
FLASER 0  2.1857130000000593 7.351213999999993 0.0 2.1857130000000593 7.351213999999993 0.0 1747.370295 localhost 0
FLASER 0  2.085713000000059 7.451213999999992 0.0 2.085713000000059 7.451213999999992 0.0 1747.580748 localhost 0
FLASER 0  2.025713000000059 7.531213999999992 0.0 2.025713000000059 7.531213999999992 0.0 1747.790248 localhost 0
FLASER 0  1.945713000000059 7.591213999999992 0.0 1.945713000000059 7.591213999999992 0.0 1748.01036 localhost 0
FLASER 0  1.865713000000059 7.671213999999992 0.0 1.865713000000059 7.671213999999992 0.0 1748.220603 localhost 0
FLASER 0  1.785713000000059 7.751213999999992 0.0 1.785713000000059 7.751213999999992 0.0 1748.43057 localhost 0
FLASER 0  1.6857130000000589 7.791213999999992 0.0 1.6857130000000589 7.791213999999992 0.0 1748.650658 localhost 0
FLASER 0  1.6257130000000588 7.851213999999992 0.0 1.6257130000000588 7.851213999999992 0.0 1748.860253 localhost 0
FLASER 0  1.485713000000059 7.871213999999991 0.0 1.485713000000059 7.871213999999991 0.0 1749.08027 localhost 0
FLASER 0  1.4057130000000588 7.891213999999991 0.0 1.4057130000000588 7.891213999999991 0.0 1749.29063 localhost 0
FLASER 0  1.2857130000000587 7.91121399999999 0.0 1.2857130000000587 7.91121399999999 0.0 1749.500256 localhost 0
FLASER 0  1.1657130000000586 7.93121399999999 0.0 1.1657130000000586 7.93121399999999 0.0 1749.710578 localhost 0
FLASER 0  1.0657130000000585 7.93121399999999 0.0 1.0657130000000585 7.93121399999999 0.0 1749.9303 localhost 0
FLASER 0  0.9657130000000586 7.95121399999999 0.0 0.9657130000000586 7.95121399999999 0.0 1750.14055 localhost 0
FLASER 0  0.8257130000000585 7.971213999999989 0.0 0.8257130000000585 7.971213999999989 0.0 1750.35061 localhost 0
FLASER 0  0.7057130000000585 7.971213999999989 0.0 0.7057130000000585 7.971213999999989 0.0 1750.570639 localhost 0
FLASER 0  0.6257130000000586 7.991213999999989 0.0 0.6257130000000586 7.991213999999989 0.0 1750.780248 localhost 0
FLASER 0  0.5257130000000586 7.991213999999989 0.0 0.5257130000000586 7.991213999999989 0.0 1750.990961 localhost 0
FLASER 0  0.4057130000000586 8.011213999999988 0.0 0.4057130000000586 8.011213999999988 0.0 1751.200475 localhost 0
FLASER 0  0.30571300000005863 8.011213999999988 0.0 0.30571300000005863 8.011213999999988 0.0 1751.420601 localhost 0
FLASER 0  0.18571300000005864 8.011213999999988 0.0 0.18571300000005864 8.011213999999988 0.0 1751.630826 localhost 0
FLASER 0  0.04571300000005863 8.011213999999988 0.0 0.04571300000005863 8.011213999999988 0.0 1751.850352 localhost 0
FLASER 0  -0.03428699999994138 8.031213999999988 0.0 -0.03428699999994138 8.031213999999988 0.0 1752.060205 localhost 0
FLASER 0  -0.15428699999994136 8.031213999999988 0.0 -0.15428699999994136 8.031213999999988 0.0 1752.270853 localhost 0
FLASER 0  -0.2742869999999414 8.031213999999988 0.0 -0.2742869999999414 8.031213999999988 0.0 1752.490599 localhost 0
FLASER 0  -0.39428699999994143 8.031213999999988 0.0 -0.39428699999994143 8.031213999999988 0.0 1752.700212 localhost 0
FLASER 0  -0.4942869999999414 8.031213999999988 0.0 -0.4942869999999414 8.031213999999988 0.0 1752.911002 localhost 0
FLASER 0  -0.5942869999999414 8.031213999999988 0.0 -0.5942869999999414 8.031213999999988 0.0 1753.130612 localhost 0
FLASER 0  -0.6942869999999414 8.031213999999988 0.0 -0.6942869999999414 8.031213999999988 0.0 1753.340226 localhost 0
FLASER 0  -0.7942869999999415 8.031213999999988 0.0 -0.7942869999999415 8.031213999999988 0.0 1753.551388 localhost 0
FLASER 0  -0.9342869999999415 8.051213999999987 0.0 -0.9342869999999415 8.051213999999987 0.0 1753.770657 localhost 0
FLASER 0  -1.0142869999999415 8.031213999999988 0.0 -1.0142869999999415 8.031213999999988 0.0 1753.980222 localhost 0
FLASER 0  -1.1542869999999414 8.031213999999988 0.0 -1.1542869999999414 8.031213999999988 0.0 1754.200528 localhost 0
FLASER 0  -1.2742869999999415 8.031213999999988 0.0 -1.2742869999999415 8.031213999999988 0.0 1754.410251 localhost 0
FLASER 0  -1.3542869999999416 8.011213999999988 0.0 -1.3542869999999416 8.011213999999988 0.0 1754.620769 localhost 0
FLASER 0  -1.4742869999999417 7.991213999999989 0.0 -1.4742869999999417 7.991213999999989 0.0 1754.830219 localhost 0
FLASER 0  -1.5742869999999418 7.951213999999989 0.0 -1.5742869999999418 7.951213999999989 0.0 1755.05033 localhost 0
FLASER 0  -1.6542869999999419 7.911213999999989 0.0 -1.6542869999999419 7.911213999999989 0.0 1755.260575 localhost 0
FLASER 0  -1.774286999999942 7.851213999999989 0.0 -1.774286999999942 7.851213999999989 0.0 1755.470212 localhost 0
FLASER 0  -1.854286999999942 7.811213999999989 0.0 -1.854286999999942 7.811213999999989 0.0 1755.690322 localhost 0
FLASER 0  -1.9542869999999422 7.771213999999989 0.0 -1.9542869999999422 7.771213999999989 0.0 1755.900653 localhost 0
FLASER 0  -2.014286999999942 7.671213999999989 0.0 -2.014286999999942 7.671213999999989 0.0 1756.120888 localhost 0
FLASER 0  -2.0942869999999423 7.61121399999999 0.0 -2.0942869999999423 7.61121399999999 0.0 1756.330275 localhost 0
FLASER 0  -2.1742869999999423 7.53121399999999 0.0 -2.1742869999999423 7.53121399999999 0.0 1756.540588 localhost 0
FLASER 0  -2.2342869999999424 7.45121399999999 0.0 -2.2342869999999424 7.45121399999999 0.0 1756.76056 localhost 0
FLASER 0  -2.2942869999999425 7.35121399999999 0.0 -2.2942869999999425 7.35121399999999 0.0 1756.970546 localhost 0
FLASER 0  -2.3142869999999425 7.27121399999999 0.0 -2.3142869999999425 7.27121399999999 0.0 1757.180776 localhost 0
FLASER 0  -2.3542869999999425 7.17121399999999 0.0 -2.3542869999999425 7.17121399999999 0.0 1757.400573 localhost 0
FLASER 0  -2.3742869999999425 7.051213999999991 0.0 -2.3742869999999425 7.051213999999991 0.0 1757.610619 localhost 0
FLASER 0  -2.3742869999999425 6.951213999999991 0.0 -2.3742869999999425 6.951213999999991 0.0 1757.820594 localhost 0
FLASER 0  -2.3742869999999425 6.831213999999992 0.0 -2.3742869999999425 6.831213999999992 0.0 1758.030289 localhost 0
FLASER 0  -2.3742869999999425 6.7312139999999925 0.0 -2.3742869999999425 6.7312139999999925 0.0 1758.250271 localhost 0
FLASER 0  -2.3742869999999425 6.611213999999993 0.0 -2.3742869999999425 6.611213999999993 0.0 1758.46061 localhost 0
FLASER 0  -2.3742869999999425 6.531213999999993 0.0 -2.3742869999999425 6.531213999999993 0.0 1758.680587 localhost 0
FLASER 0  -2.3542869999999425 6.3912139999999935 0.0 -2.3542869999999425 6.3912139999999935 0.0 1758.890356 localhost 0
FLASER 0  -2.3542869999999425 6.311213999999993 0.0 -2.3542869999999425 6.311213999999993 0.0 1759.11027 localhost 0
FLASER 0  -2.3342869999999425 6.191213999999994 0.0 -2.3342869999999425 6.191213999999994 0.0 1759.320614 localhost 0
FLASER 0  -2.3142869999999425 6.091213999999995 0.0 -2.3142869999999425 6.091213999999995 0.0 1759.530283 localhost 0
FLASER 0  -2.2742869999999424 5.991213999999995 0.0 -2.2742869999999424 5.991213999999995 0.0 1759.750187 localhost 0
FLASER 0  -2.2342869999999424 5.891213999999995 0.0 -2.2342869999999424 5.891213999999995 0.0 1759.960302 localhost 0
FLASER 0  -2.1742869999999423 5.811213999999995 0.0 -2.1742869999999423 5.811213999999995 0.0 1760.170358 localhost 0
FLASER 0  -2.0942869999999423 5.731213999999995 0.0 -2.0942869999999423 5.731213999999995 0.0 1760.380655 localhost 0
FLASER 0  -2.014286999999942 5.651213999999995 0.0 -2.014286999999942 5.651213999999995 0.0 1760.600577 localhost 0
FLASER 0  -1.894286999999942 5.5912139999999955 0.0 -1.894286999999942 5.5912139999999955 0.0 1760.810356 localhost 0
FLASER 0  -1.814286999999942 5.571213999999996 0.0 -1.814286999999942 5.571213999999996 0.0 1761.020693 localhost 0
FLASER 0  -1.714286999999942 5.531213999999996 0.0 -1.714286999999942 5.531213999999996 0.0 1761.240557 localhost 0
FLASER 0  -1.5942869999999418 5.551213999999995 0.0 -1.5942869999999418 5.551213999999995 0.0 1761.450279 localhost 0
FLASER 0  -1.4942869999999417 5.531213999999996 0.0 -1.4942869999999417 5.531213999999996 0.0 1761.660493 localhost 0
FLASER 0  -1.3942869999999417 5.531213999999996 0.0 -1.3942869999999417 5.531213999999996 0.0 1761.880525 localhost 0
FLASER 0  -1.2742869999999415 5.531213999999996 0.0 -1.2742869999999415 5.531213999999996 0.0 1762.090322 localhost 0
FLASER 0  -1.1742869999999415 5.511213999999996 0.0 -1.1742869999999415 5.511213999999996 0.0 1762.300931 localhost 0
FLASER 0  -1.0542869999999414 5.511213999999996 0.0 -1.0542869999999414 5.511213999999996 0.0 1762.520483 localhost 0
FLASER 0  -0.9542869999999414 5.511213999999996 0.0 -0.9542869999999414 5.511213999999996 0.0 1762.730227 localhost 0
FLASER 0  -0.9342869999999414 5.471213999999996 0.0 -0.9342869999999414 5.471213999999996 0.0 1762.941143 localhost 0
FLASER 0  -0.8942869999999413 5.451213999999997 0.0 -0.8942869999999413 5.451213999999997 0.0 1763.160723 localhost 0
FLASER 0  -0.8742869999999413 5.411213999999997 0.0 -0.8742869999999413 5.411213999999997 0.0 1763.370264 localhost 0
FLASER 0  -0.8142869999999414 5.351213999999997 0.0 -0.8142869999999414 5.351213999999997 0.0 1763.580221 localhost 0
FLASER 0  -0.7542869999999414 5.251213999999997 0.0 -0.7542869999999414 5.251213999999997 0.0 1763.800906 localhost 0
FLASER 0  -0.6942869999999415 5.171213999999997 0.0 -0.6942869999999415 5.171213999999997 0.0 1764.010623 localhost 0
FLASER 0  -0.6542869999999414 5.071213999999998 0.0 -0.6542869999999414 5.071213999999998 0.0 1764.220869 localhost 0
FLASER 0  -0.5942869999999415 4.991213999999998 0.0 -0.5942869999999415 4.991213999999998 0.0 1764.440492 localhost 0
FLASER 0  -0.5742869999999415 4.871213999999998 0.0 -0.5742869999999415 4.871213999999998 0.0 1764.650256 localhost 0
FLASER 0  -0.5742869999999415 4.751213999999999 0.0 -0.5742869999999415 4.751213999999999 0.0 1764.870172 localhost 0
FLASER 0  -0.5942869999999415 4.6512139999999995 0.0 -0.5942869999999415 4.6512139999999995 0.0 1765.08124 localhost 0
FLASER 0  -0.6142869999999415 4.531214 0.0 -0.6142869999999415 4.531214 0.0 1765.290247 localhost 0
FLASER 0  -0.6542869999999414 4.471214000000001 0.0 -0.6542869999999414 4.471214000000001 0.0 1765.500491 localhost 0
FLASER 0  -0.6742869999999415 4.411214000000001 0.0 -0.6742869999999415 4.411214000000001 0.0 1765.720599 localhost 0
FLASER 0  -0.6942869999999415 4.331214000000001 0.0 -0.6942869999999415 4.331214000000001 0.0 1765.930252 localhost 0
FLASER 0  -0.7342869999999415 4.251214000000001 0.0 -0.7342869999999415 4.251214000000001 0.0 1766.150558 localhost 0
FLASER 0  -0.7742869999999415 4.151214000000001 0.0 -0.7742869999999415 4.151214000000001 0.0 1766.360794 localhost 0
FLASER 0  -0.7942869999999416 4.031214000000002 0.0 -0.7942869999999416 4.031214000000002 0.0 1766.570261 localhost 0
FLASER 0  -0.8342869999999416 3.931214000000002 0.0 -0.8342869999999416 3.931214000000002 0.0 1766.780552 localhost 0
FLASER 0  -0.8542869999999416 3.831214000000002 0.0 -0.8542869999999416 3.831214000000002 0.0 1767.000601 localhost 0
FLASER 0  -0.8942869999999417 3.731214000000002 0.0 -0.8942869999999417 3.731214000000002 0.0 1767.210272 localhost 0
FLASER 0  -0.9142869999999417 3.6112140000000017 0.0 -0.9142869999999417 3.6112140000000017 0.0 1767.431479 localhost 0
FLASER 0  -0.9342869999999417 3.5312140000000016 0.0 -0.9342869999999417 3.5312140000000016 0.0 1767.640613 localhost 0
FLASER 0  -0.9342869999999417 3.5312140000000016 0.0 -0.9342869999999417 3.5312140000000016 0.0 1767.850409 localhost 0
FLASER 0  -0.9342869999999417 3.5312140000000016 0.0 -0.9342869999999417 3.5312140000000016 0.0 1768.060519 localhost 0
FLASER 0  -0.9142869999999417 3.5312140000000016 0.0 -0.9142869999999417 3.5312140000000016 0.0 1768.280537 localhost 0
FLASER 0  -0.9342869999999417 3.5112140000000016 0.0 -0.9342869999999417 3.5112140000000016 0.0 1768.490613 localhost 0
FLASER 0  -0.9342869999999417 3.5312140000000016 0.0 -0.9342869999999417 3.5312140000000016 0.0 1768.710578 localhost 0
FLASER 0  -0.9142869999999417 3.5112140000000016 0.0 -0.9142869999999417 3.5112140000000016 0.0 1768.920605 localhost 0
FLASER 0  -0.9542869999999417 3.5112140000000016 0.0 -0.9542869999999417 3.5112140000000016 0.0 1769.130587 localhost 0
FLASER 0  -0.9142869999999417 3.5712140000000017 0.0 -0.9142869999999417 3.5712140000000017 0.0 1769.350288 localhost 0
FLASER 0  -0.9142869999999417 3.6512140000000017 0.0 -0.9142869999999417 3.6512140000000017 0.0 1769.560621 localhost 0
FLASER 0  -0.9742869999999417 3.711214000000002 0.0 -0.9742869999999417 3.711214000000002 0.0 1769.770276 localhost 0
FLASER 0  -0.8742869999999417 3.791214000000002 0.0 -0.8742869999999417 3.791214000000002 0.0 1769.980525 localhost 0
FLASER 0  -0.9142869999999418 3.751214000000002 0.0 -0.9142869999999418 3.751214000000002 0.0 1770.200362 localhost 0
FLASER 0  -0.9142869999999418 3.751214000000002 0.0 -0.9142869999999418 3.751214000000002 0.0 1770.410612 localhost 0
FLASER 0  -0.9142869999999418 3.731214000000002 0.0 -0.9142869999999418 3.731214000000002 0.0 1770.630253 localhost 0
FLASER 0  -0.8942869999999418 3.731214000000002 0.0 -0.8942869999999418 3.731214000000002 0.0 1770.840539 localhost 0
FLASER 0  -0.9142869999999418 3.731214000000002 0.0 -0.9142869999999418 3.731214000000002 0.0 1771.050312 localhost 0
FLASER 0  -0.8942869999999418 3.711214000000002 0.0 -0.8942869999999418 3.711214000000002 0.0 1771.270198 localhost 0
FLASER 0  -0.9142869999999418 3.711214000000002 0.0 -0.9142869999999418 3.711214000000002 0.0 1771.480313 localhost 0
FLASER 0  -0.9742869999999417 3.6912140000000018 0.0 -0.9742869999999417 3.6912140000000018 0.0 1771.690639 localhost 0
FLASER 0  -0.9542869999999417 3.6712140000000018 0.0 -0.9542869999999417 3.6712140000000018 0.0 1771.910686 localhost 0
FLASER 0  -0.9142869999999417 3.6712140000000018 0.0 -0.9142869999999417 3.6712140000000018 0.0 1772.121013 localhost 0
FLASER 0  -0.9542869999999417 3.6512140000000017 0.0 -0.9542869999999417 3.6512140000000017 0.0 1772.330591 localhost 0
FLASER 0  -0.9542869999999417 3.6512140000000017 0.0 -0.9542869999999417 3.6512140000000017 0.0 1772.550564 localhost 0
FLASER 0  -0.9542869999999417 3.6312140000000017 0.0 -0.9542869999999417 3.6312140000000017 0.0 1772.760589 localhost 0
FLASER 0  -0.9742869999999417 3.6312140000000017 0.0 -0.9742869999999417 3.6312140000000017 0.0 1772.970495 localhost 0
FLASER 0  -0.8942869999999418 3.711214000000002 0.0 -0.8942869999999418 3.711214000000002 0.0 1773.190193 localhost 0
FLASER 0  -0.8942869999999418 3.6912140000000018 0.0 -0.8942869999999418 3.6912140000000018 0.0 1773.400596 localhost 0
FLASER 0  -0.8942869999999418 3.6712140000000018 0.0 -0.8942869999999418 3.6712140000000018 0.0 1773.610495 localhost 0
FLASER 0  -0.8742869999999417 3.6712140000000018 0.0 -0.8742869999999417 3.6712140000000018 0.0 1773.830237 localhost 0
FLASER 0  -0.8542869999999417 3.6912140000000018 0.0 -0.8542869999999417 3.6912140000000018 0.0 1774.040419 localhost 0
FLASER 0  -0.8342869999999417 3.6512140000000017 0.0 -0.8342869999999417 3.6512140000000017 0.0 1774.260759 localhost 0
FLASER 0  -0.7542869999999418 3.6512140000000017 0.0 -0.7542869999999418 3.6512140000000017 0.0 1774.470174 localhost 0
FLASER 0  -0.6742869999999418 3.6312140000000017 0.0 -0.6742869999999418 3.6312140000000017 0.0 1774.680513 localhost 0
FLASER 0  -0.6142869999999419 3.6112140000000017 0.0 -0.6142869999999419 3.6112140000000017 0.0 1774.89067 localhost 0
FLASER 0  -0.6342869999999419 3.6112140000000017 0.0 -0.6342869999999419 3.6112140000000017 0.0 1775.1108 localhost 0
FLASER 0  -0.6342869999999419 3.6112140000000017 0.0 -0.6342869999999419 3.6112140000000017 0.0 1775.320259 localhost 0
FLASER 0  -0.6342869999999419 3.6112140000000017 0.0 -0.6342869999999419 3.6112140000000017 0.0 1775.53061 localhost 0
FLASER 0  -0.6342869999999419 3.6112140000000017 0.0 -0.6342869999999419 3.6112140000000017 0.0 1775.750587 localhost 0
FLASER 0  -0.6942869999999418 3.6112140000000017 0.0 -0.6942869999999418 3.6112140000000017 0.0 1775.960232 localhost 0
FLASER 0  -0.7742869999999418 3.6112140000000017 0.0 -0.7742869999999418 3.6112140000000017 0.0 1776.170698 localhost 0
FLASER 0  -0.7942869999999418 3.6112140000000017 0.0 -0.7942869999999418 3.6112140000000017 0.0 1776.390577 localhost 0
FLASER 0  -0.7742869999999418 3.6112140000000017 0.0 -0.7742869999999418 3.6112140000000017 0.0 1776.600234 localhost 0
FLASER 0  -0.6942869999999418 3.6112140000000017 0.0 -0.6942869999999418 3.6112140000000017 0.0 1776.811043 localhost 0
FLASER 0  -0.5942869999999418 3.5712140000000017 0.0 -0.5942869999999418 3.5712140000000017 0.0 1777.030189 localhost 0
FLASER 0  -0.5142869999999419 3.5512140000000016 0.0 -0.5142869999999419 3.5512140000000016 0.0 1777.240315 localhost 0
FLASER 0  -0.3942869999999419 3.4912140000000016 0.0 -0.3942869999999419 3.4912140000000016 0.0 1777.460158 localhost 0
FLASER 0  -0.2942869999999419 3.4312140000000015 0.0 -0.2942869999999419 3.4312140000000015 0.0 1777.670659 localhost 0
FLASER 0  -0.1742869999999419 3.4112140000000015 0.0 -0.1742869999999419 3.4112140000000015 0.0 1777.880266 localhost 0
FLASER 0  -0.0942869999999419 3.3712140000000015 0.0 -0.0942869999999419 3.3712140000000015 0.0 1778.090875 localhost 0
FLASER 0  0.025713000000058103 3.3312140000000015 0.0 0.025713000000058103 3.3312140000000015 0.0 1778.310804 localhost 0
FLASER 0  0.10571300000005811 3.2712140000000014 0.0 0.10571300000005811 3.2712140000000014 0.0 1778.520293 localhost 0
FLASER 0  0.2057130000000581 3.2112140000000013 0.0 0.2057130000000581 3.2112140000000013 0.0 1778.740192 localhost 0
FLASER 0  0.3057130000000581 3.1512140000000013 0.0 0.3057130000000581 3.1512140000000013 0.0 1778.950592 localhost 0
FLASER 0  0.3657130000000581 3.0912140000000012 0.0 0.3657130000000581 3.0912140000000012 0.0 1779.160263 localhost 0
FLASER 0  0.4657130000000581 3.031214000000001 0.0 0.4657130000000581 3.031214000000001 0.0 1779.370972 localhost 0
FLASER 0  0.4857130000000581 2.991214000000001 0.0 0.4857130000000581 2.991214000000001 0.0 1779.591206 localhost 0
FLASER 0  0.5457130000000581 2.871214000000001 0.0 0.5457130000000581 2.871214000000001 0.0 1779.800256 localhost 0
FLASER 0  0.5657130000000581 2.851214000000001 0.0 0.5657130000000581 2.851214000000001 0.0 1780.020628 localhost 0
FLASER 0  0.5857130000000581 2.831214000000001 0.0 0.5857130000000581 2.831214000000001 0.0 1780.230266 localhost 0
FLASER 0  0.5657130000000581 2.831214000000001 0.0 0.5657130000000581 2.831214000000001 0.0 1780.441362 localhost 0
FLASER 0  0.5657130000000581 2.831214000000001 0.0 0.5657130000000581 2.831214000000001 0.0 1780.660589 localhost 0
FLASER 0  0.6057130000000581 2.791214000000001 0.0 0.6057130000000581 2.791214000000001 0.0 1780.870275 localhost 0
FLASER 0  0.6257130000000581 2.711214000000001 0.0 0.6257130000000581 2.711214000000001 0.0 1781.080643 localhost 0
FLASER 0  0.6857130000000581 2.611214000000001 0.0 0.6857130000000581 2.611214000000001 0.0 1781.300499 localhost 0
FLASER 0  0.745713000000058 2.5512140000000008 0.0 0.745713000000058 2.5512140000000008 0.0 1781.510403 localhost 0
FLASER 0  0.745713000000058 2.5512140000000008 0.0 0.745713000000058 2.5512140000000008 0.0 1781.720147 localhost 0
FLASER 0  0.745713000000058 2.5312140000000007 0.0 0.745713000000058 2.5312140000000007 0.0 1781.930381 localhost 0
FLASER 0  0.745713000000058 2.5312140000000007 0.0 0.745713000000058 2.5312140000000007 0.0 1782.150655 localhost 0
FLASER 0  0.765713000000058 2.5512140000000008 0.0 0.765713000000058 2.5512140000000008 0.0 1782.360271 localhost 0
FLASER 0  0.8057130000000581 2.4912140000000007 0.0 0.8057130000000581 2.4912140000000007 0.0 1782.581229 localhost 0
FLASER 0  0.905713000000058 2.4512140000000007 0.0 0.905713000000058 2.4512140000000007 0.0 1782.790269 localhost 0
FLASER 0  1.005713000000058 2.4112140000000006 0.0 1.005713000000058 2.4112140000000006 0.0 1783.000537 localhost 0
FLASER 0  1.085713000000058 2.3912140000000006 0.0 1.085713000000058 2.3912140000000006 0.0 1783.220614 localhost 0
FLASER 0  1.1857130000000582 2.3912140000000006 0.0 1.1857130000000582 2.3912140000000006 0.0 1783.430321 localhost 0
FLASER 0  1.3057130000000583 2.3912140000000006 0.0 1.3057130000000583 2.3912140000000006 0.0 1783.640886 localhost 0
FLASER 0  1.3857130000000584 2.4112140000000006 0.0 1.3857130000000584 2.4112140000000006 0.0 1783.860797 localhost 0
FLASER 0  1.3857130000000584 2.4112140000000006 0.0 1.3857130000000584 2.4112140000000006 0.0 1784.070213 localhost 0
FLASER 0  1.3857130000000584 2.3912140000000006 0.0 1.3857130000000584 2.3912140000000006 0.0 1784.29017 localhost 0
FLASER 0  1.3257130000000583 2.3712140000000006 0.0 1.3257130000000583 2.3712140000000006 0.0 1784.50054 localhost 0
FLASER 0  1.2657130000000583 2.3712140000000006 0.0 1.2657130000000583 2.3712140000000006 0.0 1784.710206 localhost 0
FLASER 0  1.2457130000000582 2.3712140000000006 0.0 1.2457130000000582 2.3712140000000006 0.0 1784.920863 localhost 0
FLASER 0  1.3057130000000583 2.3912140000000006 0.0 1.3057130000000583 2.3912140000000006 0.0 1785.140397 localhost 0
FLASER 0  1.3857130000000584 2.4312140000000007 0.0 1.3857130000000584 2.4312140000000007 0.0 1785.350093 localhost 0
FLASER 0  1.5057130000000585 2.4912140000000007 0.0 1.5057130000000585 2.4912140000000007 0.0 1785.570644 localhost 0
FLASER 0  1.5857130000000585 2.5712140000000008 0.0 1.5857130000000585 2.5712140000000008 0.0 1785.780579 localhost 0
FLASER 0  1.6257130000000586 2.671214000000001 0.0 1.6257130000000586 2.671214000000001 0.0 1785.990198 localhost 0
FLASER 0  1.6457130000000586 2.771214000000001 0.0 1.6457130000000586 2.771214000000001 0.0 1786.200928 localhost 0
FLASER 0  1.6657130000000586 2.871214000000001 0.0 1.6657130000000586 2.871214000000001 0.0 1786.42019 localhost 0
FLASER 0  1.6857130000000586 2.971214000000001 0.0 1.6857130000000586 2.971214000000001 0.0 1786.630258 localhost 0
FLASER 0  1.6857130000000586 3.0912140000000012 0.0 1.6857130000000586 3.0912140000000012 0.0 1786.850172 localhost 0
FLASER 0  1.6657130000000586 3.1112140000000013 0.0 1.6657130000000586 3.1112140000000013 0.0 1787.06028 localhost 0
FLASER 0  1.6657130000000586 3.0912140000000012 0.0 1.6657130000000586 3.0912140000000012 0.0 1787.270241 localhost 0
FLASER 0  1.6657130000000586 3.1112140000000013 0.0 1.6657130000000586 3.1112140000000013 0.0 1787.490235 localhost 0
FLASER 0  1.6857130000000586 3.0912140000000012 0.0 1.6857130000000586 3.0912140000000012 0.0 1787.700785 localhost 0
FLASER 0  1.6857130000000586 3.1512140000000013 0.0 1.6857130000000586 3.1512140000000013 0.0 1787.910264 localhost 0
FLASER 0  1.6657130000000586 3.2512140000000014 0.0 1.6657130000000586 3.2512140000000014 0.0 1788.130196 localhost 0
FLASER 0  1.6457130000000586 3.3512140000000015 0.0 1.6457130000000586 3.3512140000000015 0.0 1788.340513 localhost 0
FLASER 0  1.6257130000000586 3.4712140000000016 0.0 1.6257130000000586 3.4712140000000016 0.0 1788.550202 localhost 0
FLASER 0  1.6057130000000586 3.5912140000000017 0.0 1.6057130000000586 3.5912140000000017 0.0 1788.770168 localhost 0
FLASER 0  1.5857130000000585 3.6912140000000018 0.0 1.5857130000000585 3.6912140000000018 0.0 1788.980596 localhost 0
FLASER 0  1.5657130000000585 3.771214000000002 0.0 1.5657130000000585 3.771214000000002 0.0 1789.190331 localhost 0
FLASER 0  1.5657130000000585 3.871214000000002 0.0 1.5657130000000585 3.871214000000002 0.0 1789.400694 localhost 0
FLASER 0  1.5457130000000585 3.971214000000002 0.0 1.5457130000000585 3.971214000000002 0.0 1789.621023 localhost 0
FLASER 0  1.5457130000000585 4.091214000000002 0.0 1.5457130000000585 4.091214000000002 0.0 1789.830262 localhost 0
FLASER 0  1.5457130000000585 4.211214000000001 0.0 1.5457130000000585 4.211214000000001 0.0 1790.050271 localhost 0
FLASER 0  1.5257130000000585 4.331214 0.0 1.5257130000000585 4.331214 0.0 1790.260614 localhost 0
FLASER 0  1.5257130000000585 4.451213999999999 0.0 1.5257130000000585 4.451213999999999 0.0 1790.470347 localhost 0
FLASER 0  1.5057130000000585 4.551213999999999 0.0 1.5057130000000585 4.551213999999999 0.0 1790.690206 localhost 0
FLASER 0  1.4857130000000585 4.631213999999999 0.0 1.4857130000000585 4.631213999999999 0.0 1790.900227 localhost 0
FLASER 0  1.4657130000000584 4.711213999999999 0.0 1.4657130000000584 4.711213999999999 0.0 1791.111051 localhost 0
FLASER 0  1.4257130000000584 4.791213999999999 0.0 1.4257130000000584 4.791213999999999 0.0 1791.33061 localhost 0
FLASER 0  1.3657130000000584 4.871213999999999 0.0 1.3657130000000584 4.871213999999999 0.0 1791.540247 localhost 0
FLASER 0  1.2657130000000583 4.951213999999999 0.0 1.2657130000000583 4.951213999999999 0.0 1791.750674 localhost 0
FLASER 0  1.2257130000000582 5.011213999999999 0.0 1.2257130000000582 5.011213999999999 0.0 1791.970604 localhost 0
FLASER 0  1.2057130000000582 5.071213999999999 0.0 1.2057130000000582 5.071213999999999 0.0 1792.180247 localhost 0
FLASER 0  1.2057130000000582 5.071213999999999 0.0 1.2057130000000582 5.071213999999999 0.0 1792.400219 localhost 0
FLASER 0  1.2057130000000582 5.051213999999999 0.0 1.2057130000000582 5.051213999999999 0.0 1792.610623 localhost 0
FLASER 0  1.2057130000000582 5.071213999999999 0.0 1.2057130000000582 5.071213999999999 0.0 1792.820722 localhost 0
FLASER 0  1.1857130000000582 5.051213999999999 0.0 1.1857130000000582 5.051213999999999 0.0 1793.030353 localhost 0
FLASER 0  1.2057130000000582 5.051213999999999 0.0 1.2057130000000582 5.051213999999999 0.0 1793.250258 localhost 0
FLASER 0  1.2057130000000582 5.071213999999999 0.0 1.2057130000000582 5.071213999999999 0.0 1793.46064 localhost 0
FLASER 0  1.2057130000000582 5.131213999999998 0.0 1.2057130000000582 5.131213999999998 0.0 1793.670373 localhost 0
FLASER 0  1.2257130000000582 5.211213999999998 0.0 1.2257130000000582 5.211213999999998 0.0 1793.890197 localhost 0
FLASER 0  1.2657130000000583 5.3312139999999975 0.0 1.2657130000000583 5.3312139999999975 0.0 1794.100556 localhost 0
FLASER 0  1.2657130000000583 5.4112139999999975 0.0 1.2657130000000583 5.4112139999999975 0.0 1794.310292 localhost 0
FLASER 0  1.3257130000000583 5.531213999999997 0.0 1.3257130000000583 5.531213999999997 0.0 1794.530247 localhost 0
FLASER 0  1.3457130000000583 5.631213999999996 0.0 1.3457130000000583 5.631213999999996 0.0 1794.74053 localhost 0
FLASER 0  1.4857130000000585 5.831213999999997 0.0 1.4857130000000585 5.831213999999997 0.0 1794.960586 localhost 0
FLASER 0  1.5457130000000585 5.931213999999996 0.0 1.5457130000000585 5.931213999999996 0.0 1795.3805 localhost 0
FLASER 0  1.6257130000000586 6.011213999999996 0.0 1.6257130000000586 6.011213999999996 0.0 1795.590247 localhost 0
FLASER 0  1.6457130000000586 6.1312139999999955 0.0 1.6457130000000586 6.1312139999999955 0.0 1795.810198 localhost 0
FLASER 0  1.7257130000000587 6.211213999999996 0.0 1.7257130000000587 6.211213999999996 0.0 1796.020588 localhost 0
FLASER 0  1.7657130000000587 6.311213999999995 0.0 1.7657130000000587 6.311213999999995 0.0 1796.230254 localhost 0
FLASER 0  1.8257130000000588 6.391213999999995 0.0 1.8257130000000588 6.391213999999995 0.0 1796.450191 localhost 0
FLASER 0  1.8857130000000588 6.471213999999995 0.0 1.8857130000000588 6.471213999999995 0.0 1796.660786 localhost 0
FLASER 0  1.9257130000000588 6.571213999999995 0.0 1.9257130000000588 6.571213999999995 0.0 1796.880531 localhost 0
FLASER 0  1.9857130000000587 6.671213999999995 0.0 1.9857130000000587 6.671213999999995 0.0 1797.090212 localhost 0
FLASER 0  2.0457130000000587 6.771213999999994 0.0 2.0457130000000587 6.771213999999994 0.0 1797.300776 localhost 0
FLASER 0  2.105713000000059 6.871213999999994 0.0 2.105713000000059 6.871213999999994 0.0 1797.520566 localhost 0
FLASER 0  2.185713000000059 6.951213999999994 0.0 2.185713000000059 6.951213999999994 0.0 1797.73024 localhost 0
FLASER 0  2.205713000000059 7.051213999999994 0.0 2.205713000000059 7.051213999999994 0.0 1797.940747 localhost 0
FLASER 0  2.265713000000059 7.151213999999993 0.0 2.265713000000059 7.151213999999993 0.0 1798.150258 localhost 0
FLASER 0  2.285713000000059 7.231213999999993 0.0 2.285713000000059 7.231213999999993 0.0 1798.370198 localhost 0
FLASER 0  2.285713000000059 7.251213999999993 0.0 2.285713000000059 7.251213999999993 0.0 1798.580092 localhost 0
FLASER 0  2.305713000000059 7.231213999999993 0.0 2.305713000000059 7.231213999999993 0.0 1798.790934 localhost 0
FLASER 0  2.325713000000059 7.271213999999993 0.0 2.325713000000059 7.271213999999993 0.0 1799.01063 localhost 0
FLASER 0  2.305713000000059 7.331213999999993 0.0 2.305713000000059 7.331213999999993 0.0 1799.22062 localhost 0
FLASER 0  2.285713000000059 7.431213999999993 0.0 2.285713000000059 7.431213999999993 0.0 1799.440202 localhost 0
FLASER 0  2.265713000000059 7.531213999999992 0.0 2.265713000000059 7.531213999999992 0.0 1799.650753 localhost 0
FLASER 0  2.185713000000059 7.631213999999992 0.0 2.185713000000059 7.631213999999992 0.0 1799.860182 localhost 0
FLASER 0  2.125713000000059 7.691213999999992 0.0 2.125713000000059 7.691213999999992 0.0 1800.080165 localhost 0
FLASER 0  2.0257130000000587 7.771213999999992 0.0 2.0257130000000587 7.771213999999992 0.0 1800.290685 localhost 0
FLASER 0  1.9257130000000586 7.811213999999992 0.0 1.9257130000000586 7.811213999999992 0.0 1800.500248 localhost 0
FLASER 0  1.8257130000000585 7.871213999999991 0.0 1.8257130000000585 7.871213999999991 0.0 1800.710849 localhost 0
FLASER 0  1.7457130000000585 7.931213999999991 0.0 1.7457130000000585 7.931213999999991 0.0 1800.930617 localhost 0
FLASER 0  1.6657130000000584 7.931213999999991 0.0 1.6657130000000584 7.931213999999991 0.0 1801.140256 localhost 0
FLASER 0  1.5457130000000585 7.971213999999991 0.0 1.5457130000000585 7.971213999999991 0.0 1801.360238 localhost 0
FLASER 0  1.4457130000000586 7.9912139999999905 0.0 1.4457130000000586 7.9912139999999905 0.0 1801.570575 localhost 0
FLASER 0  1.3457130000000586 8.01121399999999 0.0 1.3457130000000586 8.01121399999999 0.0 1801.780249 localhost 0
FLASER 0  1.2257130000000585 8.05121399999999 0.0 1.2257130000000585 8.05121399999999 0.0 1802.000204 localhost 0
FLASER 0  1.1257130000000586 8.091213999999988 0.0 1.1257130000000586 8.091213999999988 0.0 1802.211003 localhost 0
FLASER 0  1.0057130000000587 8.111213999999988 0.0 1.0057130000000587 8.111213999999988 0.0 1802.420275 localhost 0
FLASER 0  0.9257130000000587 8.111213999999988 0.0 0.9257130000000587 8.111213999999988 0.0 1802.640194 localhost 0
FLASER 0  0.7857130000000587 8.131213999999988 0.0 0.7857130000000587 8.131213999999988 0.0 1802.850834 localhost 0
FLASER 0  0.6857130000000587 8.131213999999988 0.0 0.6857130000000587 8.131213999999988 0.0 1803.06025 localhost 0
FLASER 0  0.5857130000000588 8.151213999999987 0.0 0.5857130000000588 8.151213999999987 0.0 1803.280174 localhost 0
FLASER 0  0.4857130000000588 8.151213999999987 0.0 0.4857130000000588 8.151213999999987 0.0 1803.491092 localhost 0
FLASER 0  0.3657130000000588 8.171213999999987 0.0 0.3657130000000588 8.171213999999987 0.0 1803.700208 localhost 0
FLASER 0  0.2657130000000588 8.171213999999987 0.0 0.2657130000000588 8.171213999999987 0.0 1803.920891 localhost 0
FLASER 0  0.14571300000005882 8.171213999999987 0.0 0.14571300000005882 8.171213999999987 0.0 1804.130218 localhost 0
FLASER 0  0.025713000000058817 8.171213999999987 0.0 0.025713000000058817 8.171213999999987 0.0 1804.340825 localhost 0
FLASER 0  -0.0942869999999412 8.171213999999987 0.0 -0.0942869999999412 8.171213999999987 0.0 1804.560613 localhost 0
FLASER 0  -0.2142869999999412 8.171213999999987 0.0 -0.2142869999999412 8.171213999999987 0.0 1804.770057 localhost 0
FLASER 0  -0.3142869999999412 8.171213999999987 0.0 -0.3142869999999412 8.171213999999987 0.0 1804.990251 localhost 0
FLASER 0  -0.41428699999994123 8.171213999999987 0.0 -0.41428699999994123 8.171213999999987 0.0 1805.200875 localhost 0
FLASER 0  -0.5142869999999412 8.191213999999986 0.0 -0.5142869999999412 8.191213999999986 0.0 1805.410097 localhost 0
FLASER 0  -0.6342869999999412 8.191213999999986 0.0 -0.6342869999999412 8.191213999999986 0.0 1805.620652 localhost 0
FLASER 0  -0.7542869999999412 8.171213999999987 0.0 -0.7542869999999412 8.171213999999987 0.0 1805.840221 localhost 0
FLASER 0  -0.8542869999999412 8.191213999999986 0.0 -0.8542869999999412 8.191213999999986 0.0 1806.050463 localhost 0
FLASER 0  -0.9542869999999412 8.171213999999987 0.0 -0.9542869999999412 8.171213999999987 0.0 1806.270592 localhost 0
FLASER 0  -1.0742869999999412 8.151213999999987 0.0 -1.0742869999999412 8.151213999999987 0.0 1806.480203 localhost 0
FLASER 0  -1.1942869999999413 8.151213999999987 0.0 -1.1942869999999413 8.151213999999987 0.0 1806.690865 localhost 0
FLASER 0  -1.2942869999999413 8.111213999999988 0.0 -1.2942869999999413 8.111213999999988 0.0 1806.900187 localhost 0
FLASER 0  -1.3742869999999414 8.071213999999989 0.0 -1.3742869999999414 8.071213999999989 0.0 1807.120405 localhost 0
FLASER 0  -1.5142869999999415 8.05121399999999 0.0 -1.5142869999999415 8.05121399999999 0.0 1807.330604 localhost 0
FLASER 0  -1.5942869999999416 8.03121399999999 0.0 -1.5942869999999416 8.03121399999999 0.0 1807.550371 localhost 0
FLASER 0  -1.6942869999999417 8.01121399999999 0.0 -1.6942869999999417 8.01121399999999 0.0 1807.760187 localhost 0
FLASER 0  -1.8142869999999418 7.9912139999999905 0.0 -1.8142869999999418 7.9912139999999905 0.0 1807.970863 localhost 0
FLASER 0  -1.934286999999942 8.01121399999999 0.0 -1.934286999999942 8.01121399999999 0.0 1808.190323 localhost 0
FLASER 0  -2.034286999999942 8.01121399999999 0.0 -2.034286999999942 8.01121399999999 0.0 1808.400198 localhost 0
FLASER 0  -2.154286999999942 8.03121399999999 0.0 -2.154286999999942 8.03121399999999 0.0 1808.610294 localhost 0
FLASER 0  -2.234286999999942 8.05121399999999 0.0 -2.234286999999942 8.05121399999999 0.0 1808.820251 localhost 0
FLASER 0  -2.374286999999942 8.071213999999989 0.0 -2.374286999999942 8.071213999999989 0.0 1809.040221 localhost 0
FLASER 0  -2.414286999999942 8.091213999999988 0.0 -2.414286999999942 8.091213999999988 0.0 1809.250581 localhost 0
FLASER 0  -2.474286999999942 8.111213999999988 0.0 -2.474286999999942 8.111213999999988 0.0 1809.46023 localhost 0
FLASER 0  -2.5942869999999423 8.151213999999987 0.0 -2.5942869999999423 8.151213999999987 0.0 1809.680222 localhost 0
FLASER 0  -2.7142869999999424 8.211213999999988 0.0 -2.7142869999999424 8.211213999999988 0.0 1809.890615 localhost 0
FLASER 0  -2.7942869999999425 8.251213999999987 0.0 -2.7942869999999425 8.251213999999987 0.0 1810.111413 localhost 0
FLASER 0  -2.8942869999999425 8.311213999999987 0.0 -2.8942869999999425 8.311213999999987 0.0 1810.320272 localhost 0
FLASER 0  -2.9742869999999426 8.351213999999986 0.0 -2.9742869999999426 8.351213999999986 0.0 1810.530973 localhost 0
FLASER 0  -3.0742869999999427 8.431213999999986 0.0 -3.0742869999999427 8.431213999999986 0.0 1810.750502 localhost 0
FLASER 0  -3.174286999999943 8.491213999999987 0.0 -3.174286999999943 8.491213999999987 0.0 1810.960246 localhost 0
FLASER 0  -3.234286999999943 8.571213999999987 0.0 -3.234286999999943 8.571213999999987 0.0 1811.170608 localhost 0
FLASER 0  -3.274286999999943 8.631213999999988 0.0 -3.274286999999943 8.631213999999988 0.0 1811.391019 localhost 0
FLASER 0  -3.354286999999943 8.731213999999987 0.0 -3.354286999999943 8.731213999999987 0.0 1811.600242 localhost 0
FLASER 0  -3.414286999999943 8.811213999999987 0.0 -3.414286999999943 8.811213999999987 0.0 1811.810945 localhost 0
FLASER 0  -3.494286999999943 8.891213999999987 0.0 -3.494286999999943 8.891213999999987 0.0 1812.030742 localhost 0
FLASER 0  -3.534286999999943 8.991213999999987 0.0 -3.534286999999943 8.991213999999987 0.0 1812.240238 localhost 0
FLASER 0  -3.594286999999943 9.091213999999987 0.0 -3.594286999999943 9.091213999999987 0.0 1812.450536 localhost 0
FLASER 0  -3.634286999999943 9.171213999999987 0.0 -3.634286999999943 9.171213999999987 0.0 1812.670881 localhost 0
FLASER 0  -3.6942869999999433 9.291213999999986 0.0 -3.6942869999999433 9.291213999999986 0.0 1812.880231 localhost 0
FLASER 0  -3.7142869999999433 9.411213999999985 0.0 -3.7142869999999433 9.411213999999985 0.0 1813.090287 localhost 0
FLASER 0  -3.7542869999999433 9.511213999999985 0.0 -3.7542869999999433 9.511213999999985 0.0 1813.310929 localhost 0
FLASER 0  -3.7542869999999433 9.631213999999984 0.0 -3.7542869999999433 9.631213999999984 0.0 1813.52007 localhost 0
FLASER 0  -3.7342869999999433 9.751213999999983 0.0 -3.7342869999999433 9.751213999999983 0.0 1813.740259 localhost 0
FLASER 0  -3.7342869999999433 9.831213999999983 0.0 -3.7342869999999433 9.831213999999983 0.0 1813.950658 localhost 0
FLASER 0  -3.7542869999999433 9.951213999999982 0.0 -3.7542869999999433 9.951213999999982 0.0 1814.160636 localhost 0
FLASER 0  -3.7342869999999433 10.051213999999982 0.0 -3.7342869999999433 10.051213999999982 0.0 1814.380687 localhost 0
FLASER 0  -3.7342869999999433 10.171213999999981 0.0 -3.7342869999999433 10.171213999999981 0.0 1814.590242 localhost 0
FLASER 0  -3.7342869999999433 10.251213999999981 0.0 -3.7342869999999433 10.251213999999981 0.0 1814.800622 localhost 0
FLASER 0  -3.7342869999999433 10.351213999999981 0.0 -3.7342869999999433 10.351213999999981 0.0 1815.020643 localhost 0
FLASER 0  -3.7142869999999433 10.45121399999998 0.0 -3.7142869999999433 10.45121399999998 0.0 1815.230056 localhost 0
FLASER 0  -3.6942869999999433 10.59121399999998 0.0 -3.6942869999999433 10.59121399999998 0.0 1815.440946 localhost 0
FLASER 0  -3.6942869999999433 10.69121399999998 0.0 -3.6942869999999433 10.69121399999998 0.0 1815.660719 localhost 0
FLASER 0  -3.6942869999999433 10.791213999999979 0.0 -3.6942869999999433 10.791213999999979 0.0 1815.870222 localhost 0
FLASER 0  -3.6942869999999433 10.911213999999978 0.0 -3.6942869999999433 10.911213999999978 0.0 1816.08069 localhost 0
FLASER 0  -3.6742869999999432 11.011213999999978 0.0 -3.6742869999999432 11.011213999999978 0.0 1816.300714 localhost 0
FLASER 0  -3.6742869999999432 11.131213999999977 0.0 -3.6742869999999432 11.131213999999977 0.0 1816.510283 localhost 0
FLASER 0  -3.654286999999943 11.231213999999976 0.0 -3.654286999999943 11.231213999999976 0.0 1816.72065 localhost 0
FLASER 0  -3.654286999999943 11.351213999999976 0.0 -3.654286999999943 11.351213999999976 0.0 1816.940607 localhost 0
FLASER 0  -3.634286999999943 11.471213999999975 0.0 -3.634286999999943 11.471213999999975 0.0 1817.150467 localhost 0
FLASER 0  -3.634286999999943 11.591213999999974 0.0 -3.634286999999943 11.591213999999974 0.0 1817.360196 localhost 0
FLASER 0  -3.634286999999943 11.691213999999974 0.0 -3.634286999999943 11.691213999999974 0.0 1817.571236 localhost 0
FLASER 0  -3.634286999999943 11.791213999999973 0.0 -3.634286999999943 11.791213999999973 0.0 1817.790584 localhost 0
FLASER 0  -3.634286999999943 11.931213999999972 0.0 -3.634286999999943 11.931213999999972 0.0 1818.000209 localhost 0
FLASER 0  -3.634286999999943 12.031213999999972 0.0 -3.634286999999943 12.031213999999972 0.0 1818.220416 localhost 0
FLASER 0  -3.634286999999943 12.151213999999971 0.0 -3.634286999999943 12.151213999999971 0.0 1818.43046 localhost 0
FLASER 0  -3.614286999999943 12.25121399999997 0.0 -3.614286999999943 12.25121399999997 0.0 1818.640186 localhost 0
FLASER 0  -3.654286999999943 12.33121399999997 0.0 -3.654286999999943 12.33121399999997 0.0 1818.860229 localhost 0
FLASER 0  -3.6742869999999432 12.45121399999997 0.0 -3.6742869999999432 12.45121399999997 0.0 1819.070547 localhost 0
FLASER 0  -3.6942869999999433 12.53121399999997 0.0 -3.6942869999999433 12.53121399999997 0.0 1819.280186 localhost 0
FLASER 0  -3.7142869999999433 12.65121399999997 0.0 -3.7142869999999433 12.65121399999997 0.0 1819.500281 localhost 0
FLASER 0  -3.7342869999999433 12.65121399999997 0.0 -3.7342869999999433 12.65121399999997 0.0 1819.710716 localhost 0
FLASER 0  -3.7142869999999433 12.65121399999997 0.0 -3.7142869999999433 12.65121399999997 0.0 1819.92023 localhost 0
FLASER 0  -3.7342869999999433 12.63121399999997 0.0 -3.7342869999999433 12.63121399999997 0.0 1820.130574 localhost 0
FLASER 0  -3.7342869999999433 12.63121399999997 0.0 -3.7342869999999433 12.63121399999997 0.0 1820.350611 localhost 0
FLASER 0  -3.7342869999999433 12.65121399999997 0.0 -3.7342869999999433 12.65121399999997 0.0 1820.560235 localhost 0
FLASER 0  -3.7342869999999433 12.65121399999997 0.0 -3.7342869999999433 12.65121399999997 0.0 1820.780323 localhost 0
FLASER 0  -3.7342869999999433 12.65121399999997 0.0 -3.7342869999999433 12.65121399999997 0.0 1820.990583 localhost 0
FLASER 0  -3.7542869999999433 12.691213999999968 0.0 -3.7542869999999433 12.691213999999968 0.0 1821.200224 localhost 0
FLASER 0  -3.7942869999999433 12.791213999999968 0.0 -3.7942869999999433 12.791213999999968 0.0 1821.420272 localhost 0
FLASER 0  -3.8142869999999434 12.871213999999968 0.0 -3.8142869999999434 12.871213999999968 0.0 1821.630603 localhost 0
FLASER 0  -3.8342869999999434 12.971213999999968 0.0 -3.8342869999999434 12.971213999999968 0.0 1821.840247 localhost 0
FLASER 0  -3.7742869999999433 13.171213999999967 0.0 -3.7742869999999433 13.171213999999967 0.0 1822.060031 localhost 0
FLASER 0  -3.7342869999999433 13.291213999999966 0.0 -3.7342869999999433 13.291213999999966 0.0 1822.490609 localhost 0
FLASER 0  -3.6742869999999432 13.391213999999966 0.0 -3.6742869999999432 13.391213999999966 0.0 1822.700308 localhost 0
FLASER 0  -3.614286999999943 13.471213999999966 0.0 -3.614286999999943 13.471213999999966 0.0 1822.910297 localhost 0
FLASER 0  -3.534286999999943 13.551213999999966 0.0 -3.534286999999943 13.551213999999966 0.0 1823.120272 localhost 0
FLASER 0  -3.454286999999943 13.631213999999966 0.0 -3.454286999999943 13.631213999999966 0.0 1823.340266 localhost 0
FLASER 0  -3.374286999999943 13.691213999999967 0.0 -3.374286999999943 13.691213999999967 0.0 1823.550601 localhost 0
FLASER 0  -3.274286999999943 13.731213999999966 0.0 -3.274286999999943 13.731213999999966 0.0 1823.770981 localhost 0
FLASER 0  -3.194286999999943 13.791213999999966 0.0 -3.194286999999943 13.791213999999966 0.0 1823.980344 localhost 0
FLASER 0  -3.0942869999999427 13.851213999999967 0.0 -3.0942869999999427 13.851213999999967 0.0 1824.191032 localhost 0
FLASER 0  -3.0342869999999427 13.911213999999967 0.0 -3.0342869999999427 13.911213999999967 0.0 1824.400224 localhost 0
FLASER 0  -2.9942869999999426 13.971213999999968 0.0 -2.9942869999999426 13.971213999999968 0.0 1824.620277 localhost 0
FLASER 0  -3.0142869999999427 13.931213999999969 0.0 -3.0142869999999427 13.931213999999969 0.0 1824.830961 localhost 0
FLASER 0  -3.0342869999999427 13.911213999999969 0.0 -3.0342869999999427 13.911213999999969 0.0 1825.050602 localhost 0
FLASER 0  -3.0142869999999427 13.931213999999969 0.0 -3.0142869999999427 13.931213999999969 0.0 1825.260277 localhost 0
FLASER 0  -3.0542869999999427 13.871213999999968 0.0 -3.0542869999999427 13.871213999999968 0.0 1825.470619 localhost 0
FLASER 0  -3.0942869999999427 13.791213999999968 0.0 -3.0942869999999427 13.791213999999968 0.0 1825.691055 localhost 0
FLASER 0  -3.1142869999999427 13.771213999999969 0.0 -3.1142869999999427 13.771213999999969 0.0 1825.90025 localhost 0
FLASER 0  -3.0942869999999427 13.771213999999969 0.0 -3.0942869999999427 13.771213999999969 0.0 1826.110639 localhost 0
FLASER 0  -3.0942869999999427 13.791213999999968 0.0 -3.0942869999999427 13.791213999999968 0.0 1826.330226 localhost 0
FLASER 0  -3.0942869999999427 13.791213999999968 0.0 -3.0942869999999427 13.791213999999968 0.0 1826.750633 localhost 0
FLASER 0  -3.0942869999999427 13.771213999999969 0.0 -3.0942869999999427 13.771213999999969 0.0 1826.960536 localhost 0
FLASER 0  -3.1142869999999427 13.771213999999969 0.0 -3.1142869999999427 13.771213999999969 0.0 1827.180302 localhost 0
FLASER 0  -3.1142869999999427 13.811213999999968 0.0 -3.1142869999999427 13.811213999999968 0.0 1827.390589 localhost 0
FLASER 0  -3.0742869999999427 13.871213999999968 0.0 -3.0742869999999427 13.871213999999968 0.0 1827.610654 localhost 0
FLASER 0  -3.0742869999999427 13.871213999999968 0.0 -3.0742869999999427 13.871213999999968 0.0 1827.820294 localhost 0
FLASER 0  -3.0542869999999427 13.911213999999967 0.0 -3.0542869999999427 13.911213999999967 0.0 1828.030374 localhost 0
FLASER 0  -3.0542869999999427 13.911213999999967 0.0 -3.0542869999999427 13.911213999999967 0.0 1828.250808 localhost 0
FLASER 0  -3.0542869999999427 13.951213999999966 0.0 -3.0542869999999427 13.951213999999966 0.0 1828.460288 localhost 0
FLASER 0  -3.0542869999999427 13.951213999999966 0.0 -3.0542869999999427 13.951213999999966 0.0 1828.670536 localhost 0
FLASER 0  -3.0542869999999427 13.971213999999966 0.0 -3.0542869999999427 13.971213999999966 0.0 1828.890498 localhost 0
FLASER 0  -3.0542869999999427 13.971213999999966 0.0 -3.0542869999999427 13.971213999999966 0.0 1829.100206 localhost 0
FLASER 0  -3.0542869999999427 13.971213999999966 0.0 -3.0542869999999427 13.971213999999966 0.0 1829.310656 localhost 0
FLASER 0  -3.0742869999999427 13.991213999999966 0.0 -3.0742869999999427 13.991213999999966 0.0 1829.520959 localhost 0
FLASER 0  -3.1142869999999427 14.051213999999966 0.0 -3.1142869999999427 14.051213999999966 0.0 1829.740371 localhost 0
FLASER 0  -3.174286999999943 14.131213999999966 0.0 -3.174286999999943 14.131213999999966 0.0 1829.950212 localhost 0
FLASER 0  -3.274286999999943 14.171213999999965 0.0 -3.274286999999943 14.171213999999965 0.0 1830.160223 localhost 0
FLASER 0  -3.354286999999943 14.251213999999965 0.0 -3.354286999999943 14.251213999999965 0.0 1830.380567 localhost 0
FLASER 0  -3.394286999999943 14.251213999999965 0.0 -3.394286999999943 14.251213999999965 0.0 1830.590199 localhost 0
FLASER 0  -3.414286999999943 14.251213999999965 0.0 -3.414286999999943 14.251213999999965 0.0 1830.810186 localhost 0
FLASER 0  -3.414286999999943 14.251213999999965 0.0 -3.414286999999943 14.251213999999965 0.0 1831.020218 localhost 0
FLASER 0  -3.454286999999943 14.251213999999965 0.0 -3.454286999999943 14.251213999999965 0.0 1831.230195 localhost 0
FLASER 0  -3.494286999999943 14.251213999999965 0.0 -3.494286999999943 14.251213999999965 0.0 1831.440603 localhost 0
FLASER 0  -3.574286999999943 14.191213999999965 0.0 -3.574286999999943 14.191213999999965 0.0 1831.660272 localhost 0
FLASER 0  -3.654286999999943 14.151213999999966 0.0 -3.654286999999943 14.151213999999966 0.0 1831.870258 localhost 0
FLASER 0  -3.7142869999999433 14.091213999999965 0.0 -3.7142869999999433 14.091213999999965 0.0 1832.090201 localhost 0
FLASER 0  -3.7942869999999433 14.011213999999965 0.0 -3.7942869999999433 14.011213999999965 0.0 1832.300885 localhost 0
FLASER 0  -3.8342869999999434 13.911213999999966 0.0 -3.8342869999999434 13.911213999999966 0.0 1832.51026 localhost 0
FLASER 0  -3.8742869999999434 13.811213999999966 0.0 -3.8742869999999434 13.811213999999966 0.0 1832.730324 localhost 0
FLASER 0  -3.9142869999999435 13.711213999999966 0.0 -3.9142869999999435 13.711213999999966 0.0 1832.940571 localhost 0
FLASER 0  -3.9342869999999435 13.591213999999967 0.0 -3.9342869999999435 13.591213999999967 0.0 1833.150251 localhost 0
FLASER 0  -3.8942869999999434 13.451213999999968 0.0 -3.8942869999999434 13.451213999999968 0.0 1833.370364 localhost 0
FLASER 0  -3.8742869999999434 13.331213999999969 0.0 -3.8742869999999434 13.331213999999969 0.0 1833.581038 localhost 0
FLASER 0  -3.8542869999999434 13.23121399999997 0.0 -3.8542869999999434 13.23121399999997 0.0 1833.790256 localhost 0
FLASER 0  -3.8142869999999434 13.11121399999997 0.0 -3.8142869999999434 13.11121399999997 0.0 1834.00026 localhost 0
FLASER 0  -3.7742869999999433 13.03121399999997 0.0 -3.7742869999999433 13.03121399999997 0.0 1834.220261 localhost 0
FLASER 0  -3.7342869999999433 12.93121399999997 0.0 -3.7342869999999433 12.93121399999997 0.0 1834.430029 localhost 0
FLASER 0  -3.7142869999999433 12.811213999999971 0.0 -3.7142869999999433 12.811213999999971 0.0 1834.650718 localhost 0
FLASER 0  -3.654286999999943 12.711213999999972 0.0 -3.654286999999943 12.711213999999972 0.0 1834.860251 localhost 0
FLASER 0  -3.654286999999943 12.631213999999972 0.0 -3.654286999999943 12.631213999999972 0.0 1835.070604 localhost 0
FLASER 0  -3.634286999999943 12.511213999999972 0.0 -3.634286999999943 12.511213999999972 0.0 1835.290221 localhost 0
FLASER 0  -3.654286999999943 12.391213999999973 0.0 -3.654286999999943 12.391213999999973 0.0 1835.500343 localhost 0
FLASER 0  -3.6742869999999432 12.291213999999973 0.0 -3.6742869999999432 12.291213999999973 0.0 1835.710868 localhost 0
FLASER 0  -3.7142869999999433 12.191213999999974 0.0 -3.7142869999999433 12.191213999999974 0.0 1835.930608 localhost 0
FLASER 0  -3.7542869999999433 12.091213999999974 0.0 -3.7542869999999433 12.091213999999974 0.0 1836.140262 localhost 0
FLASER 0  -3.7942869999999433 11.991213999999975 0.0 -3.7942869999999433 11.991213999999975 0.0 1836.350499 localhost 0
FLASER 0  -3.8542869999999434 11.891213999999975 0.0 -3.8542869999999434 11.891213999999975 0.0 1836.570503 localhost 0
FLASER 0  -3.9142869999999435 11.811213999999975 0.0 -3.9142869999999435 11.811213999999975 0.0 1836.780269 localhost 0
FLASER 0  -3.9942869999999435 11.751213999999974 0.0 -3.9942869999999435 11.751213999999974 0.0 1837.000188 localhost 0
FLASER 0  -4.074286999999944 11.671213999999974 0.0 -4.074286999999944 11.671213999999974 0.0 1837.210647 localhost 0
FLASER 0  -4.174286999999944 11.631213999999975 0.0 -4.174286999999944 11.631213999999975 0.0 1837.420301 localhost 0
FLASER 0  -4.174286999999944 11.611213999999975 0.0 -4.174286999999944 11.611213999999975 0.0 1837.630777 localhost 0
FLASER 0  -4.214286999999944 11.591213999999976 0.0 -4.214286999999944 11.591213999999976 0.0 1837.850916 localhost 0
FLASER 0  -4.254286999999944 11.551213999999977 0.0 -4.254286999999944 11.551213999999977 0.0 1838.06027 localhost 0
FLASER 0  -4.274286999999943 11.531213999999977 0.0 -4.274286999999943 11.531213999999977 0.0 1838.271244 localhost 0
FLASER 0  -4.294286999999943 11.471213999999977 0.0 -4.294286999999943 11.471213999999977 0.0 1838.490631 localhost 0
FLASER 0  -4.3142869999999425 11.471213999999977 0.0 -4.3142869999999425 11.471213999999977 0.0 1838.700266 localhost 0
FLASER 0  -4.334286999999942 11.411213999999976 0.0 -4.334286999999942 11.411213999999976 0.0 1838.910615 localhost 0
FLASER 0  -4.354286999999942 11.311213999999977 0.0 -4.354286999999942 11.311213999999977 0.0 1839.130504 localhost 0
FLASER 0  -4.354286999999942 11.191213999999977 0.0 -4.354286999999942 11.191213999999977 0.0 1839.340224 localhost 0
FLASER 0  -4.334286999999942 11.091213999999978 0.0 -4.334286999999942 11.091213999999978 0.0 1839.550462 localhost 0
FLASER 0  -4.3142869999999425 11.011213999999978 0.0 -4.3142869999999425 11.011213999999978 0.0 1839.770602 localhost 0
FLASER 0  -4.274286999999942 10.911213999999978 0.0 -4.274286999999942 10.911213999999978 0.0 1839.980232 localhost 0
FLASER 0  -4.214286999999943 10.831213999999978 0.0 -4.214286999999943 10.831213999999978 0.0 1840.200166 localhost 0
FLASER 0  -4.134286999999943 10.731213999999978 0.0 -4.134286999999943 10.731213999999978 0.0 1840.410999 localhost 0
FLASER 0  -4.074286999999943 10.651213999999978 0.0 -4.074286999999943 10.651213999999978 0.0 1840.620251 localhost 0
FLASER 0  -3.994286999999943 10.571213999999978 0.0 -3.994286999999943 10.571213999999978 0.0 1840.840163 localhost 0
FLASER 0  -3.934286999999943 10.491213999999978 0.0 -3.934286999999943 10.491213999999978 0.0 1841.050975 localhost 0
FLASER 0  -3.854286999999943 10.391213999999978 0.0 -3.854286999999943 10.391213999999978 0.0 1841.260202 localhost 0
FLASER 0  -3.794286999999943 10.311213999999978 0.0 -3.794286999999943 10.311213999999978 0.0 1841.47029 localhost 0
FLASER 0  -3.754286999999943 10.211213999999979 0.0 -3.754286999999943 10.211213999999979 0.0 1841.690299 localhost 0
FLASER 0  -3.714286999999943 10.111213999999979 0.0 -3.714286999999943 10.111213999999979 0.0 1841.900205 localhost 0
FLASER 0  -3.694286999999943 10.031213999999979 0.0 -3.694286999999943 10.031213999999979 0.0 1842.120189 localhost 0
FLASER 0  -3.694286999999943 9.91121399999998 0.0 -3.694286999999943 9.91121399999998 0.0 1842.330616 localhost 0
FLASER 0  -3.714286999999943 9.81121399999998 0.0 -3.714286999999943 9.81121399999998 0.0 1842.540207 localhost 0
FLASER 0  -3.734286999999943 9.691213999999981 0.0 -3.734286999999943 9.691213999999981 0.0 1842.760219 localhost 0
FLASER 0  -3.754286999999943 9.61121399999998 0.0 -3.754286999999943 9.61121399999998 0.0 1842.970911 localhost 0
FLASER 0  -3.834286999999943 9.511213999999981 0.0 -3.834286999999943 9.511213999999981 0.0 1843.190582 localhost 0
FLASER 0  -3.894286999999943 9.431213999999981 0.0 -3.894286999999943 9.431213999999981 0.0 1843.400172 localhost 0
FLASER 0  -3.934286999999943 9.351213999999981 0.0 -3.934286999999943 9.351213999999981 0.0 1843.610693 localhost 0
FLASER 0  -4.074286999999943 9.311213999999982 0.0 -4.074286999999943 9.311213999999982 0.0 1843.820335 localhost 0
FLASER 0  -4.154286999999943 9.231213999999982 0.0 -4.154286999999943 9.231213999999982 0.0 1844.040216 localhost 0
FLASER 0  -4.254286999999943 9.191213999999983 0.0 -4.254286999999943 9.191213999999983 0.0 1844.250604 localhost 0
FLASER 0  -4.3542869999999425 9.191213999999983 0.0 -4.3542869999999425 9.191213999999983 0.0 1844.470667 localhost 0
FLASER 0  -4.454286999999942 9.171213999999983 0.0 -4.454286999999942 9.171213999999983 0.0 1844.680176 localhost 0
FLASER 0  -4.554286999999942 9.171213999999983 0.0 -4.554286999999942 9.171213999999983 0.0 1844.890867 localhost 0
FLASER 0  -4.674286999999941 9.171213999999983 0.0 -4.674286999999941 9.171213999999983 0.0 1845.10025 localhost 0
FLASER 0  -4.774286999999941 9.151213999999984 0.0 -4.774286999999941 9.151213999999984 0.0 1845.320199 localhost 0
FLASER 0  -4.87428699999994 9.151213999999984 0.0 -4.87428699999994 9.151213999999984 0.0 1845.530315 localhost 0
FLASER 0  -4.97428699999994 9.131213999999984 0.0 -4.97428699999994 9.131213999999984 0.0 1845.740106 localhost 0
FLASER 0  -5.094286999999939 9.111213999999984 0.0 -5.094286999999939 9.111213999999984 0.0 1845.960176 localhost 0
FLASER 0  -5.194286999999939 9.071213999999985 0.0 -5.194286999999939 9.071213999999985 0.0 1846.170282 localhost 0
FLASER 0  -5.2942869999999385 9.011213999999985 0.0 -5.2942869999999385 9.011213999999985 0.0 1846.380232 localhost 0
FLASER 0  -5.414286999999938 8.971213999999986 0.0 -5.414286999999938 8.971213999999986 0.0 1846.600177 localhost 0
FLASER 0  -5.514286999999937 8.951213999999986 0.0 -5.514286999999937 8.951213999999986 0.0 1846.810643 localhost 0
FLASER 0  -5.614286999999937 8.891213999999986 0.0 -5.614286999999937 8.891213999999986 0.0 1847.02034 localhost 0
FLASER 0  -5.714286999999937 8.871213999999986 0.0 -5.714286999999937 8.871213999999986 0.0 1847.24019 localhost 0
FLASER 0  -5.814286999999936 8.831213999999987 0.0 -5.814286999999936 8.831213999999987 0.0 1847.450655 localhost 0
FLASER 0  -5.914286999999936 8.811213999999987 0.0 -5.914286999999936 8.811213999999987 0.0 1847.660386 localhost 0
FLASER 0  -6.034286999999935 8.771213999999988 0.0 -6.034286999999935 8.771213999999988 0.0 1847.88021 localhost 0
FLASER 0  -6.134286999999935 8.771213999999988 0.0 -6.134286999999935 8.771213999999988 0.0 1848.09072 localhost 0
FLASER 0  -6.234286999999934 8.771213999999988 0.0 -6.234286999999934 8.771213999999988 0.0 1848.300232 localhost 0
FLASER 0  -6.334286999999934 8.771213999999988 0.0 -6.334286999999934 8.771213999999988 0.0 1848.520282 localhost 0
FLASER 0  -6.474286999999934 8.771213999999988 0.0 -6.474286999999934 8.771213999999988 0.0 1848.73077 localhost 0
FLASER 0  -6.554286999999934 8.771213999999988 0.0 -6.554286999999934 8.771213999999988 0.0 1848.940258 localhost 0
FLASER 0  -6.674286999999933 8.791213999999988 0.0 -6.674286999999933 8.791213999999988 0.0 1849.16023 localhost 0
FLASER 0  -6.794286999999932 8.811213999999987 0.0 -6.794286999999932 8.811213999999987 0.0 1849.37099 localhost 0
FLASER 0  -6.9142869999999315 8.831213999999987 0.0 -6.9142869999999315 8.831213999999987 0.0 1849.580334 localhost 0
FLASER 0  -6.9942869999999315 8.831213999999987 0.0 -6.9942869999999315 8.831213999999987 0.0 1849.80019 localhost 0
FLASER 0  -7.114286999999932 8.851213999999986 0.0 -7.114286999999932 8.851213999999986 0.0 1850.011181 localhost 0
FLASER 0  -7.254286999999931 8.871213999999986 0.0 -7.254286999999931 8.871213999999986 0.0 1850.230364 localhost 0
FLASER 0  -7.334286999999931 8.891213999999986 0.0 -7.334286999999931 8.891213999999986 0.0 1850.440185 localhost 0
FLASER 0  -7.454286999999931 8.891213999999986 0.0 -7.454286999999931 8.891213999999986 0.0 1850.650861 localhost 0
FLASER 0  -7.55428699999993 8.911213999999985 0.0 -7.55428699999993 8.911213999999985 0.0 1850.870331 localhost 0
FLASER 0  -7.6742869999999295 8.931213999999985 0.0 -7.6742869999999295 8.931213999999985 0.0 1851.080201 localhost 0
FLASER 0  -7.7542869999999295 8.951213999999984 0.0 -7.7542869999999295 8.951213999999984 0.0 1851.290266 localhost 0
FLASER 0  -7.87428699999993 8.951213999999984 0.0 -7.87428699999993 8.951213999999984 0.0 1851.51082 localhost 0
FLASER 0  -7.974286999999929 8.971213999999984 0.0 -7.974286999999929 8.971213999999984 0.0 1851.720226 localhost 0
FLASER 0  -8.094286999999929 8.991213999999983 0.0 -8.094286999999929 8.991213999999983 0.0 1851.930558 localhost 0
FLASER 0  -8.194286999999928 9.011213999999983 0.0 -8.194286999999928 9.011213999999983 0.0 1852.150478 localhost 0
FLASER 0  -8.294286999999928 9.011213999999983 0.0 -8.294286999999928 9.011213999999983 0.0 1852.360225 localhost 0
FLASER 0  -8.414286999999927 9.031213999999983 0.0 -8.414286999999927 9.031213999999983 0.0 1852.570289 localhost 0
FLASER 0  -8.514286999999927 9.051213999999982 0.0 -8.514286999999927 9.051213999999982 0.0 1852.780317 localhost 0
FLASER 0  -8.614286999999926 9.071213999999982 0.0 -8.614286999999926 9.071213999999982 0.0 1853.000198 localhost 0
FLASER 0  -8.714286999999926 9.071213999999982 0.0 -8.714286999999926 9.071213999999982 0.0 1853.21072 localhost 0
FLASER 0  -8.834286999999925 9.091213999999981 0.0 -8.834286999999925 9.091213999999981 0.0 1853.430887 localhost 0
FLASER 0  -8.954286999999924 9.13121399999998 0.0 -8.954286999999924 9.13121399999998 0.0 1853.640524 localhost 0
FLASER 0  -9.054286999999924 9.13121399999998 0.0 -9.054286999999924 9.13121399999998 0.0 1853.850601 localhost 0
FLASER 0  -9.174286999999923 9.15121399999998 0.0 -9.174286999999923 9.15121399999998 0.0 1854.060274 localhost 0
FLASER 0  -9.274286999999923 9.17121399999998 0.0 -9.274286999999923 9.17121399999998 0.0 1854.28022 localhost 0
FLASER 0  -9.374286999999923 9.17121399999998 0.0 -9.374286999999923 9.17121399999998 0.0 1854.490598 localhost 0
FLASER 0  -9.514286999999921 9.211213999999979 0.0 -9.514286999999921 9.211213999999979 0.0 1854.700268 localhost 0
FLASER 0  -9.594286999999921 9.211213999999979 0.0 -9.594286999999921 9.211213999999979 0.0 1854.920254 localhost 0
FLASER 0  -9.71428699999992 9.251213999999978 0.0 -9.71428699999992 9.251213999999978 0.0 1855.130601 localhost 0
FLASER 0  -9.81428699999992 9.251213999999978 0.0 -9.81428699999992 9.251213999999978 0.0 1855.350573 localhost 0
FLASER 0  -9.91428699999992 9.271213999999977 0.0 -9.91428699999992 9.271213999999977 0.0 1855.560248 localhost 0
FLASER 0  -10.03428699999992 9.271213999999977 0.0 -10.03428699999992 9.271213999999977 0.0 1855.770872 localhost 0
FLASER 0  -10.134286999999919 9.311213999999977 0.0 -10.134286999999919 9.311213999999977 0.0 1855.990557 localhost 0
FLASER 0  -10.254286999999918 9.331213999999976 0.0 -10.254286999999918 9.331213999999976 0.0 1856.200239 localhost 0
FLASER 0  -10.494286999999916 9.351213999999976 0.0 -10.494286999999916 9.351213999999976 0.0 1856.630545 localhost 0
FLASER 0  -10.594286999999916 9.371213999999975 0.0 -10.594286999999916 9.371213999999975 0.0 1856.840247 localhost 0
FLASER 0  -10.714286999999915 9.411213999999974 0.0 -10.714286999999915 9.411213999999974 0.0 1857.050638 localhost 0
FLASER 0  -10.754286999999914 9.431213999999974 0.0 -10.754286999999914 9.431213999999974 0.0 1857.270629 localhost 0
FLASER 0  -10.874286999999914 9.451213999999974 0.0 -10.874286999999914 9.451213999999974 0.0 1857.480096 localhost 0
FLASER 0  -10.954286999999914 9.471213999999973 0.0 -10.954286999999914 9.471213999999973 0.0 1857.700208 localhost 0
FLASER 0  -11.054286999999913 9.491213999999973 0.0 -11.054286999999913 9.491213999999973 0.0 1857.910354 localhost 0
FLASER 0  -11.174286999999913 9.511213999999972 0.0 -11.174286999999913 9.511213999999972 0.0 1858.120266 localhost 0
FLASER 0  -11.294286999999912 9.551213999999971 0.0 -11.294286999999912 9.551213999999971 0.0 1858.340199 localhost 0
FLASER 0  -11.51428699999991 9.571213999999971 0.0 -11.51428699999991 9.571213999999971 0.0 1858.550607 localhost 0
FLASER 0  -11.61428699999991 9.571213999999971 0.0 -11.61428699999991 9.571213999999971 0.0 1858.970345 localhost 0
FLASER 0  -11.71428699999991 9.571213999999971 0.0 -11.71428699999991 9.571213999999971 0.0 1859.190659 localhost 0
FLASER 0  -11.83428699999991 9.571213999999971 0.0 -11.83428699999991 9.571213999999971 0.0 1859.400265 localhost 0
FLASER 0  -11.934286999999909 9.551213999999971 0.0 -11.934286999999909 9.551213999999971 0.0 1859.610668 localhost 0
FLASER 0  -12.034286999999908 9.531213999999972 0.0 -12.034286999999908 9.531213999999972 0.0 1859.830346 localhost 0
FLASER 0  -12.154286999999908 9.511213999999972 0.0 -12.154286999999908 9.511213999999972 0.0 1860.040248 localhost 0
FLASER 0  -12.254286999999907 9.491213999999973 0.0 -12.254286999999907 9.491213999999973 0.0 1860.250725 localhost 0
FLASER 0  -12.394286999999906 9.491213999999973 0.0 -12.394286999999906 9.491213999999973 0.0 1860.470627 localhost 0
FLASER 0  -12.474286999999906 9.471213999999973 0.0 -12.474286999999906 9.471213999999973 0.0 1860.680221 localhost 0
FLASER 0  -12.574286999999906 9.451213999999974 0.0 -12.574286999999906 9.451213999999974 0.0 1860.890526 localhost 0
FLASER 0  -12.694286999999905 9.431213999999974 0.0 -12.694286999999905 9.431213999999974 0.0 1861.110886 localhost 0
FLASER 0  -12.794286999999905 9.411213999999974 0.0 -12.794286999999905 9.411213999999974 0.0 1861.320089 localhost 0
FLASER 0  -12.934286999999904 9.391213999999975 0.0 -12.934286999999904 9.391213999999975 0.0 1861.540184 localhost 0
FLASER 0  -13.034286999999903 9.371213999999975 0.0 -13.034286999999903 9.371213999999975 0.0 1861.750595 localhost 0
FLASER 0  -13.174286999999902 9.351213999999976 0.0 -13.174286999999902 9.351213999999976 0.0 1861.960193 localhost 0
FLASER 0  -13.294286999999901 9.311213999999977 0.0 -13.294286999999901 9.311213999999977 0.0 1862.170798 localhost 0
FLASER 0  -13.3942869999999 9.291213999999977 0.0 -13.3942869999999 9.291213999999977 0.0 1862.391383 localhost 0
FLASER 0  -13.4942869999999 9.271213999999977 0.0 -13.4942869999999 9.271213999999977 0.0 1862.600225 localhost 0
FLASER 0  -13.5742869999999 9.251213999999978 0.0 -13.5742869999999 9.251213999999978 0.0 1862.811355 localhost 0
FLASER 0  -13.6742869999999 9.231213999999978 0.0 -13.6742869999999 9.231213999999978 0.0 1863.030249 localhost 0
FLASER 0  -13.7742869999999 9.211213999999979 0.0 -13.7742869999999 9.211213999999979 0.0 1863.250639 localhost 0
FLASER 0  -13.894286999999899 9.19121399999998 0.0 -13.894286999999899 9.19121399999998 0.0 1863.460223 localhost 0
FLASER 0  -13.974286999999899 9.19121399999998 0.0 -13.974286999999899 9.19121399999998 0.0 1863.670554 localhost 0
FLASER 0  -14.074286999999899 9.17121399999998 0.0 -14.074286999999899 9.17121399999998 0.0 1863.880192 localhost 0
FLASER 0  -14.194286999999898 9.19121399999998 0.0 -14.194286999999898 9.19121399999998 0.0 1864.09127 localhost 0
FLASER 0  -14.314286999999897 9.211213999999979 0.0 -14.314286999999897 9.211213999999979 0.0 1864.310595 localhost 0
FLASER 0  -14.414286999999897 9.231213999999978 0.0 -14.414286999999897 9.231213999999978 0.0 1864.520242 localhost 0
FLASER 0  -14.494286999999897 9.251213999999978 0.0 -14.494286999999897 9.251213999999978 0.0 1864.740179 localhost 0
FLASER 0  -14.594286999999897 9.311213999999978 0.0 -14.594286999999897 9.311213999999978 0.0 1864.950867 localhost 0
FLASER 0  -14.674286999999897 9.371213999999979 0.0 -14.674286999999897 9.371213999999979 0.0 1865.16028 localhost 0
FLASER 0  -14.754286999999897 9.451213999999979 0.0 -14.754286999999897 9.451213999999979 0.0 1865.380183 localhost 0
FLASER 0  -14.814286999999897 9.531213999999979 0.0 -14.814286999999897 9.531213999999979 0.0 1865.590582 localhost 0
FLASER 0  -14.874286999999898 9.631213999999979 0.0 -14.874286999999898 9.631213999999979 0.0 1865.800252 localhost 0
FLASER 0  -14.914286999999897 9.731213999999978 0.0 -14.914286999999897 9.731213999999978 0.0 1866.020244 localhost 0
FLASER 0  -14.934286999999896 9.831213999999978 0.0 -14.934286999999896 9.831213999999978 0.0 1866.230578 localhost 0
FLASER 0  -14.934286999999896 9.931213999999978 0.0 -14.934286999999896 9.931213999999978 0.0 1866.440053 localhost 0
FLASER 0  -14.914286999999897 10.071213999999976 0.0 -14.914286999999897 10.071213999999976 0.0 1866.660244 localhost 0
FLASER 0  -14.894286999999897 10.171213999999976 0.0 -14.894286999999897 10.171213999999976 0.0 1866.870254 localhost 0
FLASER 0  -14.874286999999898 10.271213999999976 0.0 -14.874286999999898 10.271213999999976 0.0 1867.080849 localhost 0
FLASER 0  -14.854286999999898 10.371213999999975 0.0 -14.854286999999898 10.371213999999975 0.0 1867.300233 localhost 0
FLASER 0  -14.854286999999898 10.491213999999975 0.0 -14.854286999999898 10.491213999999975 0.0 1867.510612 localhost 0
FLASER 0  -14.834286999999899 10.591213999999974 0.0 -14.834286999999899 10.591213999999974 0.0 1867.73095 localhost 0
FLASER 0  -14.814286999999899 10.711213999999973 0.0 -14.814286999999899 10.711213999999973 0.0 1867.940117 localhost 0
FLASER 0  -14.834286999999899 10.811213999999973 0.0 -14.834286999999899 10.811213999999973 0.0 1868.1508 localhost 0
FLASER 0  -14.7942869999999 10.931213999999972 0.0 -14.7942869999999 10.931213999999972 0.0 1868.360293 localhost 0
FLASER 0  -14.7942869999999 11.031213999999972 0.0 -14.7942869999999 11.031213999999972 0.0 1868.580262 localhost 0
FLASER 0  -14.7742869999999 11.151213999999971 0.0 -14.7742869999999 11.151213999999971 0.0 1868.790947 localhost 0
FLASER 0  -14.7542869999999 11.25121399999997 0.0 -14.7542869999999 11.25121399999997 0.0 1869.011502 localhost 0
FLASER 0  -14.714286999999901 11.35121399999997 0.0 -14.714286999999901 11.35121399999997 0.0 1869.220623 localhost 0
FLASER 0  -14.694286999999902 11.45121399999997 0.0 -14.694286999999902 11.45121399999997 0.0 1869.430247 localhost 0
FLASER 0  -14.674286999999902 11.57121399999997 0.0 -14.674286999999902 11.57121399999997 0.0 1869.650576 localhost 0
FLASER 0  -14.614286999999901 11.671213999999969 0.0 -14.614286999999901 11.671213999999969 0.0 1869.860261 localhost 0
FLASER 0  -14.594286999999902 11.771213999999969 0.0 -14.594286999999902 11.771213999999969 0.0 1870.070642 localhost 0
FLASER 0  -14.554286999999903 11.871213999999968 0.0 -14.554286999999903 11.871213999999968 0.0 1870.280612 localhost 0
FLASER 0  -14.514286999999904 11.971213999999968 0.0 -14.514286999999904 11.971213999999968 0.0 1870.500263 localhost 0
FLASER 0  -14.494286999999904 12.071213999999967 0.0 -14.494286999999904 12.071213999999967 0.0 1870.711853 localhost 0
FLASER 0  -14.454286999999905 12.191213999999967 0.0 -14.454286999999905 12.191213999999967 0.0 1870.920281 localhost 0
FLASER 0  -14.414286999999906 12.311213999999966 0.0 -14.414286999999906 12.311213999999966 0.0 1871.14026 localhost 0
FLASER 0  -14.374286999999907 12.411213999999966 0.0 -14.374286999999907 12.411213999999966 0.0 1871.35042 localhost 0
FLASER 0  -14.394286999999906 12.471213999999966 0.0 -14.394286999999906 12.471213999999966 0.0 1871.560262 localhost 0
FLASER 0  -14.354286999999907 12.591213999999965 0.0 -14.354286999999907 12.591213999999965 0.0 1871.780234 localhost 0
FLASER 0  -14.314286999999908 12.731213999999964 0.0 -14.314286999999908 12.731213999999964 0.0 1871.990489 localhost 0
FLASER 0  -14.294286999999908 12.811213999999964 0.0 -14.294286999999908 12.811213999999964 0.0 1872.200296 localhost 0
FLASER 0  -14.274286999999909 12.891213999999964 0.0 -14.274286999999909 12.891213999999964 0.0 1872.42053 localhost 0
FLASER 0  -14.25428699999991 13.011213999999963 0.0 -14.25428699999991 13.011213999999963 0.0 1872.630197 localhost 0
FLASER 0  -14.21428699999991 13.131213999999963 0.0 -14.21428699999991 13.131213999999963 0.0 1872.850169 localhost 0
FLASER 0  -14.19428699999991 13.271213999999961 0.0 -14.19428699999991 13.271213999999961 0.0 1873.060652 localhost 0
FLASER 0  -14.19428699999991 13.331213999999962 0.0 -14.19428699999991 13.331213999999962 0.0 1873.270197 localhost 0
FLASER 0  -14.17428699999991 13.451213999999961 0.0 -14.17428699999991 13.451213999999961 0.0 1873.490218 localhost 0
FLASER 0  -14.154286999999911 13.55121399999996 0.0 -14.154286999999911 13.55121399999996 0.0 1873.700225 localhost 0
FLASER 0  -14.154286999999911 13.711213999999961 0.0 -14.154286999999911 13.711213999999961 0.0 1873.910147 localhost 0
FLASER 0  -14.134286999999912 13.75121399999996 0.0 -14.134286999999912 13.75121399999996 0.0 1874.12077 localhost 0
FLASER 0  -14.154286999999911 13.91121399999996 0.0 -14.154286999999911 13.91121399999996 0.0 1874.340964 localhost 0
FLASER 0  -14.154286999999911 14.03121399999996 0.0 -14.154286999999911 14.03121399999996 0.0 1874.550177 localhost 0
FLASER 0  -14.154286999999911 14.151213999999959 0.0 -14.154286999999911 14.151213999999959 0.0 1874.761166 localhost 0
FLASER 0  -14.154286999999911 14.271213999999958 0.0 -14.154286999999911 14.271213999999958 0.0 1874.980594 localhost 0
FLASER 0  -14.154286999999911 14.351213999999958 0.0 -14.154286999999911 14.351213999999958 0.0 1875.190213 localhost 0
FLASER 0  -14.17428699999991 14.451213999999958 0.0 -14.17428699999991 14.451213999999958 0.0 1875.410195 localhost 0
FLASER 0  -14.17428699999991 14.551213999999957 0.0 -14.17428699999991 14.551213999999957 0.0 1875.620241 localhost 0
FLASER 0  -14.19428699999991 14.631213999999957 0.0 -14.19428699999991 14.631213999999957 0.0 1875.830787 localhost 0
FLASER 0  -14.21428699999991 14.731213999999957 0.0 -14.21428699999991 14.731213999999957 0.0 1876.050201 localhost 0
FLASER 0  -14.23428699999991 14.771213999999956 0.0 -14.23428699999991 14.771213999999956 0.0 1876.260537 localhost 0
FLASER 0  -14.23428699999991 14.771213999999956 0.0 -14.23428699999991 14.771213999999956 0.0 1876.470262 localhost 0
FLASER 0  -14.25428699999991 14.851213999999956 0.0 -14.25428699999991 14.851213999999956 0.0 1876.690239 localhost 0
FLASER 0  -14.274286999999909 14.851213999999956 0.0 -14.274286999999909 14.851213999999956 0.0 1876.900777 localhost 0
FLASER 0  -14.294286999999908 14.891213999999955 0.0 -14.294286999999908 14.891213999999955 0.0 1877.120661 localhost 0
FLASER 0  -14.334286999999907 14.911213999999955 0.0 -14.334286999999907 14.911213999999955 0.0 1877.330243 localhost 0
FLASER 0  -14.374286999999907 14.951213999999954 0.0 -14.374286999999907 14.951213999999954 0.0 1877.540624 localhost 0
FLASER 0  -14.414286999999906 15.011213999999955 0.0 -14.414286999999906 15.011213999999955 0.0 1877.97008 localhost 0
FLASER 0  -14.434286999999905 15.011213999999955 0.0 -14.434286999999905 15.011213999999955 0.0 1878.180554 localhost 0
FLASER 0  -14.454286999999905 15.011213999999955 0.0 -14.454286999999905 15.011213999999955 0.0 1878.390279 localhost 0
FLASER 0  -14.434286999999905 14.951213999999954 0.0 -14.434286999999905 14.951213999999954 0.0 1878.610237 localhost 0
FLASER 0  -14.454286999999905 14.951213999999954 0.0 -14.454286999999905 14.951213999999954 0.0 1878.820635 localhost 0
FLASER 0  -14.414286999999906 14.931213999999954 0.0 -14.414286999999906 14.931213999999954 0.0 1879.03026 localhost 0
FLASER 0  -14.434286999999905 14.931213999999954 0.0 -14.434286999999905 14.931213999999954 0.0 1879.250265 localhost 0
FLASER 0  -14.434286999999905 14.931213999999954 0.0 -14.434286999999905 14.931213999999954 0.0 1879.46078 localhost 0
FLASER 0  -14.434286999999905 14.931213999999954 0.0 -14.434286999999905 14.931213999999954 0.0 1879.680605 localhost 0
FLASER 0  -14.454286999999905 14.891213999999955 0.0 -14.454286999999905 14.891213999999955 0.0 1879.890215 localhost 0
FLASER 0  -14.494286999999904 14.831213999999955 0.0 -14.494286999999904 14.831213999999955 0.0 1880.10099 localhost 0
FLASER 0  -14.534286999999903 14.711213999999956 0.0 -14.534286999999903 14.711213999999956 0.0 1880.320996 localhost 0
FLASER 0  -14.554286999999903 14.611213999999956 0.0 -14.554286999999903 14.611213999999956 0.0 1880.530597 localhost 0
FLASER 0  -14.574286999999902 14.511213999999956 0.0 -14.574286999999902 14.511213999999956 0.0 1880.740769 localhost 0
FLASER 0  -14.574286999999902 14.411213999999957 0.0 -14.574286999999902 14.411213999999957 0.0 1880.960878 localhost 0
FLASER 0  -14.574286999999902 14.291213999999957 0.0 -14.574286999999902 14.291213999999957 0.0 1881.170211 localhost 0
FLASER 0  -14.594286999999902 14.191213999999958 0.0 -14.594286999999902 14.191213999999958 0.0 1881.380611 localhost 0
FLASER 0  -14.594286999999902 14.091213999999958 0.0 -14.594286999999902 14.091213999999958 0.0 1881.590277 localhost 0
FLASER 0  -14.574286999999902 13.95121399999996 0.0 -14.574286999999902 13.95121399999996 0.0 1881.810443 localhost 0
FLASER 0  -14.574286999999902 13.87121399999996 0.0 -14.574286999999902 13.87121399999996 0.0 1882.020785 localhost 0
FLASER 0  -14.594286999999902 13.75121399999996 0.0 -14.594286999999902 13.75121399999996 0.0 1882.230284 localhost 0
FLASER 0  -14.574286999999902 13.65121399999996 0.0 -14.574286999999902 13.65121399999996 0.0 1882.450217 localhost 0
FLASER 0  -14.574286999999902 13.55121399999996 0.0 -14.574286999999902 13.55121399999996 0.0 1882.660592 localhost 0
FLASER 0  -14.574286999999902 13.431213999999962 0.0 -14.574286999999902 13.431213999999962 0.0 1882.870496 localhost 0
FLASER 0  -14.574286999999902 13.331213999999962 0.0 -14.574286999999902 13.331213999999962 0.0 1883.090305 localhost 0
FLASER 0  -14.574286999999902 13.211213999999963 0.0 -14.574286999999902 13.211213999999963 0.0 1883.300474 localhost 0
FLASER 0  -14.554286999999903 13.091213999999963 0.0 -14.554286999999903 13.091213999999963 0.0 1883.520401 localhost 0
FLASER 0  -14.574286999999902 13.011213999999963 0.0 -14.574286999999902 13.011213999999963 0.0 1883.730193 localhost 0
FLASER 0  -14.594286999999902 12.891213999999964 0.0 -14.594286999999902 12.891213999999964 0.0 1883.940965 localhost 0
FLASER 0  -14.594286999999902 12.791213999999965 0.0 -14.594286999999902 12.791213999999965 0.0 1884.160557 localhost 0
FLASER 0  -14.594286999999902 12.691213999999965 0.0 -14.594286999999902 12.691213999999965 0.0 1884.370239 localhost 0
FLASER 0  -14.614286999999901 12.571213999999966 0.0 -14.614286999999901 12.571213999999966 0.0 1884.580754 localhost 0
FLASER 0  -14.614286999999901 12.451213999999966 0.0 -14.614286999999901 12.451213999999966 0.0 1884.800519 localhost 0
FLASER 0  -14.594286999999902 12.331213999999967 0.0 -14.594286999999902 12.331213999999967 0.0 1885.010357 localhost 0
FLASER 0  -14.594286999999902 12.251213999999967 0.0 -14.594286999999902 12.251213999999967 0.0 1885.220833 localhost 0
FLASER 0  -14.614286999999901 12.131213999999968 0.0 -14.614286999999901 12.131213999999968 0.0 1885.440334 localhost 0
FLASER 0  -14.614286999999901 12.011213999999969 0.0 -14.614286999999901 12.011213999999969 0.0 1885.650221 localhost 0
FLASER 0  -14.614286999999901 11.89121399999997 0.0 -14.614286999999901 11.89121399999997 0.0 1885.860561 localhost 0
FLASER 0  -14.614286999999901 11.81121399999997 0.0 -14.614286999999901 11.81121399999997 0.0 1886.080267 localhost 0
FLASER 0  -14.634286999999901 11.69121399999997 0.0 -14.634286999999901 11.69121399999997 0.0 1886.290173 localhost 0
FLASER 0  -14.6542869999999 11.59121399999997 0.0 -14.6542869999999 11.59121399999997 0.0 1886.500896 localhost 0
FLASER 0  -14.6542869999999 11.491213999999971 0.0 -14.6542869999999 11.491213999999971 0.0 1886.720586 localhost 0
FLASER 0  -14.6542869999999 11.391213999999971 0.0 -14.6542869999999 11.391213999999971 0.0 1886.930174 localhost 0
FLASER 0  -14.634286999999901 11.291213999999972 0.0 -14.634286999999901 11.291213999999972 0.0 1887.140268 localhost 0
FLASER 0  -14.6542869999999 11.151213999999973 0.0 -14.6542869999999 11.151213999999973 0.0 1887.360754 localhost 0
FLASER 0  -14.634286999999901 11.071213999999973 0.0 -14.634286999999901 11.071213999999973 0.0 1887.570231 localhost 0
FLASER 0  -14.634286999999901 10.971213999999973 0.0 -14.634286999999901 10.971213999999973 0.0 1887.780736 localhost 0
FLASER 0  -14.614286999999901 10.851213999999974 0.0 -14.614286999999901 10.851213999999974 0.0 1888.000547 localhost 0
FLASER 0  -14.594286999999902 10.731213999999975 0.0 -14.594286999999902 10.731213999999975 0.0 1888.210627 localhost 0
FLASER 0  -14.554286999999903 10.631213999999975 0.0 -14.554286999999903 10.631213999999975 0.0 1888.420611 localhost 0
FLASER 0  -14.494286999999902 10.531213999999975 0.0 -14.494286999999902 10.531213999999975 0.0 1888.640563 localhost 0
FLASER 0  -14.434286999999902 10.431213999999976 0.0 -14.434286999999902 10.431213999999976 0.0 1888.850256 localhost 0
FLASER 0  -14.374286999999901 10.351213999999976 0.0 -14.374286999999901 10.351213999999976 0.0 1889.070251 localhost 0
FLASER 0  -14.294286999999901 10.271213999999976 0.0 -14.294286999999901 10.271213999999976 0.0 1889.280591 localhost 0
FLASER 0  -14.214286999999901 10.191213999999976 0.0 -14.214286999999901 10.191213999999976 0.0 1889.490214 localhost 0
FLASER 0  -14.1542869999999 10.111213999999975 0.0 -14.1542869999999 10.111213999999975 0.0 1889.700588 localhost 0
FLASER 0  -14.054286999999901 10.051213999999975 0.0 -14.054286999999901 10.051213999999975 0.0 1889.920676 localhost 0
FLASER 0  -13.9742869999999 9.991213999999975 0.0 -13.9742869999999 9.991213999999975 0.0 1890.130278 localhost 0
FLASER 0  -13.9142869999999 9.891213999999975 0.0 -13.9142869999999 9.891213999999975 0.0 1890.340617 localhost 0
FLASER 0  -13.8142869999999 9.831213999999974 0.0 -13.8142869999999 9.831213999999974 0.0 1890.560602 localhost 0
FLASER 0  -13.7342869999999 9.771213999999974 0.0 -13.7342869999999 9.771213999999974 0.0 1890.770275 localhost 0
FLASER 0  -13.5742869999999 9.671213999999974 0.0 -13.5742869999999 9.671213999999974 0.0 1890.980753 localhost 0
FLASER 0  -13.4942869999999 9.611213999999974 0.0 -13.4942869999999 9.611213999999974 0.0 1891.20061 localhost 0
FLASER 0  -13.4142869999999 9.531213999999974 0.0 -13.4142869999999 9.531213999999974 0.0 1891.420266 localhost 0
FLASER 0  -13.3342869999999 9.491213999999975 0.0 -13.3342869999999 9.491213999999975 0.0 1891.620299 localhost 0
FLASER 0  -13.2342869999999 9.431213999999974 0.0 -13.2342869999999 9.431213999999974 0.0 1891.840626 localhost 0
FLASER 0  -13.134286999999901 9.391213999999975 0.0 -13.134286999999901 9.391213999999975 0.0 1892.050255 localhost 0
FLASER 0  -13.014286999999902 9.371213999999975 0.0 -13.014286999999902 9.371213999999975 0.0 1892.260652 localhost 0
FLASER 0  -12.914286999999902 9.331213999999976 0.0 -12.914286999999902 9.331213999999976 0.0 1892.480589 localhost 0
FLASER 0  -12.814286999999903 9.331213999999976 0.0 -12.814286999999903 9.331213999999976 0.0 1892.690226 localhost 0
FLASER 0  -12.694286999999903 9.311213999999977 0.0 -12.694286999999903 9.311213999999977 0.0 1892.900622 localhost 0
FLASER 0  -12.594286999999904 9.291213999999977 0.0 -12.594286999999904 9.291213999999977 0.0 1893.120631 localhost 0
FLASER 0  -12.494286999999904 9.271213999999977 0.0 -12.494286999999904 9.271213999999977 0.0 1893.330209 localhost 0
FLASER 0  -12.374286999999905 9.271213999999977 0.0 -12.374286999999905 9.271213999999977 0.0 1893.54104 localhost 0
FLASER 0  -12.154286999999906 9.231213999999978 0.0 -12.154286999999906 9.231213999999978 0.0 1893.971386 localhost 0
FLASER 0  -12.054286999999906 9.231213999999978 0.0 -12.054286999999906 9.231213999999978 0.0 1894.190232 localhost 0
FLASER 0  -11.934286999999907 9.211213999999979 0.0 -11.934286999999907 9.211213999999979 0.0 1894.400203 localhost 0
FLASER 0  -11.834286999999907 9.211213999999979 0.0 -11.834286999999907 9.211213999999979 0.0 1894.611754 localhost 0
FLASER 0  -11.734286999999908 9.211213999999979 0.0 -11.734286999999908 9.211213999999979 0.0 1894.831347 localhost 0
FLASER 0  -11.594286999999909 9.19121399999998 0.0 -11.594286999999909 9.19121399999998 0.0 1895.040174 localhost 0
FLASER 0  -11.514286999999909 9.211213999999979 0.0 -11.514286999999909 9.211213999999979 0.0 1895.250333 localhost 0
FLASER 0  -11.39428699999991 9.231213999999978 0.0 -11.39428699999991 9.231213999999978 0.0 1895.470584 localhost 0
FLASER 0  -11.31428699999991 9.251213999999978 0.0 -11.31428699999991 9.251213999999978 0.0 1895.680165 localhost 0
FLASER 0  -11.21428699999991 9.311213999999978 0.0 -11.21428699999991 9.311213999999978 0.0 1895.890605 localhost 0
FLASER 0  -11.09428699999991 9.351213999999977 0.0 -11.09428699999991 9.351213999999977 0.0 1896.110278 localhost 0
FLASER 0  -11.03428699999991 9.431213999999978 0.0 -11.03428699999991 9.431213999999978 0.0 1896.32025 localhost 0
FLASER 0  -10.97428699999991 9.531213999999977 0.0 -10.97428699999991 9.531213999999977 0.0 1896.53082 localhost 0
FLASER 0  -10.91428699999991 9.591213999999978 0.0 -10.91428699999991 9.591213999999978 0.0 1896.750586 localhost 0
FLASER 0  -10.854286999999909 9.691213999999977 0.0 -10.854286999999909 9.691213999999977 0.0 1896.960224 localhost 0
FLASER 0  -10.794286999999908 9.791213999999977 0.0 -10.794286999999908 9.791213999999977 0.0 1897.170633 localhost 0
FLASER 0  -10.734286999999908 9.891213999999977 0.0 -10.734286999999908 9.891213999999977 0.0 1897.390964 localhost 0
FLASER 0  -10.714286999999908 9.991213999999976 0.0 -10.714286999999908 9.991213999999976 0.0 1897.600201 localhost 0
FLASER 0  -10.654286999999908 10.091213999999976 0.0 -10.654286999999908 10.091213999999976 0.0 1897.810694 localhost 0
FLASER 0  -10.634286999999908 10.191213999999976 0.0 -10.634286999999908 10.191213999999976 0.0 1898.030586 localhost 0
FLASER 0  -10.594286999999909 10.291213999999975 0.0 -10.594286999999909 10.291213999999975 0.0 1898.240194 localhost 0
FLASER 0  -10.57428699999991 10.391213999999975 0.0 -10.57428699999991 10.391213999999975 0.0 1898.460158 localhost 0
FLASER 0  -10.55428699999991 10.511213999999974 0.0 -10.55428699999991 10.511213999999974 0.0 1898.670922 localhost 0
FLASER 0  -10.51428699999991 10.611213999999974 0.0 -10.51428699999991 10.611213999999974 0.0 1898.880248 localhost 0
FLASER 0  -10.45428699999991 10.711213999999973 0.0 -10.45428699999991 10.711213999999973 0.0 1899.090582 localhost 0
FLASER 0  -10.414286999999911 10.811213999999973 0.0 -10.414286999999911 10.811213999999973 0.0 1899.310903 localhost 0
FLASER 0  -10.334286999999911 10.891213999999973 0.0 -10.334286999999911 10.891213999999973 0.0 1899.520227 localhost 0
FLASER 0  -10.214286999999912 10.931213999999972 0.0 -10.214286999999912 10.931213999999972 0.0 1899.730615 localhost 0
FLASER 0  -10.114286999999912 10.991213999999973 0.0 -10.114286999999912 10.991213999999973 0.0 1899.950601 localhost 0
FLASER 0  -10.034286999999912 11.031213999999972 0.0 -10.034286999999912 11.031213999999972 0.0 1900.160239 localhost 0
FLASER 0  -9.914286999999913 11.051213999999971 0.0 -9.914286999999913 11.051213999999971 0.0 1900.370929 localhost 0
FLASER 0  -9.834286999999913 11.09121399999997 0.0 -9.834286999999913 11.09121399999997 0.0 1900.59057 localhost 0
FLASER 0  -9.714286999999914 11.09121399999997 0.0 -9.714286999999914 11.09121399999997 0.0 1900.800207 localhost 0
FLASER 0  -9.614286999999914 11.11121399999997 0.0 -9.614286999999914 11.11121399999997 0.0 1901.011022 localhost 0
FLASER 0  -9.494286999999915 11.13121399999997 0.0 -9.494286999999915 11.13121399999997 0.0 1901.230652 localhost 0
FLASER 0  -9.394286999999915 11.15121399999997 0.0 -9.394286999999915 11.15121399999997 0.0 1901.44023 localhost 0
FLASER 0  -9.294286999999915 11.15121399999997 0.0 -9.294286999999915 11.15121399999997 0.0 1901.650623 localhost 0
FLASER 0  -9.174286999999916 11.15121399999997 0.0 -9.174286999999916 11.15121399999997 0.0 1901.870652 localhost 0
FLASER 0  -9.074286999999917 11.15121399999997 0.0 -9.074286999999917 11.15121399999997 0.0 1902.080248 localhost 0
FLASER 0  -8.974286999999917 11.15121399999997 0.0 -8.974286999999917 11.15121399999997 0.0 1902.290658 localhost 0
FLASER 0  -8.874286999999917 11.13121399999997 0.0 -8.874286999999917 11.13121399999997 0.0 1902.510648 localhost 0
FLASER 0  -8.774286999999918 11.11121399999997 0.0 -8.774286999999918 11.11121399999997 0.0 1902.720294 localhost 0
FLASER 0  -8.654286999999918 11.09121399999997 0.0 -8.654286999999918 11.09121399999997 0.0 1902.940212 localhost 0
FLASER 0  -8.554286999999919 11.09121399999997 0.0 -8.554286999999919 11.09121399999997 0.0 1903.150719 localhost 0
FLASER 0  -8.43428699999992 11.09121399999997 0.0 -8.43428699999992 11.09121399999997 0.0 1903.360256 localhost 0
FLASER 0  -8.33428699999992 11.11121399999997 0.0 -8.33428699999992 11.11121399999997 0.0 1903.570634 localhost 0
FLASER 0  -8.21428699999992 11.11121399999997 0.0 -8.21428699999992 11.11121399999997 0.0 1903.790796 localhost 0
FLASER 0  -8.114286999999921 11.13121399999997 0.0 -8.114286999999921 11.13121399999997 0.0 1904.000585 localhost 0
FLASER 0  -8.014286999999921 11.13121399999997 0.0 -8.014286999999921 11.13121399999997 0.0 1904.220526 localhost 0
FLASER 0  -7.914286999999922 11.11121399999997 0.0 -7.914286999999922 11.11121399999997 0.0 1904.430281 localhost 0
FLASER 0  -7.7942869999999225 11.13121399999997 0.0 -7.7942869999999225 11.13121399999997 0.0 1904.640591 localhost 0
FLASER 0  -7.694286999999923 11.13121399999997 0.0 -7.694286999999923 11.13121399999997 0.0 1904.860548 localhost 0
FLASER 0  -7.574286999999924 11.11121399999997 0.0 -7.574286999999924 11.11121399999997 0.0 1905.070221 localhost 0
FLASER 0  -7.474286999999924 11.11121399999997 0.0 -7.474286999999924 11.11121399999997 0.0 1905.280458 localhost 0
FLASER 0  -7.374286999999924 11.11121399999997 0.0 -7.374286999999924 11.11121399999997 0.0 1905.500549 localhost 0
FLASER 0  -7.274286999999925 11.11121399999997 0.0 -7.274286999999925 11.11121399999997 0.0 1905.710488 localhost 0
FLASER 0  -7.174286999999925 11.11121399999997 0.0 -7.174286999999925 11.11121399999997 0.0 1905.930231 localhost 0
FLASER 0  -7.054286999999926 11.11121399999997 0.0 -7.054286999999926 11.11121399999997 0.0 1906.140246 localhost 0
FLASER 0  -6.934286999999927 11.13121399999997 0.0 -6.934286999999927 11.13121399999997 0.0 1906.350238 localhost 0
FLASER 0  -6.8542869999999265 11.15121399999997 0.0 -6.8542869999999265 11.15121399999997 0.0 1906.560567 localhost 0
FLASER 0  -6.794286999999927 11.171213999999969 0.0 -6.794286999999927 11.171213999999969 0.0 1906.780578 localhost 0
FLASER 0  -6.754286999999927 11.191213999999968 0.0 -6.754286999999927 11.191213999999968 0.0 1906.990238 localhost 0
FLASER 0  -6.714286999999927 11.231213999999968 0.0 -6.714286999999927 11.231213999999968 0.0 1907.200792 localhost 0
FLASER 0  -6.694286999999927 11.271213999999967 0.0 -6.694286999999927 11.271213999999967 0.0 1907.420603 localhost 0
FLASER 0  -6.654286999999927 11.311213999999966 0.0 -6.654286999999927 11.311213999999966 0.0 1907.630211 localhost 0
FLASER 0  -6.614286999999927 11.431213999999965 0.0 -6.614286999999927 11.431213999999965 0.0 1907.840608 localhost 0
FLASER 0  -6.614286999999927 11.531213999999965 0.0 -6.614286999999927 11.531213999999965 0.0 1908.060468 localhost 0
FLASER 0  -6.614286999999927 11.611213999999965 0.0 -6.614286999999927 11.611213999999965 0.0 1908.270227 localhost 0
FLASER 0  -6.614286999999927 11.711213999999964 0.0 -6.614286999999927 11.711213999999964 0.0 1908.480558 localhost 0
FLASER 0  -6.634286999999927 11.731213999999964 0.0 -6.634286999999927 11.731213999999964 0.0 1908.700957 localhost 0
FLASER 0  -6.654286999999926 11.831213999999964 0.0 -6.654286999999926 11.831213999999964 0.0 1908.910615 localhost 0
FLASER 0  -6.694286999999926 11.931213999999963 0.0 -6.694286999999926 11.931213999999963 0.0 1909.120529 localhost 0
FLASER 0  -6.754286999999926 12.011213999999963 0.0 -6.754286999999926 12.011213999999963 0.0 1909.340944 localhost 0
FLASER 0  -6.794286999999926 12.131213999999963 0.0 -6.794286999999926 12.131213999999963 0.0 1909.550261 localhost 0
FLASER 0  -6.814286999999926 12.251213999999962 0.0 -6.814286999999926 12.251213999999962 0.0 1909.760929 localhost 0
FLASER 0  -6.854286999999926 12.351213999999962 0.0 -6.854286999999926 12.351213999999962 0.0 1909.980584 localhost 0
FLASER 0  -6.834286999999926 12.49121399999996 0.0 -6.834286999999926 12.49121399999996 0.0 1910.190258 localhost 0
FLASER 0  -6.854286999999926 12.55121399999996 0.0 -6.854286999999926 12.55121399999996 0.0 1910.400608 localhost 0
FLASER 0  -6.814286999999926 12.69121399999996 0.0 -6.814286999999926 12.69121399999996 0.0 1910.621303 localhost 0
FLASER 0  -6.814286999999926 12.77121399999996 0.0 -6.814286999999926 12.77121399999996 0.0 1910.830258 localhost 0
FLASER 0  -6.774286999999926 12.87121399999996 0.0 -6.774286999999926 12.87121399999996 0.0 1911.04089 localhost 0
FLASER 0  -6.754286999999926 12.971213999999959 0.0 -6.754286999999926 12.971213999999959 0.0 1911.26061 localhost 0
FLASER 0  -6.734286999999926 13.091213999999958 0.0 -6.734286999999926 13.091213999999958 0.0 1911.470262 localhost 0
FLASER 0  -6.714286999999927 13.191213999999958 0.0 -6.714286999999927 13.191213999999958 0.0 1911.690184 localhost 0
FLASER 0  -6.674286999999927 13.291213999999957 0.0 -6.674286999999927 13.291213999999957 0.0 1911.900629 localhost 0
FLASER 0  -6.654286999999927 13.391213999999957 0.0 -6.654286999999927 13.391213999999957 0.0 1912.110461 localhost 0
FLASER 0  -6.614286999999927 13.491213999999957 0.0 -6.614286999999927 13.491213999999957 0.0 1912.320275 localhost 0
FLASER 0  -6.574286999999927 13.591213999999956 0.0 -6.574286999999927 13.591213999999956 0.0 1912.54071 localhost 0
FLASER 0  -6.554286999999928 13.691213999999956 0.0 -6.554286999999928 13.691213999999956 0.0 1912.750255 localhost 0
FLASER 0  -6.5142869999999276 13.831213999999955 0.0 -6.5142869999999276 13.831213999999955 0.0 1912.960639 localhost 0
FLASER 0  -6.4742869999999275 13.931213999999954 0.0 -6.4742869999999275 13.931213999999954 0.0 1913.180643 localhost 0
FLASER 0  -6.4342869999999275 13.991213999999955 0.0 -6.4342869999999275 13.991213999999955 0.0 1913.390305 localhost 0
FLASER 0  -6.454286999999927 14.051213999999955 0.0 -6.454286999999927 14.051213999999955 0.0 1913.610607 localhost 0
FLASER 0  -6.4342869999999275 14.111213999999956 0.0 -6.4342869999999275 14.111213999999956 0.0 1913.821038 localhost 0
FLASER 0  -6.4342869999999275 14.151213999999955 0.0 -6.4342869999999275 14.151213999999955 0.0 1914.030299 localhost 0
FLASER 0  -6.4342869999999275 14.191213999999954 0.0 -6.4342869999999275 14.191213999999954 0.0 1914.250251 localhost 0
FLASER 0  -6.454286999999927 14.211213999999954 0.0 -6.454286999999927 14.211213999999954 0.0 1914.460792 localhost 0
FLASER 0  -6.474286999999927 14.251213999999953 0.0 -6.474286999999927 14.251213999999953 0.0 1914.67035 localhost 0
FLASER 0  -6.514286999999927 14.331213999999953 0.0 -6.514286999999927 14.331213999999953 0.0 1914.890213 localhost 0
FLASER 0  -6.594286999999927 14.411213999999953 0.0 -6.594286999999927 14.411213999999953 0.0 1915.100639 localhost 0
FLASER 0  -6.654286999999926 14.491213999999953 0.0 -6.654286999999926 14.491213999999953 0.0 1915.310928 localhost 0
FLASER 0  -6.734286999999926 14.551213999999954 0.0 -6.734286999999926 14.551213999999954 0.0 1915.520499 localhost 0
FLASER 0  -6.8142869999999265 14.631213999999954 0.0 -6.8142869999999265 14.631213999999954 0.0 1915.740248 localhost 0
FLASER 0  -6.894286999999927 14.711213999999954 0.0 -6.894286999999927 14.711213999999954 0.0 1915.950736 localhost 0
FLASER 0  -6.974286999999927 14.811213999999953 0.0 -6.974286999999927 14.811213999999953 0.0 1916.170539 localhost 0
FLASER 0  -7.074286999999926 14.911213999999953 0.0 -7.074286999999926 14.911213999999953 0.0 1916.380229 localhost 0
FLASER 0  -7.114286999999926 14.931213999999953 0.0 -7.114286999999926 14.931213999999953 0.0 1916.590219 localhost 0
FLASER 0  -7.194286999999926 15.011213999999953 0.0 -7.194286999999926 15.011213999999953 0.0 1916.810229 localhost 0
FLASER 0  -7.254286999999926 15.071213999999953 0.0 -7.254286999999926 15.071213999999953 0.0 1917.020267 localhost 0
FLASER 0  -7.314286999999926 15.171213999999953 0.0 -7.314286999999926 15.171213999999953 0.0 1917.23022 localhost 0
FLASER 0  -7.374286999999925 15.251213999999953 0.0 -7.374286999999925 15.251213999999953 0.0 1917.450244 localhost 0
FLASER 0  -7.374286999999925 15.251213999999953 0.0 -7.374286999999925 15.251213999999953 0.0 1917.660579 localhost 0
FLASER 0  -7.374286999999925 15.251213999999953 0.0 -7.374286999999925 15.251213999999953 0.0 1917.870297 localhost 0
FLASER 0  -7.374286999999925 15.271213999999953 0.0 -7.374286999999925 15.271213999999953 0.0 1918.090217 localhost 0
FLASER 0  -7.394286999999925 15.291213999999952 0.0 -7.394286999999925 15.291213999999952 0.0 1918.300295 localhost 0
FLASER 0  -7.414286999999924 15.331213999999951 0.0 -7.414286999999924 15.331213999999951 0.0 1918.521111 localhost 0
FLASER 0  -7.434286999999924 15.35121399999995 0.0 -7.434286999999924 15.35121399999995 0.0 1918.730219 localhost 0
FLASER 0  -7.4942869999999235 15.39121399999995 0.0 -7.4942869999999235 15.39121399999995 0.0 1918.940975 localhost 0
FLASER 0  -7.514286999999923 15.41121399999995 0.0 -7.514286999999923 15.41121399999995 0.0 1919.150588 localhost 0
FLASER 0  -7.534286999999923 15.41121399999995 0.0 -7.534286999999923 15.41121399999995 0.0 1919.370625 localhost 0
FLASER 0  -7.614286999999923 15.43121399999995 0.0 -7.614286999999923 15.43121399999995 0.0 1919.58066 localhost 0
FLASER 0  -7.734286999999922 15.471213999999948 0.0 -7.734286999999922 15.471213999999948 0.0 1919.790585 localhost 0
FLASER 0  -7.814286999999922 15.491213999999948 0.0 -7.814286999999922 15.491213999999948 0.0 1920.010589 localhost 0
FLASER 0  -7.934286999999921 15.511213999999947 0.0 -7.934286999999921 15.511213999999947 0.0 1920.230505 localhost 0
FLASER 0  -8.034286999999921 15.531213999999947 0.0 -8.034286999999921 15.531213999999947 0.0 1920.440546 localhost 0
FLASER 0  -8.13428699999992 15.551213999999947 0.0 -8.13428699999992 15.551213999999947 0.0 1920.650259 localhost 0
FLASER 0  -8.25428699999992 15.551213999999947 0.0 -8.25428699999992 15.551213999999947 0.0 1920.860251 localhost 0
FLASER 0  -8.35428699999992 15.531213999999947 0.0 -8.35428699999992 15.531213999999947 0.0 1921.080246 localhost 0
FLASER 0  -8.474286999999919 15.511213999999947 0.0 -8.474286999999919 15.511213999999947 0.0 1921.290598 localhost 0
FLASER 0  -8.554286999999919 15.491213999999948 0.0 -8.554286999999919 15.491213999999948 0.0 1921.500092 localhost 0
FLASER 0  -8.694286999999917 15.471213999999948 0.0 -8.694286999999917 15.471213999999948 0.0 1921.720237 localhost 0
FLASER 0  -8.774286999999918 15.451213999999949 0.0 -8.774286999999918 15.451213999999949 0.0 1921.930593 localhost 0
FLASER 0  -8.874286999999917 15.451213999999949 0.0 -8.874286999999917 15.451213999999949 0.0 1922.140256 localhost 0
FLASER 0  -8.974286999999917 15.451213999999949 0.0 -8.974286999999917 15.451213999999949 0.0 1922.360181 localhost 0
FLASER 0  -9.094286999999916 15.491213999999948 0.0 -9.094286999999916 15.491213999999948 0.0 1922.570637 localhost 0
FLASER 0  -9.194286999999916 15.531213999999947 0.0 -9.194286999999916 15.531213999999947 0.0 1922.780252 localhost 0
FLASER 0  -9.294286999999915 15.551213999999947 0.0 -9.294286999999915 15.551213999999947 0.0 1923.000663 localhost 0
FLASER 0  -9.394286999999915 15.591213999999946 0.0 -9.394286999999915 15.591213999999946 0.0 1923.210933 localhost 0
FLASER 0  -9.474286999999915 15.631213999999945 0.0 -9.474286999999915 15.631213999999945 0.0 1923.420267 localhost 0
FLASER 0  -9.614286999999914 15.671213999999944 0.0 -9.614286999999914 15.671213999999944 0.0 1923.640202 localhost 0
FLASER 0  -9.714286999999914 15.711213999999943 0.0 -9.714286999999914 15.711213999999943 0.0 1923.850606 localhost 0
FLASER 0  -9.794286999999914 15.711213999999943 0.0 -9.794286999999914 15.711213999999943 0.0 1924.070622 localhost 0
FLASER 0  -9.794286999999914 15.711213999999943 0.0 -9.794286999999914 15.711213999999943 0.0 1924.270598 localhost 0
FLASER 0  -9.774286999999914 15.711213999999943 0.0 -9.774286999999914 15.711213999999943 0.0 1924.490236 localhost 0
FLASER 0  -9.774286999999914 15.731213999999943 0.0 -9.774286999999914 15.731213999999943 0.0 1924.700373 localhost 0
FLASER 0  -9.794286999999914 15.731213999999943 0.0 -9.794286999999914 15.731213999999943 0.0 1924.910773 localhost 0
FLASER 0  -9.774286999999914 15.731213999999943 0.0 -9.774286999999914 15.731213999999943 0.0 1925.130639 localhost 0
FLASER 0  -9.794286999999914 15.731213999999943 0.0 -9.794286999999914 15.731213999999943 0.0 1925.340301 localhost 0
FLASER 0  -9.774286999999914 15.731213999999943 0.0 -9.774286999999914 15.731213999999943 0.0 1925.560225 localhost 0
FLASER 0  -9.794286999999914 15.731213999999943 0.0 -9.794286999999914 15.731213999999943 0.0 1925.770534 localhost 0
FLASER 0  -9.794286999999914 15.731213999999943 0.0 -9.794286999999914 15.731213999999943 0.0 1925.990502 localhost 0
FLASER 0  -9.774286999999914 15.731213999999943 0.0 -9.774286999999914 15.731213999999943 0.0 1926.191242 localhost 0
FLASER 0  -9.794286999999914 15.731213999999943 0.0 -9.794286999999914 15.731213999999943 0.0 1926.410295 localhost 0
FLASER 0  -9.834286999999913 15.731213999999943 0.0 -9.834286999999913 15.731213999999943 0.0 1926.620281 localhost 0
FLASER 0  -9.834286999999913 15.731213999999943 0.0 -9.834286999999913 15.731213999999943 0.0 1926.840224 localhost 0
FLASER 0  -9.834286999999913 15.731213999999943 0.0 -9.834286999999913 15.731213999999943 0.0 1927.050239 localhost 0
FLASER 0  -9.834286999999913 15.731213999999943 0.0 -9.834286999999913 15.731213999999943 0.0 1927.260367 localhost 0
FLASER 0  -9.834286999999913 15.731213999999943 0.0 -9.834286999999913 15.731213999999943 0.0 1927.480748 localhost 0
FLASER 0  -9.854286999999912 15.731213999999943 0.0 -9.854286999999912 15.731213999999943 0.0 1927.690238 localhost 0
FLASER 0  -9.914286999999913 15.751213999999942 0.0 -9.914286999999913 15.751213999999942 0.0 1927.910612 localhost 0
FLASER 0  -9.954286999999912 15.751213999999942 0.0 -9.954286999999912 15.751213999999942 0.0 1928.120592 localhost 0
FLASER 0  -9.994286999999911 15.751213999999942 0.0 -9.994286999999911 15.751213999999942 0.0 1928.330263 localhost 0
FLASER 0  -10.054286999999912 15.751213999999942 0.0 -10.054286999999912 15.751213999999942 0.0 1928.540279 localhost 0
FLASER 0  -10.09428699999991 15.731213999999943 0.0 -10.09428699999991 15.731213999999943 0.0 1928.76055 localhost 0
FLASER 0  -10.17428699999991 15.731213999999943 0.0 -10.17428699999991 15.731213999999943 0.0 1928.970259 localhost 0
FLASER 0  -10.234286999999911 15.731213999999943 0.0 -10.234286999999911 15.731213999999943 0.0 1929.180633 localhost 0
FLASER 0  -10.314286999999911 15.731213999999943 0.0 -10.314286999999911 15.731213999999943 0.0 1929.400645 localhost 0
FLASER 0  -10.374286999999912 15.711213999999943 0.0 -10.374286999999912 15.711213999999943 0.0 1929.610261 localhost 0
FLASER 0  -10.454286999999912 15.691213999999944 0.0 -10.454286999999912 15.691213999999944 0.0 1929.830206 localhost 0
FLASER 0  -10.514286999999912 15.671213999999944 0.0 -10.514286999999912 15.671213999999944 0.0 1930.040279 localhost 0
FLASER 0  -10.594286999999913 15.611213999999944 0.0 -10.594286999999913 15.611213999999944 0.0 1930.250235 localhost 0
FLASER 0  -10.694286999999912 15.551213999999943 0.0 -10.694286999999912 15.551213999999943 0.0 1930.470171 localhost 0
FLASER 0  -10.774286999999912 15.471213999999943 0.0 -10.774286999999912 15.471213999999943 0.0 1930.680571 localhost 0
FLASER 0  -10.814286999999911 15.351213999999944 0.0 -10.814286999999911 15.351213999999944 0.0 1930.890572 localhost 0
FLASER 0  -10.874286999999912 15.251213999999944 0.0 -10.874286999999912 15.251213999999944 0.0 1931.110238 localhost 0
FLASER 0  -10.894286999999911 15.151213999999944 0.0 -10.894286999999911 15.151213999999944 0.0 1931.320581 localhost 0
FLASER 0  -10.914286999999911 15.031213999999945 0.0 -10.914286999999911 15.031213999999945 0.0 1931.530269 localhost 0
FLASER 0  -10.93428699999991 14.931213999999946 0.0 -10.93428699999991 14.931213999999946 0.0 1931.750184 localhost 0
FLASER 0  -10.95428699999991 14.831213999999946 0.0 -10.95428699999991 14.831213999999946 0.0 1931.960181 localhost 0
FLASER 0  -10.97428699999991 14.731213999999946 0.0 -10.97428699999991 14.731213999999946 0.0 1932.170352 localhost 0
FLASER 0  -10.99428699999991 14.631213999999947 0.0 -10.99428699999991 14.631213999999947 0.0 1932.390191 localhost 0
FLASER 0  -11.014286999999909 14.531213999999947 0.0 -11.014286999999909 14.531213999999947 0.0 1932.600909 localhost 0
FLASER 0  -11.054286999999908 14.391213999999948 0.0 -11.054286999999908 14.391213999999948 0.0 1932.810298 localhost 0
FLASER 0  -11.074286999999908 14.291213999999949 0.0 -11.074286999999908 14.291213999999949 0.0 1933.020531 localhost 0
FLASER 0  -11.094286999999907 14.191213999999949 0.0 -11.094286999999907 14.191213999999949 0.0 1933.240608 localhost 0
FLASER 0  -11.114286999999907 14.09121399999995 0.0 -11.114286999999907 14.09121399999995 0.0 1933.450289 localhost 0
FLASER 0  -11.174286999999907 13.99121399999995 0.0 -11.174286999999907 13.99121399999995 0.0 1933.670231 localhost 0
FLASER 0  -11.214286999999906 13.89121399999995 0.0 -11.214286999999906 13.89121399999995 0.0 1933.880575 localhost 0
FLASER 0  -11.294286999999906 13.79121399999995 0.0 -11.294286999999906 13.79121399999995 0.0 1934.090267 localhost 0
FLASER 0  -11.354286999999907 13.73121399999995 0.0 -11.354286999999907 13.73121399999995 0.0 1934.310639 localhost 0
FLASER 0  -11.454286999999907 13.65121399999995 0.0 -11.454286999999907 13.65121399999995 0.0 1934.520541 localhost 0
FLASER 0  -11.534286999999907 13.57121399999995 0.0 -11.534286999999907 13.57121399999995 0.0 1934.730284 localhost 0
FLASER 0  -11.594286999999907 13.49121399999995 0.0 -11.594286999999907 13.49121399999995 0.0 1934.950214 localhost 0
FLASER 0  -11.654286999999908 13.43121399999995 0.0 -11.654286999999908 13.43121399999995 0.0 1935.160619 localhost 0
FLASER 0  -11.714286999999908 13.33121399999995 0.0 -11.714286999999908 13.33121399999995 0.0 1935.370303 localhost 0
FLASER 0  -11.774286999999909 13.25121399999995 0.0 -11.774286999999909 13.25121399999995 0.0 1935.580994 localhost 0
FLASER 0  -11.794286999999908 13.17121399999995 0.0 -11.794286999999908 13.17121399999995 0.0 1935.80028 localhost 0
FLASER 0  -11.794286999999908 13.09121399999995 0.0 -11.794286999999908 13.09121399999995 0.0 1936.010386 localhost 0
FLASER 0  -11.794286999999908 12.99121399999995 0.0 -11.794286999999908 12.99121399999995 0.0 1936.230103 localhost 0
FLASER 0  -11.794286999999908 12.87121399999995 0.0 -11.794286999999908 12.87121399999995 0.0 1936.440897 localhost 0
FLASER 0  -11.794286999999908 12.77121399999995 0.0 -11.794286999999908 12.77121399999995 0.0 1936.650271 localhost 0
FLASER 0  -11.75428699999991 12.651213999999952 0.0 -11.75428699999991 12.651213999999952 0.0 1936.860981 localhost 0
FLASER 0  -11.73428699999991 12.551213999999952 0.0 -11.73428699999991 12.551213999999952 0.0 1937.080618 localhost 0
FLASER 0  -11.69428699999991 12.451213999999952 0.0 -11.69428699999991 12.451213999999952 0.0 1937.290261 localhost 0
FLASER 0  -11.654286999999911 12.351213999999953 0.0 -11.654286999999911 12.351213999999953 0.0 1937.500713 localhost 0
FLASER 0  -11.634286999999912 12.251213999999953 0.0 -11.634286999999912 12.251213999999953 0.0 1937.720576 localhost 0
FLASER 0  -11.614286999999912 12.131213999999954 0.0 -11.614286999999912 12.131213999999954 0.0 1937.930556 localhost 0
FLASER 0  -11.614286999999912 12.051213999999954 0.0 -11.614286999999912 12.051213999999954 0.0 1938.150691 localhost 0
FLASER 0  -11.614286999999912 12.071213999999953 0.0 -11.614286999999912 12.071213999999953 0.0 1938.360197 localhost 0
FLASER 0  -11.614286999999912 12.071213999999953 0.0 -11.614286999999912 12.071213999999953 0.0 1938.571273 localhost 0
FLASER 0  -11.614286999999912 12.071213999999953 0.0 -11.614286999999912 12.071213999999953 0.0 1938.790562 localhost 0
FLASER 0  -11.594286999999913 12.091213999999953 0.0 -11.594286999999913 12.091213999999953 0.0 1939.000347 localhost 0
FLASER 0  -11.594286999999913 11.991213999999953 0.0 -11.594286999999913 11.991213999999953 0.0 1939.220221 localhost 0
FLASER 0  -11.554286999999913 11.911213999999953 0.0 -11.554286999999913 11.911213999999953 0.0 1939.430358 localhost 0
FLASER 0  -11.514286999999914 11.771213999999954 0.0 -11.514286999999914 11.771213999999954 0.0 1939.640224 localhost 0
FLASER 0  -11.434286999999914 11.671213999999955 0.0 -11.434286999999914 11.671213999999955 0.0 1939.860162 localhost 0
FLASER 0  -11.374286999999914 11.591213999999955 0.0 -11.374286999999914 11.591213999999955 0.0 1940.070176 localhost 0
FLASER 0  -11.314286999999913 11.531213999999954 0.0 -11.314286999999913 11.531213999999954 0.0 1940.280207 localhost 0
FLASER 0  -11.214286999999914 11.491213999999955 0.0 -11.214286999999914 11.491213999999955 0.0 1940.490931 localhost 0
FLASER 0  -11.114286999999914 11.431213999999954 0.0 -11.114286999999914 11.431213999999954 0.0 1940.710214 localhost 0
FLASER 0  -11.034286999999914 11.411213999999955 0.0 -11.034286999999914 11.411213999999955 0.0 1940.920224 localhost 0
FLASER 0  -10.914286999999915 11.391213999999955 0.0 -10.914286999999915 11.391213999999955 0.0 1941.140201 localhost 0
FLASER 0  -10.794286999999915 11.391213999999955 0.0 -10.794286999999915 11.391213999999955 0.0 1941.350621 localhost 0
FLASER 0  -10.714286999999915 11.411213999999955 0.0 -10.714286999999915 11.411213999999955 0.0 1941.560203 localhost 0
FLASER 0  -10.594286999999916 11.411213999999955 0.0 -10.594286999999916 11.411213999999955 0.0 1941.780023 localhost 0
FLASER 0  -10.494286999999916 11.411213999999955 0.0 -10.494286999999916 11.411213999999955 0.0 1941.990177 localhost 0
FLASER 0  -10.374286999999917 11.391213999999955 0.0 -10.374286999999917 11.391213999999955 0.0 1942.200453 localhost 0
FLASER 0  -10.274286999999918 11.371213999999956 0.0 -10.274286999999918 11.371213999999956 0.0 1942.420237 localhost 0
FLASER 0  -10.174286999999918 11.351213999999956 0.0 -10.174286999999918 11.351213999999956 0.0 1942.630793 localhost 0
FLASER 0  -10.074286999999918 11.291213999999956 0.0 -10.074286999999918 11.291213999999956 0.0 1942.840246 localhost 0
FLASER 0  -9.994286999999918 11.251213999999957 0.0 -9.994286999999918 11.251213999999957 0.0 1943.060218 localhost 0
FLASER 0  -9.914286999999918 11.191213999999956 0.0 -9.914286999999918 11.191213999999956 0.0 1943.270556 localhost 0
FLASER 0  -9.854286999999918 11.151213999999957 0.0 -9.854286999999918 11.151213999999957 0.0 1943.480254 localhost 0
FLASER 0  -9.834286999999918 11.131213999999957 0.0 -9.834286999999918 11.131213999999957 0.0 1943.690946 localhost 0
FLASER 0  -9.834286999999918 11.131213999999957 0.0 -9.834286999999918 11.131213999999957 0.0 1943.91115 localhost 0
FLASER 0  -9.814286999999918 11.111213999999958 0.0 -9.814286999999918 11.111213999999958 0.0 1944.12022 localhost 0
FLASER 0  -9.734286999999918 11.091213999999958 0.0 -9.734286999999918 11.091213999999958 0.0 1944.340244 localhost 0
FLASER 0  -9.634286999999919 11.051213999999959 0.0 -9.634286999999919 11.051213999999959 0.0 1944.550909 localhost 0
FLASER 0  -9.53428699999992 11.01121399999996 0.0 -9.53428699999992 11.01121399999996 0.0 1944.760255 localhost 0
FLASER 0  -9.43428699999992 11.01121399999996 0.0 -9.43428699999992 11.01121399999996 0.0 1944.98045 localhost 0
FLASER 0  -9.31428699999992 11.01121399999996 0.0 -9.31428699999992 11.01121399999996 0.0 1945.190609 localhost 0
FLASER 0  -9.21428699999992 11.03121399999996 0.0 -9.21428699999992 11.03121399999996 0.0 1945.400298 localhost 0
FLASER 0  -9.114286999999921 11.051213999999959 0.0 -9.114286999999921 11.051213999999959 0.0 1945.620227 localhost 0
FLASER 0  -9.014286999999921 11.071213999999959 0.0 -9.014286999999921 11.071213999999959 0.0 1945.830733 localhost 0
FLASER 0  -8.894286999999922 11.071213999999959 0.0 -8.894286999999922 11.071213999999959 0.0 1946.0405 localhost 0
FLASER 0  -8.794286999999922 11.071213999999959 0.0 -8.794286999999922 11.071213999999959 0.0 1946.260222 localhost 0
FLASER 0  -8.674286999999923 11.051213999999959 0.0 -8.674286999999923 11.051213999999959 0.0 1946.470642 localhost 0
FLASER 0  -8.574286999999924 11.051213999999959 0.0 -8.574286999999924 11.051213999999959 0.0 1946.680254 localhost 0
FLASER 0  -8.474286999999924 11.051213999999959 0.0 -8.474286999999924 11.051213999999959 0.0 1946.90064 localhost 0
FLASER 0  -8.374286999999924 11.051213999999959 0.0 -8.374286999999924 11.051213999999959 0.0 1947.110274 localhost 0
FLASER 0  -8.254286999999925 11.051213999999959 0.0 -8.254286999999925 11.051213999999959 0.0 1947.320545 localhost 0
FLASER 0  -8.154286999999925 11.071213999999959 0.0 -8.154286999999925 11.071213999999959 0.0 1947.540197 localhost 0
FLASER 0  -8.034286999999926 11.091213999999958 0.0 -8.034286999999926 11.091213999999958 0.0 1947.750353 localhost 0
FLASER 0  -7.934286999999927 11.111213999999958 0.0 -7.934286999999927 11.111213999999958 0.0 1947.961002 localhost 0
FLASER 0  -7.834286999999927 11.111213999999958 0.0 -7.834286999999927 11.111213999999958 0.0 1948.180864 localhost 0
FLASER 0  -7.734286999999927 11.131213999999957 0.0 -7.734286999999927 11.131213999999957 0.0 1948.390252 localhost 0
FLASER 0  -7.634286999999928 11.111213999999958 0.0 -7.634286999999928 11.111213999999958 0.0 1948.600724 localhost 0
FLASER 0  -7.514286999999928 11.131213999999957 0.0 -7.514286999999928 11.131213999999957 0.0 1948.810487 localhost 0
FLASER 0  -7.434286999999928 11.151213999999957 0.0 -7.434286999999928 11.151213999999957 0.0 1949.030221 localhost 0
FLASER 0  -7.354286999999928 11.191213999999956 0.0 -7.354286999999928 11.191213999999956 0.0 1949.25024 localhost 0
FLASER 0  -7.234286999999929 11.211213999999956 0.0 -7.234286999999929 11.211213999999956 0.0 1949.460634 localhost 0
FLASER 0  -7.1742869999999295 11.271213999999956 0.0 -7.1742869999999295 11.271213999999956 0.0 1949.670232 localhost 0
FLASER 0  -7.094286999999929 11.331213999999957 0.0 -7.094286999999929 11.331213999999957 0.0 1949.880215 localhost 0
FLASER 0  -6.99428699999993 11.391213999999957 0.0 -6.99428699999993 11.391213999999957 0.0 1950.101115 localhost 0
FLASER 0  -6.91428699999993 11.471213999999957 0.0 -6.91428699999993 11.471213999999957 0.0 1950.310339 localhost 0
FLASER 0  -6.81428699999993 11.531213999999958 0.0 -6.81428699999993 11.531213999999958 0.0 1950.520924 localhost 0
FLASER 0  -6.73428699999993 11.611213999999958 0.0 -6.73428699999993 11.611213999999958 0.0 1950.740554 localhost 0
FLASER 0  -6.67428699999993 11.691213999999958 0.0 -6.67428699999993 11.691213999999958 0.0 1950.9502 localhost 0
FLASER 0  -6.614286999999931 11.791213999999957 0.0 -6.614286999999931 11.791213999999957 0.0 1951.160206 localhost 0
FLASER 0  -6.594286999999931 11.871213999999958 0.0 -6.594286999999931 11.871213999999958 0.0 1951.381363 localhost 0
FLASER 0  -6.574286999999932 11.931213999999958 0.0 -6.574286999999932 11.931213999999958 0.0 1951.590234 localhost 0
FLASER 0  -6.574286999999932 11.931213999999958 0.0 -6.574286999999932 11.931213999999958 0.0 1951.80077 localhost 0
FLASER 0  -6.574286999999932 11.931213999999958 0.0 -6.574286999999932 11.931213999999958 0.0 1952.020755 localhost 0
FLASER 0  -6.574286999999932 11.931213999999958 0.0 -6.574286999999932 11.931213999999958 0.0 1952.23011 localhost 0
FLASER 0  -6.574286999999932 11.951213999999958 0.0 -6.574286999999932 11.951213999999958 0.0 1952.450299 localhost 0
FLASER 0  -6.574286999999932 11.991213999999957 0.0 -6.574286999999932 11.991213999999957 0.0 1952.660489 localhost 0
FLASER 0  -6.554286999999932 12.051213999999957 0.0 -6.554286999999932 12.051213999999957 0.0 1952.870248 localhost 0
FLASER 0  -6.554286999999932 12.031213999999958 0.0 -6.554286999999932 12.031213999999958 0.0 1953.090301 localhost 0
FLASER 0  -6.554286999999932 12.051213999999957 0.0 -6.554286999999932 12.051213999999957 0.0 1953.300604 localhost 0
FLASER 0  -6.554286999999932 12.031213999999958 0.0 -6.554286999999932 12.031213999999958 0.0 1953.51063 localhost 0
FLASER 0  -6.554286999999932 11.991213999999959 0.0 -6.554286999999932 11.991213999999959 0.0 1953.730264 localhost 0
FLASER 0  -6.5342869999999325 11.971213999999959 0.0 -6.5342869999999325 11.971213999999959 0.0 1953.94085 localhost 0
FLASER 0  -6.554286999999932 11.95121399999996 0.0 -6.554286999999932 11.95121399999996 0.0 1954.150277 localhost 0
FLASER 0  -6.574286999999932 11.971213999999959 0.0 -6.574286999999932 11.971213999999959 0.0 1954.370089 localhost 0
FLASER 0  -6.594286999999931 12.071213999999959 0.0 -6.594286999999931 12.071213999999959 0.0 1954.580579 localhost 0
FLASER 0  -6.634286999999931 12.111213999999958 0.0 -6.634286999999931 12.111213999999958 0.0 1955.010276 localhost 0
FLASER 0  -6.674286999999931 12.211213999999957 0.0 -6.674286999999931 12.211213999999957 0.0 1955.220563 localhost 0
FLASER 0  -6.694286999999931 12.311213999999957 0.0 -6.694286999999931 12.311213999999957 0.0 1955.430256 localhost 0
FLASER 0  -6.734286999999931 12.411213999999957 0.0 -6.734286999999931 12.411213999999957 0.0 1955.650327 localhost 0
FLASER 0  -6.714286999999931 12.531213999999956 0.0 -6.714286999999931 12.531213999999956 0.0 1955.860616 localhost 0
FLASER 0  -6.714286999999931 12.651213999999955 0.0 -6.714286999999931 12.651213999999955 0.0 1956.070233 localhost 0
FLASER 0  -6.694286999999932 12.751213999999955 0.0 -6.694286999999932 12.751213999999955 0.0 1956.290353 localhost 0
FLASER 0  -6.674286999999932 12.871213999999954 0.0 -6.674286999999932 12.871213999999954 0.0 1956.50063 localhost 0
FLASER 0  -6.654286999999933 12.991213999999953 0.0 -6.654286999999933 12.991213999999953 0.0 1956.710271 localhost 0
FLASER 0  -6.634286999999933 13.091213999999953 0.0 -6.634286999999933 13.091213999999953 0.0 1956.930292 localhost 0
FLASER 0  -6.634286999999933 13.171213999999953 0.0 -6.634286999999933 13.171213999999953 0.0 1957.140246 localhost 0
FLASER 0  -6.594286999999933 13.291213999999952 0.0 -6.594286999999933 13.291213999999952 0.0 1957.350377 localhost 0
FLASER 0  -6.574286999999933 13.411213999999951 0.0 -6.574286999999933 13.411213999999951 0.0 1957.570642 localhost 0
FLASER 0  -6.554286999999934 13.491213999999951 0.0 -6.554286999999934 13.491213999999951 0.0 1957.780262 localhost 0
FLASER 0  -6.534286999999934 13.61121399999995 0.0 -6.534286999999934 13.61121399999995 0.0 1957.991026 localhost 0
FLASER 0  -6.534286999999934 13.71121399999995 0.0 -6.534286999999934 13.71121399999995 0.0 1958.21066 localhost 0
FLASER 0  -6.534286999999934 13.83121399999995 0.0 -6.534286999999934 13.83121399999995 0.0 1958.420953 localhost 0
FLASER 0  -6.554286999999934 13.93121399999995 0.0 -6.554286999999934 13.93121399999995 0.0 1958.640481 localhost 0
FLASER 0  -6.574286999999933 14.031213999999949 0.0 -6.574286999999933 14.031213999999949 0.0 1958.850246 localhost 0
FLASER 0  -6.594286999999933 14.131213999999948 0.0 -6.594286999999933 14.131213999999948 0.0 1959.060529 localhost 0
FLASER 0  -6.6142869999999325 14.231213999999948 0.0 -6.6142869999999325 14.231213999999948 0.0 1959.270505 localhost 0
FLASER 0  -6.654286999999933 14.351213999999947 0.0 -6.654286999999933 14.351213999999947 0.0 1959.490232 localhost 0
FLASER 0  -6.674286999999932 14.431213999999947 0.0 -6.674286999999932 14.431213999999947 0.0 1959.70091 localhost 0
FLASER 0  -6.714286999999932 14.571213999999946 0.0 -6.714286999999932 14.571213999999946 0.0 1959.920575 localhost 0
FLASER 0  -6.774286999999932 14.651213999999946 0.0 -6.774286999999932 14.651213999999946 0.0 1960.130067 localhost 0
FLASER 0  -6.874286999999931 14.851213999999946 0.0 -6.874286999999931 14.851213999999946 0.0 1960.550085 localhost 0
FLASER 0  -6.9142869999999315 14.911213999999946 0.0 -6.9142869999999315 14.911213999999946 0.0 1960.770249 localhost 0
FLASER 0  -7.014286999999931 15.011213999999946 0.0 -7.014286999999931 15.011213999999946 0.0 1960.981121 localhost 0
FLASER 0  -7.114286999999931 15.091213999999946 0.0 -7.114286999999931 15.091213999999946 0.0 1961.190318 localhost 0
FLASER 0  -7.194286999999931 15.131213999999945 0.0 -7.194286999999931 15.131213999999945 0.0 1961.410199 localhost 0
FLASER 0  -7.274286999999931 15.191213999999945 0.0 -7.274286999999931 15.191213999999945 0.0 1961.62025 localhost 0
FLASER 0  -7.354286999999931 15.191213999999945 0.0 -7.354286999999931 15.191213999999945 0.0 1961.840507 localhost 0
FLASER 0  -7.434286999999931 15.211213999999945 0.0 -7.434286999999931 15.211213999999945 0.0 1962.05033 localhost 0
FLASER 0  -7.574286999999931 15.231213999999945 0.0 -7.574286999999931 15.231213999999945 0.0 1962.260502 localhost 0
FLASER 0  -7.654286999999931 15.231213999999945 0.0 -7.654286999999931 15.231213999999945 0.0 1962.470248 localhost 0
FLASER 0  -7.77428699999993 15.231213999999945 0.0 -7.77428699999993 15.231213999999945 0.0 1962.690277 localhost 0
FLASER 0  -7.91428699999993 15.251213999999944 0.0 -7.91428699999993 15.251213999999944 0.0 1962.900602 localhost 0
FLASER 0  -8.01428699999993 15.251213999999944 0.0 -8.01428699999993 15.251213999999944 0.0 1963.110268 localhost 0
FLASER 0  -8.11428699999993 15.271213999999944 0.0 -8.11428699999993 15.271213999999944 0.0 1963.330325 localhost 0
FLASER 0  -8.234286999999929 15.311213999999943 0.0 -8.234286999999929 15.311213999999943 0.0 1963.540232 localhost 0
FLASER 0  -8.31428699999993 15.331213999999942 0.0 -8.31428699999993 15.331213999999942 0.0 1963.760186 localhost 0
FLASER 0  -8.414286999999929 15.351213999999942 0.0 -8.414286999999929 15.351213999999942 0.0 1963.970317 localhost 0
FLASER 0  -8.534286999999928 15.371213999999942 0.0 -8.534286999999928 15.371213999999942 0.0 1964.180576 localhost 0
FLASER 0  -8.634286999999928 15.391213999999941 0.0 -8.634286999999928 15.391213999999941 0.0 1964.400662 localhost 0
FLASER 0  -8.734286999999927 15.41121399999994 0.0 -8.734286999999927 15.41121399999994 0.0 1964.610943 localhost 0
FLASER 0  -8.854286999999927 15.43121399999994 0.0 -8.854286999999927 15.43121399999994 0.0 1964.820226 localhost 0
FLASER 0  -8.954286999999926 15.45121399999994 0.0 -8.954286999999926 15.45121399999994 0.0 1965.040262 localhost 0
FLASER 0  -9.054286999999926 15.45121399999994 0.0 -9.054286999999926 15.45121399999994 0.0 1965.251063 localhost 0
FLASER 0  -9.174286999999925 15.491213999999939 0.0 -9.174286999999925 15.491213999999939 0.0 1965.46024 localhost 0
FLASER 0  -9.274286999999925 15.511213999999939 0.0 -9.274286999999925 15.511213999999939 0.0 1965.680011 localhost 0
FLASER 0  -9.374286999999924 15.531213999999938 0.0 -9.374286999999924 15.531213999999938 0.0 1965.890573 localhost 0
FLASER 0  -9.474286999999924 15.551213999999938 0.0 -9.474286999999924 15.551213999999938 0.0 1966.100208 localhost 0
FLASER 0  -9.574286999999924 15.551213999999938 0.0 -9.574286999999924 15.551213999999938 0.0 1966.320606 localhost 0
FLASER 0  -9.694286999999923 15.591213999999937 0.0 -9.694286999999923 15.591213999999937 0.0 1966.530273 localhost 0
FLASER 0  -9.794286999999922 15.611213999999936 0.0 -9.794286999999922 15.611213999999936 0.0 1966.740613 localhost 0
FLASER 0  -9.914286999999922 15.611213999999936 0.0 -9.914286999999922 15.611213999999936 0.0 1966.960621 localhost 0
FLASER 0  -9.994286999999922 15.591213999999937 0.0 -9.994286999999922 15.591213999999937 0.0 1967.170269 localhost 0
FLASER 0  -10.094286999999921 15.591213999999937 0.0 -10.094286999999921 15.591213999999937 0.0 1967.380611 localhost 0
FLASER 0  -10.194286999999921 15.571213999999937 0.0 -10.194286999999921 15.571213999999937 0.0 1967.600631 localhost 0
FLASER 0  -10.31428699999992 15.531213999999938 0.0 -10.31428699999992 15.531213999999938 0.0 1967.810122 localhost 0
FLASER 0  -10.39428699999992 15.491213999999939 0.0 -10.39428699999992 15.491213999999939 0.0 1968.020253 localhost 0
FLASER 0  -10.49428699999992 15.45121399999994 0.0 -10.49428699999992 15.45121399999994 0.0 1968.240633 localhost 0
FLASER 0  -10.57428699999992 15.37121399999994 0.0 -10.57428699999992 15.37121399999994 0.0 1968.450342 localhost 0
FLASER 0  -10.65428699999992 15.29121399999994 0.0 -10.65428699999992 15.29121399999994 0.0 1968.670083 localhost 0
FLASER 0  -10.71428699999992 15.19121399999994 0.0 -10.71428699999992 15.19121399999994 0.0 1968.880982 localhost 0
FLASER 0  -10.774286999999921 15.07121399999994 0.0 -10.774286999999921 15.07121399999994 0.0 1969.090241 localhost 0
FLASER 0  -10.774286999999921 14.971213999999941 0.0 -10.774286999999921 14.971213999999941 0.0 1969.310218 localhost 0
FLASER 0  -10.81428699999992 14.871213999999942 0.0 -10.81428699999992 14.871213999999942 0.0 1969.520651 localhost 0
FLASER 0  -10.85428699999992 14.771213999999942 0.0 -10.85428699999992 14.771213999999942 0.0 1969.730308 localhost 0
FLASER 0  -10.874286999999919 14.671213999999942 0.0 -10.874286999999919 14.671213999999942 0.0 1969.940589 localhost 0
FLASER 0  -10.93428699999992 14.571213999999943 0.0 -10.93428699999992 14.571213999999943 0.0 1970.160313 localhost 0
FLASER 0  -10.954286999999919 14.471213999999943 0.0 -10.954286999999919 14.471213999999943 0.0 1970.37026 localhost 0
FLASER 0  -10.994286999999918 14.371213999999943 0.0 -10.994286999999918 14.371213999999943 0.0 1970.580517 localhost 0
FLASER 0  -11.034286999999917 14.271213999999944 0.0 -11.034286999999917 14.271213999999944 0.0 1970.800719 localhost 0
FLASER 0  -11.094286999999918 14.171213999999944 0.0 -11.094286999999918 14.171213999999944 0.0 1971.01044 localhost 0
FLASER 0  -11.134286999999917 14.071213999999944 0.0 -11.134286999999917 14.071213999999944 0.0 1971.230171 localhost 0
FLASER 0  -11.154286999999917 13.971213999999945 0.0 -11.154286999999917 13.971213999999945 0.0 1971.440905 localhost 0
FLASER 0  -11.194286999999916 13.851213999999946 0.0 -11.194286999999916 13.851213999999946 0.0 1971.650245 localhost 0
FLASER 0  -11.194286999999916 13.751213999999946 0.0 -11.194286999999916 13.751213999999946 0.0 1971.860725 localhost 0
FLASER 0  -11.194286999999916 13.651213999999946 0.0 -11.194286999999916 13.651213999999946 0.0 1972.080364 localhost 0
FLASER 0  -11.174286999999916 13.531213999999947 0.0 -11.174286999999916 13.531213999999947 0.0 1972.290194 localhost 0
FLASER 0  -11.154286999999917 13.431213999999947 0.0 -11.154286999999917 13.431213999999947 0.0 1972.510219 localhost 0
FLASER 0  -11.154286999999917 13.331213999999948 0.0 -11.154286999999917 13.331213999999948 0.0 1972.720568 localhost 0
FLASER 0  -11.134286999999917 13.231213999999948 0.0 -11.134286999999917 13.231213999999948 0.0 1972.930321 localhost 0
FLASER 0  -11.114286999999917 13.131213999999948 0.0 -11.114286999999917 13.131213999999948 0.0 1973.150235 localhost 0
FLASER 0  -11.114286999999917 13.01121399999995 0.0 -11.114286999999917 13.01121399999995 0.0 1973.36027 localhost 0
FLASER 0  -11.094286999999918 12.91121399999995 0.0 -11.094286999999918 12.91121399999995 0.0 1973.570084 localhost 0
FLASER 0  -11.094286999999918 12.79121399999995 0.0 -11.094286999999918 12.79121399999995 0.0 1973.780826 localhost 0
FLASER 0  -11.114286999999917 12.671213999999951 0.0 -11.114286999999917 12.671213999999951 0.0 1974.000589 localhost 0
FLASER 0  -11.154286999999917 12.571213999999951 0.0 -11.154286999999917 12.571213999999951 0.0 1974.210251 localhost 0
FLASER 0  -11.154286999999917 12.451213999999952 0.0 -11.154286999999917 12.451213999999952 0.0 1974.420792 localhost 0
FLASER 0  -11.194286999999916 12.371213999999952 0.0 -11.194286999999916 12.371213999999952 0.0 1974.640578 localhost 0
FLASER 0  -11.254286999999916 12.271213999999953 0.0 -11.254286999999916 12.271213999999953 0.0 1974.850266 localhost 0
FLASER 0  -11.334286999999916 12.191213999999952 0.0 -11.334286999999916 12.191213999999952 0.0 1975.06056 localhost 0
FLASER 0  -11.434286999999916 12.131213999999952 0.0 -11.434286999999916 12.131213999999952 0.0 1975.280678 localhost 0
FLASER 0  -11.514286999999916 12.071213999999951 0.0 -11.514286999999916 12.071213999999951 0.0 1975.490256 localhost 0
FLASER 0  -11.614286999999916 12.051213999999952 0.0 -11.614286999999916 12.051213999999952 0.0 1975.710265 localhost 0
FLASER 0  -11.634286999999915 12.051213999999952 0.0 -11.634286999999915 12.051213999999952 0.0 1975.920828 localhost 0
FLASER 0  -11.634286999999915 12.051213999999952 0.0 -11.634286999999915 12.051213999999952 0.0 1976.130257 localhost 0
FLASER 0  -11.634286999999915 12.071213999999951 0.0 -11.634286999999915 12.071213999999951 0.0 1976.3505 localhost 0
FLASER 0  -11.634286999999915 12.071213999999951 0.0 -11.634286999999915 12.071213999999951 0.0 1976.56069 localhost 0
FLASER 0  -11.634286999999915 12.051213999999952 0.0 -11.634286999999915 12.051213999999952 0.0 1976.770254 localhost 0
FLASER 0  -11.614286999999916 12.071213999999951 0.0 -11.614286999999916 12.071213999999951 0.0 1976.990209 localhost 0
FLASER 0  -11.634286999999915 12.051213999999952 0.0 -11.634286999999915 12.051213999999952 0.0 1977.20116 localhost 0
FLASER 0  -11.674286999999914 12.051213999999952 0.0 -11.674286999999914 12.051213999999952 0.0 1977.410299 localhost 0
FLASER 0  -11.774286999999914 12.031213999999952 0.0 -11.774286999999914 12.031213999999952 0.0 1977.630262 localhost 0
FLASER 0  -11.894286999999913 12.011213999999953 0.0 -11.894286999999913 12.011213999999953 0.0 1977.840548 localhost 0
FLASER 0  -11.994286999999913 12.011213999999953 0.0 -11.994286999999913 12.011213999999953 0.0 1978.050307 localhost 0
FLASER 0  -11.994286999999913 12.011213999999953 0.0 -11.994286999999913 12.011213999999953 0.0 1978.27101 localhost 0
FLASER 0  -11.994286999999913 12.011213999999953 0.0 -11.994286999999913 12.011213999999953 0.0 1978.480262 localhost 0
FLASER 0  -11.994286999999913 12.011213999999953 0.0 -11.994286999999913 12.011213999999953 0.0 1978.690795 localhost 0
FLASER 0  -12.014286999999912 12.011213999999953 0.0 -12.014286999999912 12.011213999999953 0.0 1978.910587 localhost 0
FLASER 0  -12.014286999999912 12.011213999999953 0.0 -12.014286999999912 12.011213999999953 0.0 1979.120264 localhost 0
FLASER 0  -11.994286999999913 11.991213999999953 0.0 -11.994286999999913 11.991213999999953 0.0 1979.340215 localhost 0
FLASER 0  -11.974286999999913 11.991213999999953 0.0 -11.974286999999913 11.991213999999953 0.0 1979.550637 localhost 0
FLASER 0  -11.994286999999913 12.011213999999953 0.0 -11.994286999999913 12.011213999999953 0.0 1979.760256 localhost 0
FLASER 0  -11.994286999999913 11.991213999999953 0.0 -11.994286999999913 11.991213999999953 0.0 1979.980245 localhost 0
FLASER 0  -11.954286999999914 12.011213999999953 0.0 -11.954286999999914 12.011213999999953 0.0 1980.1905 localhost 0
FLASER 0  -11.974286999999913 11.951213999999952 0.0 -11.974286999999913 11.951213999999952 0.0 1980.40058 localhost 0
FLASER 0  -11.974286999999913 11.931213999999953 0.0 -11.974286999999913 11.931213999999953 0.0 1980.620237 localhost 0
FLASER 0  -11.954286999999914 11.971213999999952 0.0 -11.954286999999914 11.971213999999952 0.0 1980.830261 localhost 0
FLASER 0  -11.954286999999914 11.991213999999951 0.0 -11.954286999999914 11.991213999999951 0.0 1981.040635 localhost 0
FLASER 0  -11.954286999999914 11.991213999999951 0.0 -11.954286999999914 11.991213999999951 0.0 1981.26057 localhost 0
FLASER 0  -11.954286999999914 11.951213999999952 0.0 -11.954286999999914 11.951213999999952 0.0 1981.470248 localhost 0
FLASER 0  -11.954286999999914 11.971213999999952 0.0 -11.954286999999914 11.971213999999952 0.0 1981.680681 localhost 0
FLASER 0  -11.914286999999915 11.931213999999953 0.0 -11.914286999999915 11.931213999999953 0.0 1981.890465 localhost 0
FLASER 0  -11.854286999999914 11.831213999999953 0.0 -11.854286999999914 11.831213999999953 0.0 1982.110243 localhost 0
FLASER 0  -11.774286999999914 11.771213999999953 0.0 -11.774286999999914 11.771213999999953 0.0 1982.320432 localhost 0
FLASER 0  -11.674286999999914 11.711213999999952 0.0 -11.674286999999914 11.711213999999952 0.0 1982.530759 localhost 0
FLASER 0  -11.574286999999915 11.651213999999952 0.0 -11.574286999999915 11.651213999999952 0.0 1982.75038 localhost 0
FLASER 0  -11.494286999999915 11.631213999999952 0.0 -11.494286999999915 11.631213999999952 0.0 1982.960236 localhost 0
FLASER 0  -11.374286999999915 11.591213999999953 0.0 -11.374286999999915 11.591213999999953 0.0 1983.180199 localhost 0
FLASER 0  -11.274286999999916 11.571213999999953 0.0 -11.274286999999916 11.571213999999953 0.0 1983.39105 localhost 0
FLASER 0  -11.154286999999917 11.551213999999954 0.0 -11.154286999999917 11.551213999999954 0.0 1983.600243 localhost 0
FLASER 0  -11.094286999999916 11.551213999999954 0.0 -11.094286999999916 11.551213999999954 0.0 1983.820221 localhost 0
FLASER 0  -11.014286999999916 11.511213999999955 0.0 -11.014286999999916 11.511213999999955 0.0 1984.030288 localhost 0
FLASER 0  -10.974286999999917 11.511213999999955 0.0 -10.974286999999917 11.511213999999955 0.0 1984.240311 localhost 0
FLASER 0  -10.914286999999916 11.491213999999955 0.0 -10.914286999999916 11.491213999999955 0.0 1984.450293 localhost 0
FLASER 0  -10.834286999999916 11.451213999999956 0.0 -10.834286999999916 11.451213999999956 0.0 1984.670938 localhost 0
FLASER 0  -10.794286999999917 11.411213999999957 0.0 -10.794286999999917 11.411213999999957 0.0 1984.880229 localhost 0
FLASER 0  -10.734286999999917 11.351213999999956 0.0 -10.734286999999917 11.351213999999956 0.0 1985.090666 localhost 0
FLASER 0  -10.654286999999917 11.271213999999956 0.0 -10.654286999999917 11.271213999999956 0.0 1985.310601 localhost 0
FLASER 0  -10.594286999999916 11.191213999999956 0.0 -10.594286999999916 11.191213999999956 0.0 1985.520296 localhost 0
FLASER 0  -10.554286999999917 11.091213999999956 0.0 -10.554286999999917 11.091213999999956 0.0 1985.730723 localhost 0
FLASER 0  -10.514286999999918 10.991213999999957 0.0 -10.514286999999918 10.991213999999957 0.0 1985.950307 localhost 0
FLASER 0  -10.494286999999918 10.871213999999958 0.0 -10.494286999999918 10.871213999999958 0.0 1986.160274 localhost 0
FLASER 0  -10.494286999999918 10.771213999999958 0.0 -10.494286999999918 10.771213999999958 0.0 1986.380164 localhost 0
FLASER 0  -10.514286999999918 10.671213999999958 0.0 -10.514286999999918 10.671213999999958 0.0 1986.590613 localhost 0
FLASER 0  -10.474286999999919 10.551213999999959 0.0 -10.474286999999919 10.551213999999959 0.0 1986.800314 localhost 0
FLASER 0  -10.454286999999919 10.43121399999996 0.0 -10.454286999999919 10.43121399999996 0.0 1987.010305 localhost 0
FLASER 0  -10.454286999999919 10.33121399999996 0.0 -10.454286999999919 10.33121399999996 0.0 1987.230607 localhost 0
FLASER 0  -10.454286999999919 10.211213999999961 0.0 -10.454286999999919 10.211213999999961 0.0 1987.450584 localhost 0
FLASER 0  -10.454286999999919 10.13121399999996 0.0 -10.454286999999919 10.13121399999996 0.0 1987.660179 localhost 0
FLASER 0  -10.43428699999992 10.011213999999962 0.0 -10.43428699999992 10.011213999999962 0.0 1987.870288 localhost 0
FLASER 0  -10.43428699999992 9.911213999999962 0.0 -10.43428699999992 9.911213999999962 0.0 1988.080346 localhost 0
FLASER 0  -10.39428699999992 9.811213999999962 0.0 -10.39428699999992 9.811213999999962 0.0 1988.300222 localhost 0
FLASER 0  -10.354286999999921 9.711213999999963 0.0 -10.354286999999921 9.711213999999963 0.0 1988.510646 localhost 0
FLASER 0  -10.314286999999922 9.611213999999963 0.0 -10.314286999999922 9.611213999999963 0.0 1988.720318 localhost 0
FLASER 0  -10.254286999999922 9.531213999999963 0.0 -10.254286999999922 9.531213999999963 0.0 1988.940259 localhost 0
FLASER 0  -10.174286999999921 9.471213999999962 0.0 -10.174286999999921 9.471213999999962 0.0 1989.150635 localhost 0
FLASER 0  -10.074286999999922 9.391213999999962 0.0 -10.074286999999922 9.391213999999962 0.0 1989.370624 localhost 0
FLASER 0  -9.974286999999922 9.331213999999962 0.0 -9.974286999999922 9.331213999999962 0.0 1989.58018 localhost 0
FLASER 0  -9.854286999999923 9.291213999999963 0.0 -9.854286999999923 9.291213999999963 0.0 1989.79064 localhost 0
FLASER 0  -9.734286999999924 9.271213999999963 0.0 -9.734286999999924 9.271213999999963 0.0 1990.010563 localhost 0
FLASER 0  -9.634286999999924 9.251213999999964 0.0 -9.634286999999924 9.251213999999964 0.0 1990.220054 localhost 0
FLASER 0  -9.534286999999924 9.271213999999963 0.0 -9.534286999999924 9.271213999999963 0.0 1990.430282 localhost 0
FLASER 0  -9.414286999999925 9.291213999999963 0.0 -9.414286999999925 9.291213999999963 0.0 1990.650264 localhost 0
FLASER 0  -9.334286999999925 9.311213999999962 0.0 -9.334286999999925 9.311213999999962 0.0 1990.860556 localhost 0
FLASER 0  -9.254286999999925 9.351213999999962 0.0 -9.254286999999925 9.351213999999962 0.0 1991.070321 localhost 0
FLASER 0  -9.094286999999925 9.371213999999961 0.0 -9.094286999999925 9.371213999999961 0.0 1991.290185 localhost 0
FLASER 0  -8.994286999999925 9.39121399999996 0.0 -8.994286999999925 9.39121399999996 0.0 1991.500601 localhost 0
FLASER 0  -8.934286999999925 9.371213999999961 0.0 -8.934286999999925 9.371213999999961 0.0 1991.710266 localhost 0
FLASER 0  -8.814286999999926 9.351213999999962 0.0 -8.814286999999926 9.351213999999962 0.0 1991.920193 localhost 0
FLASER 0  -8.734286999999926 9.291213999999961 0.0 -8.734286999999926 9.291213999999961 0.0 1992.140578 localhost 0
FLASER 0  -8.594286999999927 9.271213999999961 0.0 -8.594286999999927 9.271213999999961 0.0 1992.350255 localhost 0
FLASER 0  -8.534286999999926 9.191213999999961 0.0 -8.534286999999926 9.191213999999961 0.0 1992.560582 localhost 0
FLASER 0  -8.454286999999926 9.13121399999996 0.0 -8.454286999999926 9.13121399999996 0.0 1992.780517 localhost 0
FLASER 0  -8.374286999999926 9.05121399999996 0.0 -8.374286999999926 9.05121399999996 0.0 1992.990084 localhost 0
FLASER 0  -8.294286999999926 8.97121399999996 0.0 -8.294286999999926 8.97121399999996 0.0 1993.210475 localhost 0
FLASER 0  -8.214286999999926 8.871213999999961 0.0 -8.214286999999926 8.871213999999961 0.0 1993.42058 localhost 0
FLASER 0  -8.114286999999926 8.81121399999996 0.0 -8.114286999999926 8.81121399999996 0.0 1993.630297 localhost 0
FLASER 0  -8.034286999999926 8.73121399999996 0.0 -8.034286999999926 8.73121399999996 0.0 1993.84078 localhost 0
FLASER 0  -7.974286999999927 8.691213999999961 0.0 -7.974286999999927 8.691213999999961 0.0 1994.060566 localhost 0
FLASER 0  -7.874286999999927 8.63121399999996 0.0 -7.874286999999927 8.63121399999996 0.0 1994.270247 localhost 0
FLASER 0  -7.774286999999927 8.57121399999996 0.0 -7.774286999999927 8.57121399999996 0.0 1994.490194 localhost 0
FLASER 0  -7.634286999999928 8.51121399999996 0.0 -7.634286999999928 8.51121399999996 0.0 1994.700272 localhost 0
FLASER 0  -7.594286999999928 8.47121399999996 0.0 -7.594286999999928 8.47121399999996 0.0 1994.910247 localhost 0
FLASER 0  -7.5142869999999276 8.431213999999962 0.0 -7.5142869999999276 8.431213999999962 0.0 1995.120728 localhost 0
FLASER 0  -7.394286999999928 8.371213999999961 0.0 -7.394286999999928 8.371213999999961 0.0 1995.340187 localhost 0
FLASER 0  -7.314286999999928 8.331213999999962 0.0 -7.314286999999928 8.331213999999962 0.0 1995.560582 localhost 0
FLASER 0  -7.194286999999929 8.311213999999962 0.0 -7.194286999999929 8.311213999999962 0.0 1995.770174 localhost 0
FLASER 0  -7.07428699999993 8.291213999999963 0.0 -7.07428699999993 8.291213999999963 0.0 1995.980553 localhost 0
FLASER 0  -6.954286999999931 8.271213999999963 0.0 -6.954286999999931 8.271213999999963 0.0 1996.190251 localhost 0
FLASER 0  -6.8742869999999305 8.271213999999963 0.0 -6.8742869999999305 8.271213999999963 0.0 1996.410197 localhost 0
FLASER 0  -6.774286999999931 8.251213999999964 0.0 -6.774286999999931 8.251213999999964 0.0 1996.620585 localhost 0
FLASER 0  -6.634286999999931 8.231213999999964 0.0 -6.634286999999931 8.231213999999964 0.0 1996.830255 localhost 0
FLASER 0  -6.554286999999931 8.231213999999964 0.0 -6.554286999999931 8.231213999999964 0.0 1997.040968 localhost 0
FLASER 0  -6.434286999999932 8.211213999999964 0.0 -6.434286999999932 8.211213999999964 0.0 1997.260894 localhost 0
FLASER 0  -6.314286999999933 8.191213999999965 0.0 -6.314286999999933 8.191213999999965 0.0 1997.47026 localhost 0
FLASER 0  -6.1942869999999335 8.191213999999965 0.0 -6.1942869999999335 8.191213999999965 0.0 1997.6902 localhost 0
FLASER 0  -6.114286999999933 8.191213999999965 0.0 -6.114286999999933 8.191213999999965 0.0 1997.900581 localhost 0
FLASER 0  -5.994286999999934 8.151213999999966 0.0 -5.994286999999934 8.151213999999966 0.0 1998.110357 localhost 0
FLASER 0  -5.914286999999934 8.151213999999966 0.0 -5.914286999999934 8.151213999999966 0.0 1998.320301 localhost 0
FLASER 0  -5.7742869999999344 8.131213999999966 0.0 -5.7742869999999344 8.131213999999966 0.0 1998.540589 localhost 0
FLASER 0  -5.694286999999934 8.131213999999966 0.0 -5.694286999999934 8.131213999999966 0.0 1998.750358 localhost 0
FLASER 0  -5.574286999999934 8.111213999999967 0.0 -5.574286999999934 8.111213999999967 0.0 1998.970253 localhost 0
FLASER 0  -5.454286999999935 8.131213999999966 0.0 -5.454286999999935 8.131213999999966 0.0 1999.180603 localhost 0
FLASER 0  -5.334286999999936 8.131213999999966 0.0 -5.334286999999936 8.131213999999966 0.0 1999.390263 localhost 0
FLASER 0  -5.234286999999936 8.131213999999966 0.0 -5.234286999999936 8.131213999999966 0.0 1999.610215 localhost 0
FLASER 0  -5.1342869999999365 8.151213999999966 0.0 -5.1342869999999365 8.151213999999966 0.0 1999.820633 localhost 0
FLASER 0  -5.034286999999937 8.171213999999965 0.0 -5.034286999999937 8.171213999999965 0.0 2000.030259 localhost 0
FLASER 0  -4.934286999999937 8.151213999999966 0.0 -4.934286999999937 8.151213999999966 0.0 2000.25024 localhost 0
FLASER 0  -4.814286999999937 8.171213999999965 0.0 -4.814286999999937 8.171213999999965 0.0 2000.460263 localhost 0
FLASER 0  -4.694286999999938 8.171213999999965 0.0 -4.694286999999938 8.171213999999965 0.0 2000.670272 localhost 0
FLASER 0  -4.594286999999938 8.171213999999965 0.0 -4.594286999999938 8.171213999999965 0.0 2000.890189 localhost 0
FLASER 0  -4.494286999999939 8.191213999999965 0.0 -4.494286999999939 8.191213999999965 0.0 2001.100632 localhost 0
FLASER 0  -4.374286999999939 8.211213999999964 0.0 -4.374286999999939 8.211213999999964 0.0 2001.310235 localhost 0
FLASER 0  -4.27428699999994 8.211213999999964 0.0 -4.27428699999994 8.211213999999964 0.0 2001.530111 localhost 0
FLASER 0  -4.17428699999994 8.231213999999964 0.0 -4.17428699999994 8.231213999999964 0.0 2001.740716 localhost 0
FLASER 0  -4.0742869999999405 8.251213999999964 0.0 -4.0742869999999405 8.251213999999964 0.0 2001.950643 localhost 0
FLASER 0  -3.9742869999999404 8.251213999999964 0.0 -3.9742869999999404 8.251213999999964 0.0 2002.17061 localhost 0
FLASER 0  -3.8542869999999403 8.271213999999963 0.0 -3.8542869999999403 8.271213999999963 0.0 2002.380222 localhost 0
FLASER 0  -3.75428699999994 8.271213999999963 0.0 -3.75428699999994 8.271213999999963 0.0 2002.600589 localhost 0
FLASER 0  -3.65428699999994 8.311213999999962 0.0 -3.65428699999994 8.311213999999962 0.0 2002.810754 localhost 0
FLASER 0  -3.53428699999994 8.331213999999962 0.0 -3.53428699999994 8.331213999999962 0.0 2003.020213 localhost 0
FLASER 0  -3.43428699999994 8.371213999999961 0.0 -3.43428699999994 8.371213999999961 0.0 2003.240175 localhost 0
FLASER 0  -3.33428699999994 8.41121399999996 0.0 -3.33428699999994 8.41121399999996 0.0 2003.450579 localhost 0
FLASER 0  -3.2542869999999398 8.45121399999996 0.0 -3.2542869999999398 8.45121399999996 0.0 2003.660267 localhost 0
FLASER 0  -3.1342869999999396 8.491213999999959 0.0 -3.1342869999999396 8.491213999999959 0.0 2003.87046 localhost 0
FLASER 0  -3.0342869999999396 8.511213999999958 0.0 -3.0342869999999396 8.511213999999958 0.0 2004.090466 localhost 0
FLASER 0  -2.9342869999999395 8.551213999999957 0.0 -2.9342869999999395 8.551213999999957 0.0 2004.30062 localhost 0
FLASER 0  -2.8342869999999394 8.611213999999958 0.0 -2.8342869999999394 8.611213999999958 0.0 2004.510771 localhost 0
FLASER 0  -2.7342869999999393 8.631213999999957 0.0 -2.7342869999999393 8.631213999999957 0.0 2004.730489 localhost 0
FLASER 0  -2.634286999999939 8.671213999999956 0.0 -2.634286999999939 8.671213999999956 0.0 2004.940366 localhost 0
FLASER 0  -2.534286999999939 8.691213999999956 0.0 -2.534286999999939 8.691213999999956 0.0 2005.160187 localhost 0
FLASER 0  -2.414286999999939 8.731213999999955 0.0 -2.414286999999939 8.731213999999955 0.0 2005.370519 localhost 0
FLASER 0  -2.314286999999939 8.771213999999954 0.0 -2.314286999999939 8.771213999999954 0.0 2005.580196 localhost 0
FLASER 0  -2.214286999999939 8.811213999999953 0.0 -2.214286999999939 8.811213999999953 0.0 2005.791025 localhost 0
FLASER 0  -2.0942869999999387 8.851213999999953 0.0 -2.0942869999999387 8.851213999999953 0.0 2006.011042 localhost 0
FLASER 0  -1.9942869999999386 8.891213999999952 0.0 -1.9942869999999386 8.891213999999952 0.0 2006.220224 localhost 0
FLASER 0  -1.9142869999999386 8.931213999999951 0.0 -1.9142869999999386 8.931213999999951 0.0 2006.440161 localhost 0
FLASER 0  -1.7942869999999385 8.95121399999995 0.0 -1.7942869999999385 8.95121399999995 0.0 2006.650997 localhost 0
FLASER 0  -1.7142869999999384 8.99121399999995 0.0 -1.7142869999999384 8.99121399999995 0.0 2006.860231 localhost 0
FLASER 0  -1.5942869999999383 9.01121399999995 0.0 -1.5942869999999383 9.01121399999995 0.0 2007.08016 localhost 0
FLASER 0  -1.5142869999999382 9.07121399999995 0.0 -1.5142869999999382 9.07121399999995 0.0 2007.290886 localhost 0
FLASER 0  -1.4142869999999381 9.13121399999995 0.0 -1.4142869999999381 9.13121399999995 0.0 2007.500098 localhost 0
FLASER 0  -1.334286999999938 9.19121399999995 0.0 -1.334286999999938 9.19121399999995 0.0 2007.710954 localhost 0
FLASER 0  -1.254286999999938 9.29121399999995 0.0 -1.254286999999938 9.29121399999995 0.0 2007.930759 localhost 0
FLASER 0  -1.154286999999938 9.33121399999995 0.0 -1.154286999999938 9.33121399999995 0.0 2008.14031 localhost 0
FLASER 0  -1.0942869999999378 9.43121399999995 0.0 -1.0942869999999378 9.43121399999995 0.0 2008.360236 localhost 0
FLASER 0  -0.9742869999999378 9.49121399999995 0.0 -0.9742869999999378 9.49121399999995 0.0 2008.57092 localhost 0
FLASER 0  -0.9542869999999378 9.55121399999995 0.0 -0.9542869999999378 9.55121399999995 0.0 2008.780334 localhost 0
FLASER 0  -0.9142869999999378 9.65121399999995 0.0 -0.9142869999999378 9.65121399999995 0.0 2009.000244 localhost 0
FLASER 0  -0.8742869999999379 9.75121399999995 0.0 -0.8742869999999379 9.75121399999995 0.0 2009.211142 localhost 0
FLASER 0  -0.8542869999999378 9.851213999999949 0.0 -0.8542869999999378 9.851213999999949 0.0 2009.430696 localhost 0
FLASER 0  -0.8342869999999378 9.951213999999949 0.0 -0.8342869999999378 9.951213999999949 0.0 2009.640185 localhost 0
FLASER 0  -0.7742869999999378 10.071213999999948 0.0 -0.7742869999999378 10.071213999999948 0.0 2009.851072 localhost 0
FLASER 0  -0.7942869999999378 10.171213999999948 0.0 -0.7942869999999378 10.171213999999948 0.0 2010.060215 localhost 0
FLASER 0  -0.7942869999999378 10.271213999999947 0.0 -0.7942869999999378 10.271213999999947 0.0 2010.280237 localhost 0
FLASER 0  -0.7942869999999378 10.391213999999946 0.0 -0.7942869999999378 10.391213999999946 0.0 2010.490827 localhost 0
FLASER 0  -0.8142869999999378 10.491213999999946 0.0 -0.8142869999999378 10.491213999999946 0.0 2010.700275 localhost 0
FLASER 0  -0.8342869999999378 10.631213999999945 0.0 -0.8342869999999378 10.631213999999945 0.0 2010.921167 localhost 0
FLASER 0  -0.8742869999999379 10.711213999999945 0.0 -0.8742869999999379 10.711213999999945 0.0 2011.13022 localhost 0
FLASER 0  -0.8742869999999379 10.731213999999945 0.0 -0.8742869999999379 10.731213999999945 0.0 2011.340629 localhost 0
FLASER 0  -0.8542869999999378 10.751213999999944 0.0 -0.8542869999999378 10.751213999999944 0.0 2011.560657 localhost 0
FLASER 0  -0.8542869999999378 10.751213999999944 0.0 -0.8542869999999378 10.751213999999944 0.0 2011.770263 localhost 0
FLASER 0  -0.8542869999999378 10.751213999999944 0.0 -0.8542869999999378 10.751213999999944 0.0 2011.981003 localhost 0
FLASER 0  -0.8742869999999379 10.771213999999944 0.0 -0.8742869999999379 10.771213999999944 0.0 2012.200745 localhost 0
FLASER 0  -0.8742869999999379 10.871213999999943 0.0 -0.8742869999999379 10.871213999999943 0.0 2012.410266 localhost 0
FLASER 0  -0.9142869999999379 10.991213999999943 0.0 -0.9142869999999379 10.991213999999943 0.0 2012.620969 localhost 0
FLASER 0  -0.9142869999999379 11.111213999999942 0.0 -0.9142869999999379 11.111213999999942 0.0 2012.840518 localhost 0
FLASER 0  -0.9342869999999379 11.191213999999942 0.0 -0.9342869999999379 11.191213999999942 0.0 2013.05026 localhost 0
FLASER 0  -0.9342869999999379 11.291213999999941 0.0 -0.9342869999999379 11.291213999999941 0.0 2013.270219 localhost 0
FLASER 0  -0.9342869999999379 11.391213999999941 0.0 -0.9342869999999379 11.391213999999941 0.0 2013.480508 localhost 0
FLASER 0  -0.9542869999999379 11.49121399999994 0.0 -0.9542869999999379 11.49121399999994 0.0 2013.690213 localhost 0
FLASER 0  -0.9342869999999379 11.63121399999994 0.0 -0.9342869999999379 11.63121399999994 0.0 2013.910282 localhost 0
FLASER 0  -0.934286999999938 11.73121399999994 0.0 -0.934286999999938 11.73121399999994 0.0 2014.120597 localhost 0
FLASER 0  -0.934286999999938 11.831213999999939 0.0 -0.934286999999938 11.831213999999939 0.0 2014.330468 localhost 0
FLASER 0  -0.914286999999938 11.931213999999938 0.0 -0.914286999999938 11.931213999999938 0.0 2014.54049 localhost 0
FLASER 0  -0.894286999999938 12.051213999999938 0.0 -0.894286999999938 12.051213999999938 0.0 2014.760549 localhost 0
FLASER 0  -0.874286999999938 12.151213999999937 0.0 -0.874286999999938 12.151213999999937 0.0 2014.970217 localhost 0
FLASER 0  -0.854286999999938 12.251213999999937 0.0 -0.854286999999938 12.251213999999937 0.0 2015.190169 localhost 0
FLASER 0  -0.8342869999999379 12.351213999999937 0.0 -0.8342869999999379 12.351213999999937 0.0 2015.40089 localhost 0
FLASER 0  -0.8342869999999379 12.451213999999936 0.0 -0.8342869999999379 12.451213999999936 0.0 2015.610225 localhost 0
FLASER 0  -0.8142869999999379 12.551213999999936 0.0 -0.8142869999999379 12.551213999999936 0.0 2015.82114 localhost 0
FLASER 0  -0.7942869999999379 12.671213999999935 0.0 -0.7942869999999379 12.671213999999935 0.0 2016.040834 localhost 0
FLASER 0  -0.7542869999999379 12.771213999999935 0.0 -0.7542869999999379 12.771213999999935 0.0 2016.250365 localhost 0
FLASER 0  -0.7342869999999379 12.911213999999934 0.0 -0.7342869999999379 12.911213999999934 0.0 2016.460596 localhost 0
FLASER 0  -0.7342869999999379 12.991213999999934 0.0 -0.7342869999999379 12.991213999999934 0.0 2016.680406 localhost 0
FLASER 0  -0.7142869999999378 13.111213999999933 0.0 -0.7142869999999378 13.111213999999933 0.0 2016.890238 localhost 0
FLASER 0  -0.6942869999999378 13.211213999999933 0.0 -0.6942869999999378 13.211213999999933 0.0 2017.100964 localhost 0
FLASER 0  -0.6942869999999378 13.331213999999932 0.0 -0.6942869999999378 13.331213999999932 0.0 2017.320541 localhost 0
FLASER 0  -0.6742869999999378 13.411213999999932 0.0 -0.6742869999999378 13.411213999999932 0.0 2017.5302 localhost 0
FLASER 0  -0.6542869999999378 13.531213999999931 0.0 -0.6542869999999378 13.531213999999931 0.0 2017.75018 localhost 0
FLASER 0  -0.6342869999999378 13.63121399999993 0.0 -0.6342869999999378 13.63121399999993 0.0 2017.960907 localhost 0
FLASER 0  -0.6342869999999378 13.73121399999993 0.0 -0.6342869999999378 13.73121399999993 0.0 2018.170034 localhost 0
FLASER 0  -0.6142869999999377 13.83121399999993 0.0 -0.6142869999999377 13.83121399999993 0.0 2018.390168 localhost 0
FLASER 0  -0.5742869999999377 13.971213999999929 0.0 -0.5742869999999377 13.971213999999929 0.0 2018.600499 localhost 0
FLASER 0  -0.5542869999999377 14.071213999999928 0.0 -0.5542869999999377 14.071213999999928 0.0 2018.810546 localhost 0
FLASER 0  -0.5342869999999377 14.171213999999928 0.0 -0.5342869999999377 14.171213999999928 0.0 2019.03078 localhost 0
FLASER 0  -0.4742869999999377 14.251213999999928 0.0 -0.4742869999999377 14.251213999999928 0.0 2019.240247 localhost 0
FLASER 0  -0.43428699999993764 14.351213999999928 0.0 -0.43428699999993764 14.351213999999928 0.0 2019.451546 localhost 0
FLASER 0  -0.43428699999993764 14.371213999999927 0.0 -0.43428699999993764 14.371213999999927 0.0 2019.670314 localhost 0
FLASER 0  -0.43428699999993764 14.371213999999927 0.0 -0.43428699999993764 14.371213999999927 0.0 2019.88008 localhost 0
FLASER 0  -0.4142869999999376 14.411213999999926 0.0 -0.4142869999999376 14.411213999999926 0.0 2020.090264 localhost 0
FLASER 0  -0.4142869999999376 14.391213999999927 0.0 -0.4142869999999376 14.391213999999927 0.0 2020.310246 localhost 0
FLASER 0  -0.4142869999999376 14.391213999999927 0.0 -0.4142869999999376 14.391213999999927 0.0 2020.520263 localhost 0
FLASER 0  -0.4142869999999376 14.391213999999927 0.0 -0.4142869999999376 14.391213999999927 0.0 2020.730626 localhost 0
FLASER 0  -0.4142869999999376 14.391213999999927 0.0 -0.4142869999999376 14.391213999999927 0.0 2020.950693 localhost 0
FLASER 0  -0.43428699999993764 14.391213999999927 0.0 -0.43428699999993764 14.391213999999927 0.0 2021.160242 localhost 0
FLASER 0  -0.4342869999999376 14.391213999999927 0.0 -0.4342869999999376 14.391213999999927 0.0 2021.370623 localhost 0
FLASER 0  -0.4342869999999376 14.351213999999928 0.0 -0.4342869999999376 14.351213999999928 0.0 2021.591507 localhost 0
FLASER 0  -0.4342869999999376 14.311213999999929 0.0 -0.4342869999999376 14.311213999999929 0.0 2021.800658 localhost 0
FLASER 0  -0.4342869999999376 14.311213999999929 0.0 -0.4342869999999376 14.311213999999929 0.0 2022.010677 localhost 0
FLASER 0  -0.4342869999999376 14.27121399999993 0.0 -0.4342869999999376 14.27121399999993 0.0 2022.231025 localhost 0
FLASER 0  -0.4342869999999376 14.311213999999929 0.0 -0.4342869999999376 14.311213999999929 0.0 2022.440245 localhost 0
FLASER 0  -0.4942869999999376 14.351213999999928 0.0 -0.4942869999999376 14.351213999999928 0.0 2022.660244 localhost 0
FLASER 0  -0.5342869999999376 14.451213999999927 0.0 -0.5342869999999376 14.451213999999927 0.0 2022.870598 localhost 0
FLASER 0  -0.6142869999999375 14.531213999999927 0.0 -0.6142869999999375 14.531213999999927 0.0 2023.080253 localhost 0
FLASER 0  -0.6742869999999375 14.631213999999927 0.0 -0.6742869999999375 14.631213999999927 0.0 2023.300277 localhost 0
FLASER 0  -0.7142869999999375 14.631213999999927 0.0 -0.7142869999999375 14.631213999999927 0.0 2023.510501 localhost 0
FLASER 0  -0.6942869999999375 14.631213999999927 0.0 -0.6942869999999375 14.631213999999927 0.0 2023.720213 localhost 0
FLASER 0  -0.6942869999999375 14.611213999999928 0.0 -0.6942869999999375 14.611213999999928 0.0 2023.930819 localhost 0
FLASER 0  -0.7342869999999375 14.651213999999927 0.0 -0.7342869999999375 14.651213999999927 0.0 2024.15057 localhost 0
FLASER 0  -0.7542869999999375 14.671213999999926 0.0 -0.7542869999999375 14.671213999999926 0.0 2024.36027 localhost 0
FLASER 0  -0.7742869999999376 14.671213999999926 0.0 -0.7742869999999376 14.671213999999926 0.0 2024.580682 localhost 0
FLASER 0  -0.7942869999999376 14.671213999999926 0.0 -0.7942869999999376 14.671213999999926 0.0 2024.790546 localhost 0
FLASER 0  -0.7942869999999376 14.671213999999926 0.0 -0.7942869999999376 14.671213999999926 0.0 2025.000596 localhost 0
FLASER 0  -0.8142869999999376 14.671213999999926 0.0 -0.8142869999999376 14.671213999999926 0.0 2025.211016 localhost 0
FLASER 0  -0.8542869999999376 14.651213999999927 0.0 -0.8542869999999376 14.651213999999927 0.0 2025.430487 localhost 0
FLASER 0  -0.9542869999999376 14.691213999999926 0.0 -0.9542869999999376 14.691213999999926 0.0 2025.640224 localhost 0
FLASER 0  -1.0742869999999376 14.691213999999926 0.0 -1.0742869999999376 14.691213999999926 0.0 2025.850646 localhost 0
FLASER 0  -1.1742869999999377 14.711213999999925 0.0 -1.1742869999999377 14.711213999999925 0.0 2026.070752 localhost 0
FLASER 0  -1.2742869999999378 14.711213999999925 0.0 -1.2742869999999378 14.711213999999925 0.0 2026.280569 localhost 0
FLASER 0  -1.3742869999999379 14.731213999999925 0.0 -1.3742869999999379 14.731213999999925 0.0 2026.500582 localhost 0
FLASER 0  -1.494286999999938 14.751213999999925 0.0 -1.494286999999938 14.751213999999925 0.0 2026.710257 localhost 0
FLASER 0  -1.594286999999938 14.751213999999925 0.0 -1.594286999999938 14.751213999999925 0.0 2026.920956 localhost 0
FLASER 0  -1.6942869999999381 14.751213999999925 0.0 -1.6942869999999381 14.751213999999925 0.0 2027.13072 localhost 0
FLASER 0  -1.7942869999999382 14.791213999999924 0.0 -1.7942869999999382 14.791213999999924 0.0 2027.350524 localhost 0
FLASER 0  -1.8742869999999383 14.811213999999923 0.0 -1.8742869999999383 14.811213999999923 0.0 2027.560737 localhost 0
FLASER 0  -1.8942869999999383 14.831213999999923 0.0 -1.8942869999999383 14.831213999999923 0.0 2027.770256 localhost 0
FLASER 0  -1.8942869999999383 14.811213999999923 0.0 -1.8942869999999383 14.811213999999923 0.0 2027.990243 localhost 0
FLASER 0  -1.8942869999999383 14.831213999999923 0.0 -1.8942869999999383 14.831213999999923 0.0 2028.201212 localhost 0
FLASER 0  -1.8942869999999383 14.811213999999923 0.0 -1.8942869999999383 14.811213999999923 0.0 2028.420246 localhost 0
FLASER 0  -1.8942869999999383 14.831213999999923 0.0 -1.8942869999999383 14.831213999999923 0.0 2028.630234 localhost 0
FLASER 0  -1.8942869999999383 14.811213999999923 0.0 -1.8942869999999383 14.811213999999923 0.0 2028.841026 localhost 0
FLASER 0  -1.8942869999999383 14.831213999999923 0.0 -1.8942869999999383 14.831213999999923 0.0 2029.061264 localhost 0
FLASER 0  -1.8942869999999383 14.831213999999923 0.0 -1.8942869999999383 14.831213999999923 0.0 2029.270218 localhost 0
FLASER 0  -1.8942869999999383 14.831213999999923 0.0 -1.8942869999999383 14.831213999999923 0.0 2029.480338 localhost 0
FLASER 0  -1.8942869999999383 14.831213999999923 0.0 -1.8942869999999383 14.831213999999923 0.0 2029.700618 localhost 0
FLASER 0  -1.8942869999999383 14.831213999999923 0.0 -1.8942869999999383 14.831213999999923 0.0 2029.91024 localhost 0
FLASER 0  -1.9142869999999383 14.851213999999922 0.0 -1.9142869999999383 14.851213999999922 0.0 2030.120241 localhost 0
FLASER 0  -1.9142869999999383 14.831213999999923 0.0 -1.9142869999999383 14.831213999999923 0.0 2030.340769 localhost 0
FLASER 0  -1.8942869999999383 14.811213999999923 0.0 -1.8942869999999383 14.811213999999923 0.0 2030.550255 localhost 0
FLASER 0  -1.8942869999999383 14.831213999999923 0.0 -1.8942869999999383 14.831213999999923 0.0 2030.770251 localhost 0
FLASER 0  -1.8942869999999383 14.811213999999923 0.0 -1.8942869999999383 14.811213999999923 0.0 2030.980502 localhost 0
FLASER 0  -1.8942869999999383 14.811213999999923 0.0 -1.8942869999999383 14.811213999999923 0.0 2031.190214 localhost 0
FLASER 0  -1.8942869999999383 14.811213999999923 0.0 -1.8942869999999383 14.811213999999923 0.0 2031.41027 localhost 0
FLASER 0  -1.8942869999999383 14.811213999999923 0.0 -1.8942869999999383 14.811213999999923 0.0 2031.621205 localhost 0
FLASER 0  -1.8942869999999383 14.831213999999923 0.0 -1.8942869999999383 14.831213999999923 0.0 2031.830242 localhost 0
FLASER 0  -1.8942869999999383 14.851213999999922 0.0 -1.8942869999999383 14.851213999999922 0.0 2032.04027 localhost 0
FLASER 0  -1.8942869999999383 14.811213999999923 0.0 -1.8942869999999383 14.811213999999923 0.0 2032.260431 localhost 0
FLASER 0  -1.9142869999999383 14.831213999999923 0.0 -1.9142869999999383 14.831213999999923 0.0 2032.470446 localhost 0
FLASER 0  -1.8942869999999383 14.811213999999923 0.0 -1.8942869999999383 14.811213999999923 0.0 2032.690057 localhost 0
FLASER 0  -1.9142869999999383 14.851213999999922 0.0 -1.9142869999999383 14.851213999999922 0.0 2032.90112 localhost 0
FLASER 0  -1.9142869999999383 14.851213999999922 0.0 -1.9142869999999383 14.851213999999922 0.0 2033.110274 localhost 0
FLASER 0  -1.9142869999999383 14.831213999999923 0.0 -1.9142869999999383 14.831213999999923 0.0 2033.320607 localhost 0
FLASER 0  -1.8942869999999383 14.811213999999923 0.0 -1.8942869999999383 14.811213999999923 0.0 2033.540717 localhost 0
FLASER 0  -1.9142869999999383 14.851213999999922 0.0 -1.9142869999999383 14.851213999999922 0.0 2033.750241 localhost 0
FLASER 0  -1.9142869999999383 14.831213999999923 0.0 -1.9142869999999383 14.831213999999923 0.0 2033.970262 localhost 0
FLASER 0  -1.9142869999999383 14.831213999999923 0.0 -1.9142869999999383 14.831213999999923 0.0 2034.180851 localhost 0
FLASER 0  -1.9142869999999383 14.831213999999923 0.0 -1.9142869999999383 14.831213999999923 0.0 2034.390258 localhost 0
FLASER 0  -1.9342869999999384 14.851213999999922 0.0 -1.9342869999999384 14.851213999999922 0.0 2034.601093 localhost 0
FLASER 0  -1.9342869999999384 14.851213999999922 0.0 -1.9342869999999384 14.851213999999922 0.0 2034.820279 localhost 0
FLASER 0  -1.9542869999999384 14.831213999999923 0.0 -1.9542869999999384 14.831213999999923 0.0 2035.030257 localhost 0
FLASER 0  -1.9542869999999384 14.831213999999923 0.0 -1.9542869999999384 14.831213999999923 0.0 2035.250326 localhost 0
FLASER 0  -1.9342869999999384 14.811213999999923 0.0 -1.9342869999999384 14.811213999999923 0.0 2035.460722 localhost 0
FLASER 0  -1.9742869999999384 14.791213999999924 0.0 -1.9742869999999384 14.791213999999924 0.0 2035.671419 localhost 0
FLASER 0  -1.9742869999999384 14.791213999999924 0.0 -1.9742869999999384 14.791213999999924 0.0 2035.880594 localhost 0
FLASER 0  -1.9542869999999384 14.791213999999924 0.0 -1.9542869999999384 14.791213999999924 0.0 2036.10062 localhost 0
FLASER 0  -1.9542869999999384 14.791213999999924 0.0 -1.9542869999999384 14.791213999999924 0.0 2036.310588 localhost 0
FLASER 0  -1.9542869999999384 14.771213999999924 0.0 -1.9542869999999384 14.771213999999924 0.0 2036.52058 localhost 0
FLASER 0  -1.9542869999999384 14.791213999999924 0.0 -1.9542869999999384 14.791213999999924 0.0 2036.740938 localhost 0
FLASER 0  -1.9742869999999384 14.771213999999924 0.0 -1.9742869999999384 14.771213999999924 0.0 2036.950068 localhost 0
FLASER 0  -1.9742869999999384 14.771213999999924 0.0 -1.9742869999999384 14.771213999999924 0.0 2037.160235 localhost 0
FLASER 0  -1.9542869999999384 14.791213999999924 0.0 -1.9542869999999384 14.791213999999924 0.0 2037.380186 localhost 0
FLASER 0  -1.9742869999999384 14.791213999999924 0.0 -1.9742869999999384 14.791213999999924 0.0 2037.590921 localhost 0
FLASER 0  -1.9742869999999384 14.771213999999924 0.0 -1.9742869999999384 14.771213999999924 0.0 2037.810657 localhost 0
FLASER 0  -1.9742869999999384 14.791213999999924 0.0 -1.9742869999999384 14.791213999999924 0.0 2038.020231 localhost 0
FLASER 0  -1.9742869999999384 14.751213999999925 0.0 -1.9742869999999384 14.751213999999925 0.0 2038.230307 localhost 0
FLASER 0  -1.9742869999999384 14.671213999999924 0.0 -1.9742869999999384 14.671213999999924 0.0 2038.450591 localhost 0
FLASER 0  -1.9742869999999384 14.571213999999925 0.0 -1.9742869999999384 14.571213999999925 0.0 2038.660697 localhost 0
FLASER 0  -1.9742869999999384 14.451213999999926 0.0 -1.9742869999999384 14.451213999999926 0.0 2038.870224 localhost 0
FLASER 0  -1.9542869999999384 14.351213999999926 0.0 -1.9542869999999384 14.351213999999926 0.0 2039.090559 localhost 0
FLASER 0  -1.9542869999999384 14.351213999999926 0.0 -1.9542869999999384 14.351213999999926 0.0 2039.300227 localhost 0
FLASER 0  -1.9542869999999384 14.351213999999926 0.0 -1.9542869999999384 14.351213999999926 0.0 2039.510584 localhost 0
FLASER 0  -1.9542869999999384 14.351213999999926 0.0 -1.9542869999999384 14.351213999999926 0.0 2039.730292 localhost 0
FLASER 0  -1.9542869999999384 14.351213999999926 0.0 -1.9542869999999384 14.351213999999926 0.0 2039.9402 localhost 0
FLASER 0  -1.9542869999999384 14.351213999999926 0.0 -1.9542869999999384 14.351213999999926 0.0 2040.150601 localhost 0
FLASER 0  -1.9542869999999384 14.331213999999926 0.0 -1.9542869999999384 14.331213999999926 0.0 2040.370244 localhost 0
FLASER 0  -1.9342869999999384 14.251213999999926 0.0 -1.9342869999999384 14.251213999999926 0.0 2040.580183 localhost 0
FLASER 0  -1.9342869999999384 14.151213999999927 0.0 -1.9342869999999384 14.151213999999927 0.0 2040.790229 localhost 0
FLASER 0  -1.9142869999999383 14.031213999999927 0.0 -1.9142869999999383 14.031213999999927 0.0 2041.01055 localhost 0
FLASER 0  -1.8942869999999383 13.931213999999928 0.0 -1.8942869999999383 13.931213999999928 0.0 2041.220165 localhost 0
FLASER 0  -1.8742869999999383 13.831213999999928 0.0 -1.8742869999999383 13.831213999999928 0.0 2041.440198 localhost 0
FLASER 0  -1.8342869999999383 13.731213999999929 0.0 -1.8342869999999383 13.731213999999929 0.0 2041.651062 localhost 0
FLASER 0  -1.7542869999999382 13.631213999999929 0.0 -1.7542869999999382 13.631213999999929 0.0 2041.860265 localhost 0
FLASER 0  -1.6942869999999381 13.551213999999929 0.0 -1.6942869999999381 13.551213999999929 0.0 2042.070343 localhost 0
FLASER 0  -1.6742869999999381 13.53121399999993 0.0 -1.6742869999999381 13.53121399999993 0.0 2042.291326 localhost 0
FLASER 0  -1.6742869999999381 13.551213999999929 0.0 -1.6742869999999381 13.551213999999929 0.0 2042.500766 localhost 0
FLASER 0  -1.6742869999999381 13.551213999999929 0.0 -1.6742869999999381 13.551213999999929 0.0 2042.71013 localhost 0
FLASER 0  -1.6942869999999381 13.53121399999993 0.0 -1.6942869999999381 13.53121399999993 0.0 2042.930472 localhost 0
FLASER 0  -1.6942869999999381 13.53121399999993 0.0 -1.6942869999999381 13.53121399999993 0.0 2043.140586 localhost 0
FLASER 0  -1.6942869999999381 13.53121399999993 0.0 -1.6942869999999381 13.53121399999993 0.0 2043.350221 localhost 0
FLASER 0  -1.6942869999999381 13.53121399999993 0.0 -1.6942869999999381 13.53121399999993 0.0 2043.570382 localhost 0
FLASER 0  -1.6942869999999381 13.53121399999993 0.0 -1.6942869999999381 13.53121399999993 0.0 2043.780272 localhost 0
FLASER 0  -1.6942869999999381 13.53121399999993 0.0 -1.6942869999999381 13.53121399999993 0.0 2044.000986 localhost 0
FLASER 0  -1.6542869999999381 13.53121399999993 0.0 -1.6542869999999381 13.53121399999993 0.0 2044.210326 localhost 0
FLASER 0  -1.614286999999938 13.471213999999929 0.0 -1.614286999999938 13.471213999999929 0.0 2044.420626 localhost 0
FLASER 0  -1.534286999999938 13.371213999999929 0.0 -1.534286999999938 13.371213999999929 0.0 2044.630237 localhost 0
FLASER 0  -1.474286999999938 13.311213999999929 0.0 -1.474286999999938 13.311213999999929 0.0 2044.850271 localhost 0
FLASER 0  -1.434286999999938 13.19121399999993 0.0 -1.434286999999938 13.19121399999993 0.0 2045.060262 localhost 0
FLASER 0  -1.3742869999999379 13.11121399999993 0.0 -1.3742869999999379 13.11121399999993 0.0 2045.270256 localhost 0
FLASER 0  -1.3542869999999378 13.01121399999993 0.0 -1.3542869999999378 13.01121399999993 0.0 2045.490348 localhost 0
FLASER 0  -1.3542869999999378 12.91121399999993 0.0 -1.3542869999999378 12.91121399999993 0.0 2045.700685 localhost 0
FLASER 0  -1.3542869999999378 12.79121399999993 0.0 -1.3542869999999378 12.79121399999993 0.0 2045.910528 localhost 0
FLASER 0  -1.3342869999999378 12.771213999999931 0.0 -1.3342869999999378 12.771213999999931 0.0 2046.130341 localhost 0
FLASER 0  -1.3542869999999378 12.71121399999993 0.0 -1.3542869999999378 12.71121399999993 0.0 2046.340876 localhost 0
FLASER 0  -1.3342869999999378 12.611213999999931 0.0 -1.3342869999999378 12.611213999999931 0.0 2046.560468 localhost 0
FLASER 0  -1.3142869999999378 12.511213999999931 0.0 -1.3142869999999378 12.511213999999931 0.0 2046.770364 localhost 0
FLASER 0  -1.2742869999999378 12.411213999999932 0.0 -1.2742869999999378 12.411213999999932 0.0 2046.980592 localhost 0
FLASER 0  -1.2542869999999378 12.331213999999932 0.0 -1.2542869999999378 12.331213999999932 0.0 2047.190502 localhost 0
FLASER 0  -1.2142869999999377 12.231213999999932 0.0 -1.2142869999999377 12.231213999999932 0.0 2047.410734 localhost 0
FLASER 0  -1.1942869999999377 12.131213999999932 0.0 -1.1942869999999377 12.131213999999932 0.0 2047.620185 localhost 0
FLASER 0  -1.1742869999999377 12.011213999999933 0.0 -1.1742869999999377 12.011213999999933 0.0 2047.830442 localhost 0
FLASER 0  -1.1542869999999377 11.911213999999934 0.0 -1.1542869999999377 11.911213999999934 0.0 2048.050584 localhost 0
FLASER 0  -1.1142869999999376 11.811213999999934 0.0 -1.1142869999999376 11.811213999999934 0.0 2048.260413 localhost 0
FLASER 0  -1.0542869999999376 11.691213999999935 0.0 -1.0542869999999376 11.691213999999935 0.0 2048.480183 localhost 0
FLASER 0  -1.0542869999999376 11.591213999999935 0.0 -1.0542869999999376 11.591213999999935 0.0 2048.690605 localhost 0
FLASER 0  -1.0742869999999376 11.471213999999936 0.0 -1.0742869999999376 11.471213999999936 0.0 2048.900612 localhost 0
FLASER 0  -1.0542869999999376 11.391213999999936 0.0 -1.0542869999999376 11.391213999999936 0.0 2049.110723 localhost 0
FLASER 0  -1.0342869999999376 11.251213999999937 0.0 -1.0342869999999376 11.251213999999937 0.0 2049.330395 localhost 0
FLASER 0  -1.0342869999999376 11.171213999999937 0.0 -1.0342869999999376 11.171213999999937 0.0 2049.540184 localhost 0
FLASER 0  -1.0142869999999375 11.031213999999938 0.0 -1.0142869999999375 11.031213999999938 0.0 2049.760042 localhost 0
FLASER 0  -1.0142869999999375 10.931213999999938 0.0 -1.0142869999999375 10.931213999999938 0.0 2049.970773 localhost 0
FLASER 0  -0.9742869999999375 10.831213999999939 0.0 -0.9742869999999375 10.831213999999939 0.0 2050.180209 localhost 0
FLASER 0  -0.9542869999999375 10.71121399999994 0.0 -0.9542869999999375 10.71121399999994 0.0 2050.400621 localhost 0
FLASER 0  -0.9342869999999375 10.63121399999994 0.0 -0.9342869999999375 10.63121399999994 0.0 2050.610597 localhost 0
FLASER 0  -0.8942869999999374 10.53121399999994 0.0 -0.8942869999999374 10.53121399999994 0.0 2050.820184 localhost 0
FLASER 0  -0.8542869999999374 10.43121399999994 0.0 -0.8542869999999374 10.43121399999994 0.0 2051.04019 localhost 0
FLASER 0  -0.8142869999999374 10.311213999999941 0.0 -0.8142869999999374 10.311213999999941 0.0 2051.250591 localhost 0
FLASER 0  -0.7942869999999373 10.211213999999941 0.0 -0.7942869999999373 10.211213999999941 0.0 2051.460263 localhost 0
FLASER 0  -0.7542869999999373 10.111213999999942 0.0 -0.7542869999999373 10.111213999999942 0.0 2051.680548 localhost 0
FLASER 0  -0.7142869999999373 10.011213999999942 0.0 -0.7142869999999373 10.011213999999942 0.0 2051.890294 localhost 0
FLASER 0  -0.6742869999999372 9.911213999999942 0.0 -0.6742869999999372 9.911213999999942 0.0 2052.100273 localhost 0
FLASER 0  -0.6342869999999372 9.811213999999943 0.0 -0.6342869999999372 9.811213999999943 0.0 2052.320246 localhost 0
FLASER 0  -0.5942869999999372 9.711213999999943 0.0 -0.5942869999999372 9.711213999999943 0.0 2052.530675 localhost 0
FLASER 0  -0.5542869999999371 9.611213999999944 0.0 -0.5542869999999371 9.611213999999944 0.0 2052.740257 localhost 0
FLASER 0  -0.5142869999999371 9.511213999999944 0.0 -0.5142869999999371 9.511213999999944 0.0 2052.960317 localhost 0
FLASER 0  -0.4742869999999371 9.411213999999944 0.0 -0.4742869999999371 9.411213999999944 0.0 2053.170855 localhost 0
FLASER 0  -0.43428699999993714 9.311213999999945 0.0 -0.43428699999993714 9.311213999999945 0.0 2053.380226 localhost 0
FLASER 0  -0.39428699999993716 9.211213999999945 0.0 -0.39428699999993716 9.211213999999945 0.0 2053.600644 localhost 0
FLASER 0  -0.3542869999999372 9.131213999999945 0.0 -0.3542869999999372 9.131213999999945 0.0 2053.810677 localhost 0
FLASER 0  -0.2742869999999372 9.031213999999945 0.0 -0.2742869999999372 9.031213999999945 0.0 2054.020256 localhost 0
FLASER 0  -0.1942869999999372 8.951213999999945 0.0 -0.1942869999999372 8.951213999999945 0.0 2054.24025 localhost 0
FLASER 0  -0.1142869999999372 8.891213999999945 0.0 -0.1142869999999372 8.891213999999945 0.0 2054.450621 localhost 0
FLASER 0  0.005713000000062803 8.831213999999944 0.0 0.005713000000062803 8.831213999999944 0.0 2054.660254 localhost 0
FLASER 0  0.0657130000000628 8.771213999999944 0.0 0.0657130000000628 8.771213999999944 0.0 2054.880258 localhost 0
FLASER 0  0.14571300000006282 8.731213999999945 0.0 0.14571300000006282 8.731213999999945 0.0 2055.090551 localhost 0
FLASER 0  0.24571300000006283 8.671213999999944 0.0 0.24571300000006283 8.671213999999944 0.0 2055.310617 localhost 0
FLASER 0  0.34571300000006283 8.591213999999944 0.0 0.34571300000006283 8.591213999999944 0.0 2055.520266 localhost 0
FLASER 0  0.4057130000000629 8.531213999999943 0.0 0.4057130000000629 8.531213999999943 0.0 2055.730394 localhost 0
FLASER 0  0.5057130000000629 8.471213999999943 0.0 0.5057130000000629 8.471213999999943 0.0 2055.950609 localhost 0
FLASER 0  0.6057130000000629 8.431213999999944 0.0 0.6057130000000629 8.431213999999944 0.0 2056.160269 localhost 0
FLASER 0  0.6857130000000629 8.411213999999944 0.0 0.6857130000000629 8.411213999999944 0.0 2056.370707 localhost 0
FLASER 0  0.9457130000000629 8.331213999999944 0.0 0.9457130000000629 8.331213999999944 0.0 2056.590626 localhost 0
FLASER 0  1.0657130000000627 8.331213999999944 0.0 1.0657130000000627 8.331213999999944 0.0 2057.010339 localhost 0
FLASER 0  1.1657130000000628 8.291213999999945 0.0 1.1657130000000628 8.291213999999945 0.0 2057.230216 localhost 0
FLASER 0  1.265713000000063 8.251213999999946 0.0 1.265713000000063 8.251213999999946 0.0 2057.441109 localhost 0
FLASER 0  1.365713000000063 8.211213999999947 0.0 1.365713000000063 8.211213999999947 0.0 2057.650221 localhost 0
FLASER 0  1.465713000000063 8.151213999999946 0.0 1.465713000000063 8.151213999999946 0.0 2057.870257 localhost 0
FLASER 0  1.5257130000000632 8.091213999999946 0.0 1.5257130000000632 8.091213999999946 0.0 2058.080809 localhost 0
FLASER 0  1.6257130000000632 8.031213999999945 0.0 1.6257130000000632 8.031213999999945 0.0 2058.290302 localhost 0
FLASER 0  1.7057130000000633 7.951213999999945 0.0 1.7057130000000633 7.951213999999945 0.0 2058.500834 localhost 0
FLASER 0  1.7657130000000634 7.8512139999999455 0.0 1.7657130000000634 7.8512139999999455 0.0 2058.720696 localhost 0
FLASER 0  1.8257130000000634 7.771213999999945 0.0 1.8257130000000634 7.771213999999945 0.0 2058.930197 localhost 0
FLASER 0  1.9257130000000635 7.711213999999946 0.0 1.9257130000000635 7.711213999999946 0.0 2059.150175 localhost 0
FLASER 0  1.9657130000000635 7.611213999999946 0.0 1.9657130000000635 7.611213999999946 0.0 2059.360937 localhost 0
FLASER 0  2.0257130000000636 7.5112139999999465 0.0 2.0257130000000636 7.5112139999999465 0.0 2059.5702 localhost 0
FLASER 0  2.0057130000000636 7.411213999999947 0.0 2.0057130000000636 7.411213999999947 0.0 2059.781243 localhost 0
FLASER 0  2.0457130000000636 7.311213999999947 0.0 2.0457130000000636 7.311213999999947 0.0 2060.000279 localhost 0
FLASER 0  2.0857130000000637 7.211213999999948 0.0 2.0857130000000637 7.211213999999948 0.0 2060.210199 localhost 0
FLASER 0  2.0857130000000637 7.091213999999948 0.0 2.0857130000000637 7.091213999999948 0.0 2060.430066 localhost 0
FLASER 0  2.1057130000000637 6.971213999999949 0.0 2.1057130000000637 6.971213999999949 0.0 2060.640923 localhost 0
FLASER 0  2.0857130000000637 6.8712139999999495 0.0 2.0857130000000637 6.8712139999999495 0.0 2060.850221 localhost 0
FLASER 0  2.0657130000000636 6.77121399999995 0.0 2.0657130000000636 6.77121399999995 0.0 2061.070231 localhost 0
FLASER 0  2.0457130000000636 6.651213999999951 0.0 2.0457130000000636 6.651213999999951 0.0 2061.280242 localhost 0
FLASER 0  2.0257130000000636 6.551213999999951 0.0 2.0257130000000636 6.551213999999951 0.0 2061.490259 localhost 0
FLASER 0  1.9857130000000636 6.451213999999951 0.0 1.9857130000000636 6.451213999999951 0.0 2061.710593 localhost 0
FLASER 0  1.9457130000000635 6.351213999999952 0.0 1.9457130000000635 6.351213999999952 0.0 2061.92023 localhost 0
FLASER 0  1.9057130000000635 6.251213999999952 0.0 1.9057130000000635 6.251213999999952 0.0 2062.130263 localhost 0
FLASER 0  1.8657130000000635 6.151213999999952 0.0 1.8657130000000635 6.151213999999952 0.0 2062.350798 localhost 0
FLASER 0  1.8057130000000634 6.051213999999953 0.0 1.8057130000000634 6.051213999999953 0.0 2062.560318 localhost 0
FLASER 0  1.7657130000000634 5.971213999999953 0.0 1.7657130000000634 5.971213999999953 0.0 2062.770624 localhost 0
FLASER 0  1.7057130000000633 5.871213999999953 0.0 1.7057130000000633 5.871213999999953 0.0 2062.990613 localhost 0
FLASER 0  1.6457130000000633 5.791213999999953 0.0 1.6457130000000633 5.791213999999953 0.0 2063.200607 localhost 0
FLASER 0  1.5857130000000632 5.691213999999953 0.0 1.5857130000000632 5.691213999999953 0.0 2063.410225 localhost 0
FLASER 0  1.5257130000000632 5.631213999999954 0.0 1.5257130000000632 5.631213999999954 0.0 2063.630605 localhost 0
FLASER 0  1.465713000000063 5.531213999999954 0.0 1.465713000000063 5.531213999999954 0.0 2063.840263 localhost 0
FLASER 0  1.385713000000063 5.4312139999999545 0.0 1.385713000000063 5.4312139999999545 0.0 2064.050808 localhost 0
FLASER 0  1.305713000000063 5.371213999999955 0.0 1.305713000000063 5.371213999999955 0.0 2064.270269 localhost 0
FLASER 0  1.225713000000063 5.291213999999955 0.0 1.225713000000063 5.291213999999955 0.0 2064.480246 localhost 0
FLASER 0  1.1657130000000628 5.231213999999955 0.0 1.1657130000000628 5.231213999999955 0.0 2064.700254 localhost 0
FLASER 0  1.0657130000000627 5.171213999999956 0.0 1.0657130000000627 5.171213999999956 0.0 2064.911367 localhost 0
FLASER 0  0.9457130000000628 5.1312139999999555 0.0 0.9457130000000628 5.1312139999999555 0.0 2065.120314 localhost 0
FLASER 0  0.8457130000000628 5.111213999999956 0.0 0.8457130000000628 5.111213999999956 0.0 2065.340199 localhost 0
FLASER 0  0.7257130000000628 5.091213999999956 0.0 0.7257130000000628 5.091213999999956 0.0 2065.550634 localhost 0
FLASER 0  0.6257130000000628 5.091213999999956 0.0 0.6257130000000628 5.091213999999956 0.0 2065.760255 localhost 0
FLASER 0  0.5457130000000628 5.111213999999956 0.0 0.5457130000000628 5.111213999999956 0.0 2065.980173 localhost 0
FLASER 0  0.42571300000006285 5.1312139999999555 0.0 0.42571300000006285 5.1312139999999555 0.0 2066.191034 localhost 0
FLASER 0  0.32571300000006287 5.151213999999955 0.0 0.32571300000006287 5.151213999999955 0.0 2066.400706 localhost 0
FLASER 0  0.22571300000006286 5.211213999999955 0.0 0.22571300000006286 5.211213999999955 0.0 2066.620597 localhost 0
FLASER 0  0.12571300000006286 5.231213999999954 0.0 0.12571300000006286 5.231213999999954 0.0 2066.830654 localhost 0
FLASER 0  0.025713000000062852 5.271213999999954 0.0 0.025713000000062852 5.271213999999954 0.0 2067.040111 localhost 0
FLASER 0  -0.09428699999993716 5.291213999999954 0.0 -0.09428699999993716 5.291213999999954 0.0 2067.260225 localhost 0
FLASER 0  -0.19428699999993715 5.3512139999999535 0.0 -0.19428699999993715 5.3512139999999535 0.0 2067.470334 localhost 0
FLASER 0  -0.2942869999999371 5.371213999999953 0.0 -0.2942869999999371 5.371213999999953 0.0 2067.680265 localhost 0
FLASER 0  -0.3942869999999371 5.411213999999953 0.0 -0.3942869999999371 5.411213999999953 0.0 2067.890804 localhost 0
FLASER 0  -0.4942869999999371 5.451213999999953 0.0 -0.4942869999999371 5.451213999999953 0.0 2068.110651 localhost 0
FLASER 0  -0.5942869999999371 5.451213999999953 0.0 -0.5942869999999371 5.451213999999953 0.0 2068.320267 localhost 0
FLASER 0  -0.7142869999999371 5.471213999999953 0.0 -0.7142869999999371 5.471213999999953 0.0 2068.540189 localhost 0
FLASER 0  -0.814286999999937 5.471213999999953 0.0 -0.814286999999937 5.471213999999953 0.0 2068.75021 localhost 0
FLASER 0  -0.934286999999937 5.471213999999953 0.0 -0.934286999999937 5.471213999999953 0.0 2068.960553 localhost 0
FLASER 0  -1.0342869999999371 5.511213999999953 0.0 -1.0342869999999371 5.511213999999953 0.0 2069.180178 localhost 0
FLASER 0  -1.1142869999999372 5.491213999999953 0.0 -1.1142869999999372 5.491213999999953 0.0 2069.391256 localhost 0
FLASER 0  -1.2342869999999373 5.471213999999954 0.0 -1.2342869999999373 5.471213999999954 0.0 2069.600245 localhost 0
FLASER 0  -1.3342869999999374 5.471213999999954 0.0 -1.3342869999999374 5.471213999999954 0.0 2069.810846 localhost 0
FLASER 0  -1.4542869999999375 5.431213999999954 0.0 -1.4542869999999375 5.431213999999954 0.0 2070.030604 localhost 0
FLASER 0  -1.5542869999999376 5.431213999999954 0.0 -1.5542869999999376 5.431213999999954 0.0 2070.240238 localhost 0
FLASER 0  -1.6542869999999377 5.411213999999954 0.0 -1.6542869999999377 5.411213999999954 0.0 2070.460159 localhost 0
FLASER 0  -1.7742869999999378 5.391213999999954 0.0 -1.7742869999999378 5.391213999999954 0.0 2070.670617 localhost 0
FLASER 0  -1.8942869999999379 5.371213999999955 0.0 -1.8942869999999379 5.371213999999955 0.0 2070.880232 localhost 0
FLASER 0  -2.0142869999999378 5.371213999999955 0.0 -2.0142869999999378 5.371213999999955 0.0 2071.091075 localhost 0
FLASER 0  -2.114286999999938 5.351213999999955 0.0 -2.114286999999938 5.351213999999955 0.0 2071.310599 localhost 0
FLASER 0  -2.234286999999938 5.351213999999955 0.0 -2.234286999999938 5.351213999999955 0.0 2071.530549 localhost 0
FLASER 0  -2.334286999999938 5.371213999999955 0.0 -2.334286999999938 5.371213999999955 0.0 2071.740164 localhost 0
FLASER 0  -2.434286999999938 5.411213999999955 0.0 -2.434286999999938 5.411213999999955 0.0 2071.950266 localhost 0
FLASER 0  -2.5342869999999382 5.451213999999955 0.0 -2.5342869999999382 5.451213999999955 0.0 2072.160222 localhost 0
FLASER 0  -2.6142869999999383 5.5112139999999545 0.0 -2.6142869999999383 5.5112139999999545 0.0 2072.380161 localhost 0
FLASER 0  -2.6942869999999384 5.591213999999955 0.0 -2.6942869999999384 5.591213999999955 0.0 2072.590265 localhost 0
FLASER 0  -2.7742869999999384 5.671213999999955 0.0 -2.7742869999999384 5.671213999999955 0.0 2072.800253 localhost 0
FLASER 0  -2.8142869999999385 5.771213999999954 0.0 -2.8142869999999385 5.771213999999954 0.0 2073.020163 localhost 0
FLASER 0  -2.8542869999999385 5.871213999999954 0.0 -2.8542869999999385 5.871213999999954 0.0 2073.230605 localhost 0
FLASER 0  -2.8742869999999385 5.971213999999954 0.0 -2.8742869999999385 5.971213999999954 0.0 2073.44022 localhost 0
FLASER 0  -2.8942869999999385 6.091213999999953 0.0 -2.8942869999999385 6.091213999999953 0.0 2073.660203 localhost 0
FLASER 0  -2.8742869999999385 6.1912139999999525 0.0 -2.8742869999999385 6.1912139999999525 0.0 2073.870602 localhost 0
FLASER 0  -2.8542869999999385 6.291213999999952 0.0 -2.8542869999999385 6.291213999999952 0.0 2074.090588 localhost 0
FLASER 0  -2.7942869999999385 6.391213999999952 0.0 -2.7942869999999385 6.391213999999952 0.0 2074.30026 localhost 0
FLASER 0  -2.7542869999999384 6.491213999999951 0.0 -2.7542869999999384 6.491213999999951 0.0 2074.511211 localhost 0
FLASER 0  -2.7142869999999384 6.5712139999999515 0.0 -2.7142869999999384 6.5712139999999515 0.0 2074.720314 localhost 0
FLASER 0  -2.6542869999999383 6.6512139999999516 0.0 -2.6542869999999383 6.6512139999999516 0.0 2074.940219 localhost 0
FLASER 0  -2.5742869999999383 6.751213999999951 0.0 -2.5742869999999383 6.751213999999951 0.0 2075.150723 localhost 0
FLASER 0  -2.5342869999999382 6.851213999999951 0.0 -2.5342869999999382 6.851213999999951 0.0 2075.360267 localhost 0
FLASER 0  -2.474286999999938 6.9512139999999505 0.0 -2.474286999999938 6.9512139999999505 0.0 2075.58022 localhost 0
FLASER 0  -2.434286999999938 7.05121399999995 0.0 -2.434286999999938 7.05121399999995 0.0 2075.790825 localhost 0
FLASER 0  -2.374286999999938 7.15121399999995 0.0 -2.374286999999938 7.15121399999995 0.0 2076.00028 localhost 0
FLASER 0  -2.374286999999938 7.271213999999949 0.0 -2.374286999999938 7.271213999999949 0.0 2076.220593 localhost 0
FLASER 0  -2.374286999999938 7.391213999999948 0.0 -2.374286999999938 7.391213999999948 0.0 2076.430646 localhost 0
FLASER 0  -2.374286999999938 7.491213999999948 0.0 -2.374286999999938 7.491213999999948 0.0 2076.650577 localhost 0
FLASER 0  -2.374286999999938 7.571213999999948 0.0 -2.374286999999938 7.571213999999948 0.0 2076.860238 localhost 0
FLASER 0  -2.414286999999938 7.671213999999948 0.0 -2.414286999999938 7.671213999999948 0.0 2077.071085 localhost 0
FLASER 0  -2.454286999999938 7.771213999999947 0.0 -2.454286999999938 7.771213999999947 0.0 2077.290636 localhost 0
FLASER 0  -2.514286999999938 7.871213999999947 0.0 -2.514286999999938 7.871213999999947 0.0 2077.500262 localhost 0
FLASER 0  -2.5942869999999383 7.951213999999947 0.0 -2.5942869999999383 7.951213999999947 0.0 2077.71028 localhost 0
FLASER 0  -2.6942869999999384 8.031213999999947 0.0 -2.6942869999999384 8.031213999999947 0.0 2077.930617 localhost 0
FLASER 0  -2.7742869999999384 8.071213999999946 0.0 -2.7742869999999384 8.071213999999946 0.0 2078.14026 localhost 0
FLASER 0  -2.8942869999999385 8.131213999999947 0.0 -2.8942869999999385 8.131213999999947 0.0 2078.350342 localhost 0
FLASER 0  -2.9742869999999386 8.191213999999947 0.0 -2.9742869999999386 8.191213999999947 0.0 2078.570592 localhost 0
FLASER 0  -3.0742869999999387 8.211213999999947 0.0 -3.0742869999999387 8.211213999999947 0.0 2078.780248 localhost 0
FLASER 0  -3.154286999999939 8.211213999999947 0.0 -3.154286999999939 8.211213999999947 0.0 2078.990577 localhost 0
FLASER 0  -3.294286999999939 8.211213999999947 0.0 -3.294286999999939 8.211213999999947 0.0 2079.210547 localhost 0
FLASER 0  -3.394286999999939 8.211213999999947 0.0 -3.394286999999939 8.211213999999947 0.0 2079.420232 localhost 0
FLASER 0  -3.494286999999939 8.231213999999946 0.0 -3.494286999999939 8.231213999999946 0.0 2079.64032 localhost 0
FLASER 0  -3.574286999999939 8.231213999999946 0.0 -3.574286999999939 8.231213999999946 0.0 2079.85049 localhost 0
FLASER 0  -3.7142869999999393 8.231213999999946 0.0 -3.7142869999999393 8.231213999999946 0.0 2080.060221 localhost 0
FLASER 0  -3.8142869999999394 8.251213999999946 0.0 -3.8142869999999394 8.251213999999946 0.0 2080.270779 localhost 0
FLASER 0  -3.9342869999999395 8.271213999999945 0.0 -3.9342869999999395 8.271213999999945 0.0 2080.480515 localhost 0
FLASER 0  -4.01428699999994 8.291213999999945 0.0 -4.01428699999994 8.291213999999945 0.0 2080.700533 localhost 0
FLASER 0  -4.134286999999939 8.331213999999944 0.0 -4.134286999999939 8.331213999999944 0.0 2080.910192 localhost 0
FLASER 0  -4.214286999999939 8.371213999999943 0.0 -4.214286999999939 8.371213999999943 0.0 2081.130175 localhost 0
FLASER 0  -4.3342869999999385 8.391213999999943 0.0 -4.3342869999999385 8.391213999999943 0.0 2081.340576 localhost 0
FLASER 0  -4.434286999999938 8.431213999999942 0.0 -4.434286999999938 8.431213999999942 0.0 2081.550235 localhost 0
FLASER 0  -4.554286999999937 8.471213999999941 0.0 -4.554286999999937 8.471213999999941 0.0 2081.77017 localhost 0
FLASER 0  -4.654286999999937 8.51121399999994 0.0 -4.654286999999937 8.51121399999994 0.0 2081.980291 localhost 0
FLASER 0  -4.734286999999937 8.53121399999994 0.0 -4.734286999999937 8.53121399999994 0.0 2082.200882 localhost 0
FLASER 0  -4.854286999999936 8.571213999999939 0.0 -4.854286999999936 8.571213999999939 0.0 2082.410023 localhost 0
FLASER 0  -4.954286999999936 8.611213999999938 0.0 -4.954286999999936 8.611213999999938 0.0 2082.620231 localhost 0
FLASER 0  -5.034286999999936 8.631213999999938 0.0 -5.034286999999936 8.631213999999938 0.0 2082.830533 localhost 0
FLASER 0  -5.234286999999936 8.731213999999937 0.0 -5.234286999999936 8.731213999999937 0.0 2083.260045 localhost 0
FLASER 0  -5.354286999999935 8.751213999999937 0.0 -5.354286999999935 8.751213999999937 0.0 2083.470597 localhost 0
FLASER 0  -5.454286999999935 8.811213999999937 0.0 -5.454286999999935 8.811213999999937 0.0 2083.690895 localhost 0
FLASER 0  -5.554286999999935 8.831213999999937 0.0 -5.554286999999935 8.831213999999937 0.0 2083.900256 localhost 0
FLASER 0  -5.674286999999934 8.891213999999938 0.0 -5.674286999999934 8.891213999999938 0.0 2084.120331 localhost 0
FLASER 0  -5.774286999999934 8.931213999999937 0.0 -5.774286999999934 8.931213999999937 0.0 2084.330591 localhost 0
FLASER 0  -5.874286999999933 8.971213999999936 0.0 -5.874286999999933 8.971213999999936 0.0 2084.540237 localhost 0
FLASER 0  -5.974286999999933 8.991213999999935 0.0 -5.974286999999933 8.991213999999935 0.0 2084.750614 localhost 0
FLASER 0  -6.0742869999999325 9.031213999999935 0.0 -6.0742869999999325 9.031213999999935 0.0 2084.970282 localhost 0
FLASER 0  -6.174286999999932 9.051213999999934 0.0 -6.174286999999932 9.051213999999934 0.0 2085.180238 localhost 0
FLASER 0  -6.274286999999933 9.091213999999933 0.0 -6.274286999999933 9.091213999999933 0.0 2085.400228 localhost 0
FLASER 0  -6.394286999999932 9.111213999999933 0.0 -6.394286999999932 9.111213999999933 0.0 2085.610597 localhost 0
FLASER 0  -6.4942869999999315 9.131213999999932 0.0 -6.4942869999999315 9.131213999999932 0.0 2085.820248 localhost 0
FLASER 0  -6.614286999999931 9.151213999999932 0.0 -6.614286999999931 9.151213999999932 0.0 2086.030725 localhost 0
FLASER 0  -6.694286999999931 9.171213999999932 0.0 -6.694286999999931 9.171213999999932 0.0 2086.250496 localhost 0
FLASER 0  -6.7942869999999305 9.171213999999932 0.0 -6.7942869999999305 9.171213999999932 0.0 2086.460198 localhost 0
FLASER 0  -6.914286999999931 9.21121399999993 0.0 -6.914286999999931 9.21121399999993 0.0 2086.670296 localhost 0
FLASER 0  -7.01428699999993 9.21121399999993 0.0 -7.01428699999993 9.21121399999993 0.0 2086.890264 localhost 0
FLASER 0  -7.03428699999993 9.21121399999993 0.0 -7.03428699999993 9.21121399999993 0.0 2087.100284 localhost 0
FLASER 0  -7.03428699999993 9.21121399999993 0.0 -7.03428699999993 9.21121399999993 0.0 2087.320574 localhost 0
FLASER 0  -7.03428699999993 9.21121399999993 0.0 -7.03428699999993 9.21121399999993 0.0 2087.53061 localhost 0
FLASER 0  -7.054286999999929 9.21121399999993 0.0 -7.054286999999929 9.21121399999993 0.0 2087.740227 localhost 0
FLASER 0  -7.054286999999929 9.191213999999931 0.0 -7.054286999999929 9.191213999999931 0.0 2087.95062 localhost 0
FLASER 0  -7.094286999999929 9.21121399999993 0.0 -7.094286999999929 9.21121399999993 0.0 2088.170607 localhost 0
FLASER 0  -7.07428699999993 9.21121399999993 0.0 -7.07428699999993 9.21121399999993 0.0 2088.380244 localhost 0
FLASER 0  -7.094286999999929 9.21121399999993 0.0 -7.094286999999929 9.21121399999993 0.0 2088.600229 localhost 0
FLASER 0  -7.114286999999929 9.191213999999931 0.0 -7.114286999999929 9.191213999999931 0.0 2088.81067 localhost 0
FLASER 0  -7.194286999999929 9.171213999999932 0.0 -7.194286999999929 9.171213999999932 0.0 2089.020208 localhost 0
FLASER 0  -7.274286999999929 9.171213999999932 0.0 -7.274286999999929 9.171213999999932 0.0 2089.240303 localhost 0
FLASER 0  -7.394286999999928 9.151213999999932 0.0 -7.394286999999928 9.151213999999932 0.0 2089.45031 localhost 0
FLASER 0  -7.494286999999928 9.131213999999932 0.0 -7.494286999999928 9.131213999999932 0.0 2089.660209 localhost 0
FLASER 0  -7.634286999999928 9.111213999999933 0.0 -7.634286999999928 9.111213999999933 0.0 2089.88026 localhost 0
FLASER 0  -7.714286999999928 9.091213999999933 0.0 -7.714286999999928 9.091213999999933 0.0 2090.091154 localhost 0
FLASER 0  -7.814286999999927 9.091213999999933 0.0 -7.814286999999927 9.091213999999933 0.0 2090.300267 localhost 0
FLASER 0  -7.934286999999927 9.051213999999934 0.0 -7.934286999999927 9.051213999999934 0.0 2090.520221 localhost 0
FLASER 0  -8.034286999999926 9.011213999999935 0.0 -8.034286999999926 9.011213999999935 0.0 2090.730913 localhost 0
FLASER 0  -8.134286999999926 9.011213999999935 0.0 -8.134286999999926 9.011213999999935 0.0 2090.940491 localhost 0
FLASER 0  -8.254286999999925 8.991213999999935 0.0 -8.254286999999925 8.991213999999935 0.0 2091.16023 localhost 0
FLASER 0  -8.354286999999925 8.971213999999936 0.0 -8.354286999999925 8.971213999999936 0.0 2091.370643 localhost 0
FLASER 0  -8.454286999999924 8.951213999999936 0.0 -8.454286999999924 8.951213999999936 0.0 2091.580184 localhost 0
FLASER 0  -8.594286999999923 8.931213999999937 0.0 -8.594286999999923 8.931213999999937 0.0 2091.80004 localhost 0
FLASER 0  -8.674286999999923 8.891213999999938 0.0 -8.674286999999923 8.891213999999938 0.0 2092.01089 localhost 0
FLASER 0  -8.774286999999923 8.891213999999938 0.0 -8.774286999999923 8.891213999999938 0.0 2092.220162 localhost 0
FLASER 0  -8.894286999999922 8.851213999999938 0.0 -8.894286999999922 8.851213999999938 0.0 2092.440168 localhost 0
FLASER 0  -8.994286999999922 8.831213999999939 0.0 -8.994286999999922 8.831213999999939 0.0 2092.650373 localhost 0
FLASER 0  -9.094286999999921 8.831213999999939 0.0 -9.094286999999921 8.831213999999939 0.0 2092.870652 localhost 0
FLASER 0  -9.21428699999992 8.81121399999994 0.0 -9.21428699999992 8.81121399999994 0.0 2093.080161 localhost 0
FLASER 0  -9.31428699999992 8.79121399999994 0.0 -9.31428699999992 8.79121399999994 0.0 2093.290948 localhost 0
FLASER 0  -9.41428699999992 8.77121399999994 0.0 -9.41428699999992 8.77121399999994 0.0 2093.500606 localhost 0
FLASER 0  -9.51428699999992 8.75121399999994 0.0 -9.51428699999992 8.75121399999994 0.0 2093.720229 localhost 0
FLASER 0  -9.634286999999919 8.731213999999941 0.0 -9.634286999999919 8.731213999999941 0.0 2093.930785 localhost 0
FLASER 0  -9.754286999999918 8.711213999999941 0.0 -9.754286999999918 8.711213999999941 0.0 2094.150592 localhost 0
FLASER 0  -9.874286999999917 8.671213999999942 0.0 -9.874286999999917 8.671213999999942 0.0 2094.360162 localhost 0
FLASER 0  -9.954286999999917 8.651213999999943 0.0 -9.954286999999917 8.651213999999943 0.0 2094.570602 localhost 0
FLASER 0  -10.054286999999917 8.591213999999942 0.0 -10.054286999999917 8.591213999999942 0.0 2094.780164 localhost 0
FLASER 0  -10.154286999999917 8.571213999999943 0.0 -10.154286999999917 8.571213999999943 0.0 2095.000241 localhost 0
FLASER 0  -10.254286999999916 8.511213999999942 0.0 -10.254286999999916 8.511213999999942 0.0 2095.210604 localhost 0
FLASER 0  -10.374286999999915 8.471213999999943 0.0 -10.374286999999915 8.471213999999943 0.0 2095.430337 localhost 0
FLASER 0  -10.434286999999916 8.391213999999943 0.0 -10.434286999999916 8.391213999999943 0.0 2095.640186 localhost 0
FLASER 0  -10.534286999999916 8.331213999999942 0.0 -10.534286999999916 8.331213999999942 0.0 2095.850796 localhost 0
FLASER 0  -10.574286999999915 8.251213999999942 0.0 -10.574286999999915 8.251213999999942 0.0 2096.070326 localhost 0
FLASER 0  -10.654286999999915 8.171213999999942 0.0 -10.654286999999915 8.171213999999942 0.0 2096.280024 localhost 0
FLASER 0  -10.694286999999914 8.051213999999943 0.0 -10.694286999999914 8.051213999999943 0.0 2096.490898 localhost 0
FLASER 0  -10.694286999999914 7.971213999999943 0.0 -10.694286999999914 7.971213999999943 0.0 2096.710333 localhost 0
FLASER 0  -10.734286999999913 7.871213999999943 0.0 -10.734286999999913 7.871213999999943 0.0 2096.920232 localhost 0
FLASER 0  -10.734286999999913 7.771213999999944 0.0 -10.734286999999913 7.771213999999944 0.0 2097.130638 localhost 0
FLASER 0  -10.734286999999913 7.6512139999999444 0.0 -10.734286999999913 7.6512139999999444 0.0 2097.350923 localhost 0
FLASER 0  -10.714286999999914 7.551213999999945 0.0 -10.714286999999914 7.551213999999945 0.0 2097.560189 localhost 0
FLASER 0  -10.674286999999914 7.451213999999945 0.0 -10.674286999999914 7.451213999999945 0.0 2097.770884 localhost 0
FLASER 0  -10.614286999999914 7.3512139999999455 0.0 -10.614286999999914 7.3512139999999455 0.0 2097.990658 localhost 0
FLASER 0  -10.554286999999913 7.271213999999945 0.0 -10.554286999999913 7.271213999999945 0.0 2098.200862 localhost 0
FLASER 0  -10.474286999999913 7.191213999999945 0.0 -10.474286999999913 7.191213999999945 0.0 2098.410257 localhost 0
FLASER 0  -10.394286999999913 7.111213999999945 0.0 -10.394286999999913 7.111213999999945 0.0 2098.630261 localhost 0
FLASER 0  -10.314286999999913 7.071213999999945 0.0 -10.314286999999913 7.071213999999945 0.0 2098.840687 localhost 0
FLASER 0  -10.214286999999914 7.011213999999946 0.0 -10.214286999999914 7.011213999999946 0.0 2099.050254 localhost 0
FLASER 0  -10.134286999999913 6.971213999999946 0.0 -10.134286999999913 6.971213999999946 0.0 2099.270361 localhost 0
FLASER 0  -10.034286999999914 6.911213999999946 0.0 -10.034286999999914 6.911213999999946 0.0 2099.480589 localhost 0
FLASER 0  -9.934286999999914 6.871213999999946 0.0 -9.934286999999914 6.871213999999946 0.0 2099.690681 localhost 0
FLASER 0  -9.834286999999915 6.831213999999946 0.0 -9.834286999999915 6.831213999999946 0.0 2099.910866 localhost 0
FLASER 0  -9.734286999999915 6.791213999999946 0.0 -9.734286999999915 6.791213999999946 0.0 2100.120251 localhost 0
FLASER 0  -9.634286999999915 6.731213999999946 0.0 -9.634286999999915 6.731213999999946 0.0 2100.330947 localhost 0
FLASER 0  -9.514286999999916 6.711213999999947 0.0 -9.514286999999916 6.711213999999947 0.0 2100.55065 localhost 0
FLASER 0  -9.414286999999916 6.671213999999947 0.0 -9.414286999999916 6.671213999999947 0.0 2100.760215 localhost 0
FLASER 0  -9.294286999999917 6.671213999999947 0.0 -9.294286999999917 6.671213999999947 0.0 2100.980193 localhost 0
FLASER 0  -9.214286999999917 6.671213999999947 0.0 -9.214286999999917 6.671213999999947 0.0 2101.190791 localhost 0
FLASER 0  -9.094286999999918 6.691213999999946 0.0 -9.094286999999918 6.691213999999946 0.0 2101.400265 localhost 0
FLASER 0  -8.994286999999918 6.711213999999946 0.0 -8.994286999999918 6.711213999999946 0.0 2101.610689 localhost 0
FLASER 0  -8.874286999999919 6.731213999999945 0.0 -8.874286999999919 6.731213999999945 0.0 2101.820495 localhost 0
FLASER 0  -8.75428699999992 6.751213999999945 0.0 -8.75428699999992 6.751213999999945 0.0 2102.040242 localhost 0
FLASER 0  -8.67428699999992 6.731213999999945 0.0 -8.67428699999992 6.731213999999945 0.0 2102.250575 localhost 0
FLASER 0  -8.55428699999992 6.731213999999945 0.0 -8.55428699999992 6.731213999999945 0.0 2102.471159 localhost 0
FLASER 0  -8.49428699999992 6.731213999999945 0.0 -8.49428699999992 6.731213999999945 0.0 2102.680202 localhost 0
FLASER 0  -8.37428699999992 6.751213999999945 0.0 -8.37428699999992 6.751213999999945 0.0 2102.900196 localhost 0
FLASER 0  -8.274286999999921 6.7712139999999446 0.0 -8.274286999999921 6.7712139999999446 0.0 2103.110604 localhost 0
FLASER 0  -8.174286999999921 6.7712139999999446 0.0 -8.174286999999921 6.7712139999999446 0.0 2103.320062 localhost 0
FLASER 0  -8.074286999999922 6.791213999999944 0.0 -8.074286999999922 6.791213999999944 0.0 2103.531108 localhost 0
FLASER 0  -7.974286999999922 6.791213999999944 0.0 -7.974286999999922 6.791213999999944 0.0 2103.750536 localhost 0
FLASER 0  -7.8742869999999225 6.7712139999999446 0.0 -7.8742869999999225 6.7712139999999446 0.0 2103.960186 localhost 0
FLASER 0  -7.7942869999999225 6.7712139999999446 0.0 -7.7942869999999225 6.7712139999999446 0.0 2104.170652 localhost 0
FLASER 0  -7.774286999999923 6.7712139999999446 0.0 -7.774286999999923 6.7712139999999446 0.0 2104.390983 localhost 0
FLASER 0  -7.774286999999923 6.7712139999999446 0.0 -7.774286999999923 6.7712139999999446 0.0 2104.600227 localhost 0
FLASER 0  -7.7942869999999225 6.7712139999999446 0.0 -7.7942869999999225 6.7712139999999446 0.0 2104.810725 localhost 0
FLASER 0  -7.774286999999923 6.791213999999944 0.0 -7.774286999999923 6.791213999999944 0.0 2105.030488 localhost 0
FLASER 0  -7.774286999999923 6.7712139999999446 0.0 -7.774286999999923 6.7712139999999446 0.0 2105.240506 localhost 0
FLASER 0  -7.7942869999999225 6.7712139999999446 0.0 -7.7942869999999225 6.7712139999999446 0.0 2105.460178 localhost 0
FLASER 0  -7.774286999999923 6.7712139999999446 0.0 -7.774286999999923 6.7712139999999446 0.0 2105.670973 localhost 0
FLASER 0  -7.774286999999923 6.7712139999999446 0.0 -7.774286999999923 6.7712139999999446 0.0 2105.880174 localhost 0
FLASER 0  -7.774286999999923 6.7712139999999446 0.0 -7.774286999999923 6.7712139999999446 0.0 2106.100289 localhost 0
FLASER 0  -7.774286999999923 6.7712139999999446 0.0 -7.774286999999923 6.7712139999999446 0.0 2106.310357 localhost 0
FLASER 0  -7.7942869999999225 6.7712139999999446 0.0 -7.7942869999999225 6.7712139999999446 0.0 2106.520171 localhost 0
FLASER 0  -7.7942869999999225 6.7712139999999446 0.0 -7.7942869999999225 6.7712139999999446 0.0 2106.740246 localhost 0
FLASER 0  -7.7942869999999225 6.7712139999999446 0.0 -7.7942869999999225 6.7712139999999446 0.0 2106.950942 localhost 0
FLASER 0  -7.7942869999999225 6.7712139999999446 0.0 -7.7942869999999225 6.7712139999999446 0.0 2107.160249 localhost 0
FLASER 0  -7.7942869999999225 6.7712139999999446 0.0 -7.7942869999999225 6.7712139999999446 0.0 2107.380248 localhost 0
FLASER 0  -7.774286999999923 6.751213999999945 0.0 -7.774286999999923 6.751213999999945 0.0 2107.591097 localhost 0
FLASER 0  -7.674286999999923 6.731213999999945 0.0 -7.674286999999923 6.731213999999945 0.0 2107.80002 localhost 0
FLASER 0  -7.654286999999924 6.731213999999945 0.0 -7.654286999999924 6.731213999999945 0.0 2108.020304 localhost 0
FLASER 0  -7.654286999999924 6.731213999999945 0.0 -7.654286999999924 6.731213999999945 0.0 2108.230243 localhost 0
FLASER 0  -7.674286999999923 6.731213999999945 0.0 -7.674286999999923 6.731213999999945 0.0 2108.440229 localhost 0
FLASER 0  -7.674286999999923 6.731213999999945 0.0 -7.674286999999923 6.731213999999945 0.0 2108.660237 localhost 0
FLASER 0  -7.654286999999924 6.731213999999945 0.0 -7.654286999999924 6.731213999999945 0.0 2108.870262 localhost 0
FLASER 0  -7.634286999999924 6.731213999999945 0.0 -7.634286999999924 6.731213999999945 0.0 2109.08024 localhost 0
FLASER 0  -7.594286999999924 6.691213999999945 0.0 -7.594286999999924 6.691213999999945 0.0 2109.300639 localhost 0
FLASER 0  -7.514286999999924 6.671213999999946 0.0 -7.514286999999924 6.671213999999946 0.0 2109.510232 localhost 0
FLASER 0  -7.454286999999924 6.651213999999946 0.0 -7.454286999999924 6.651213999999946 0.0 2109.720563 localhost 0
FLASER 0  -7.314286999999924 6.591213999999947 0.0 -7.314286999999924 6.591213999999947 0.0 2109.940243 localhost 0
FLASER 0  -7.4142869999999235 6.651213999999946 0.0 -7.4142869999999235 6.651213999999946 0.0 2110.150757 localhost 0
FLASER 0  -7.4542869999999235 6.671213999999946 0.0 -7.4542869999999235 6.671213999999946 0.0 2110.37027 localhost 0
FLASER 0  -7.4542869999999235 6.671213999999946 0.0 -7.4542869999999235 6.671213999999946 0.0 2110.580734 localhost 0
FLASER 0  -7.474286999999923 6.671213999999946 0.0 -7.474286999999923 6.671213999999946 0.0 2110.790288 localhost 0
FLASER 0  -7.474286999999923 6.671213999999946 0.0 -7.474286999999923 6.671213999999946 0.0 2111.010247 localhost 0
FLASER 0  -7.4542869999999235 6.671213999999946 0.0 -7.4542869999999235 6.671213999999946 0.0 2111.220673 localhost 0
FLASER 0  -7.4142869999999235 6.631213999999946 0.0 -7.4142869999999235 6.631213999999946 0.0 2111.430351 localhost 0
FLASER 0  -7.314286999999924 6.591213999999946 0.0 -7.314286999999924 6.591213999999946 0.0 2111.640656 localhost 0
FLASER 0  -7.234286999999924 6.531213999999946 0.0 -7.234286999999924 6.531213999999946 0.0 2111.860715 localhost 0
FLASER 0  -7.134286999999924 6.4312139999999465 0.0 -7.134286999999924 6.4312139999999465 0.0 2112.280267 localhost 0
FLASER 0  -7.134286999999924 6.451213999999946 0.0 -7.134286999999924 6.451213999999946 0.0 2112.501191 localhost 0
FLASER 0  -7.134286999999924 6.451213999999946 0.0 -7.134286999999924 6.451213999999946 0.0 2112.710392 localhost 0
FLASER 0  -7.134286999999924 6.471213999999946 0.0 -7.134286999999924 6.471213999999946 0.0 2112.920243 localhost 0
FLASER 0  -7.174286999999924 6.491213999999945 0.0 -7.174286999999924 6.491213999999945 0.0 2113.350271 localhost 0
FLASER 0  -7.174286999999924 6.491213999999945 0.0 -7.174286999999924 6.491213999999945 0.0 2113.560805 localhost 0
FLASER 0  -7.174286999999924 6.491213999999945 0.0 -7.174286999999924 6.491213999999945 0.0 2113.780604 localhost 0
FLASER 0  -7.174286999999924 6.491213999999945 0.0 -7.174286999999924 6.491213999999945 0.0 2113.990236 localhost 0
FLASER 0  -7.174286999999924 6.491213999999945 0.0 -7.174286999999924 6.491213999999945 0.0 2114.210167 localhost 0
FLASER 0  -7.194286999999924 6.491213999999945 0.0 -7.194286999999924 6.491213999999945 0.0 2114.420577 localhost 0
FLASER 0  -7.174286999999924 6.491213999999945 0.0 -7.174286999999924 6.491213999999945 0.0 2114.630182 localhost 0
FLASER 0  -7.174286999999924 6.491213999999945 0.0 -7.174286999999924 6.491213999999945 0.0 2114.850165 localhost 0
FLASER 0  -7.174286999999924 6.491213999999945 0.0 -7.174286999999924 6.491213999999945 0.0 2115.060316 localhost 0
FLASER 0  -7.174286999999924 6.491213999999945 0.0 -7.174286999999924 6.491213999999945 0.0 2115.270237 localhost 0
FLASER 0  -7.134286999999924 6.431213999999946 0.0 -7.134286999999924 6.431213999999946 0.0 2115.480926 localhost 0
FLASER 0  -7.094286999999924 6.3512139999999455 0.0 -7.094286999999924 6.3512139999999455 0.0 2115.700287 localhost 0
FLASER 0  -7.0742869999999245 6.251213999999946 0.0 -7.0742869999999245 6.251213999999946 0.0 2115.910213 localhost 0
FLASER 0  -7.054286999999925 6.151213999999946 0.0 -7.054286999999925 6.151213999999946 0.0 2116.130171 localhost 0
FLASER 0  -7.054286999999925 6.051213999999947 0.0 -7.054286999999925 6.051213999999947 0.0 2116.340369 localhost 0
FLASER 0  -7.054286999999925 6.051213999999947 0.0 -7.054286999999925 6.051213999999947 0.0 2116.550087 localhost 0
FLASER 0  -7.034286999999925 5.9712139999999465 0.0 -7.034286999999925 5.9712139999999465 0.0 2116.760862 localhost 0
FLASER 0  -7.034286999999925 5.871213999999947 0.0 -7.034286999999925 5.871213999999947 0.0 2116.980296 localhost 0
FLASER 0  -7.014286999999926 5.771213999999947 0.0 -7.014286999999926 5.771213999999947 0.0 2117.190238 localhost 0
FLASER 0  -7.014286999999926 5.651213999999948 0.0 -7.014286999999926 5.651213999999948 0.0 2117.410167 localhost 0
FLASER 0  -7.014286999999926 5.571213999999948 0.0 -7.014286999999926 5.571213999999948 0.0 2117.620528 localhost 0
FLASER 0  -6.994286999999926 5.471213999999948 0.0 -6.994286999999926 5.471213999999948 0.0 2117.830506 localhost 0
FLASER 0  -6.994286999999926 5.431213999999948 0.0 -6.994286999999926 5.431213999999948 0.0 2118.050264 localhost 0
FLASER 0  -6.994286999999926 5.431213999999948 0.0 -6.994286999999926 5.431213999999948 0.0 2118.260796 localhost 0
FLASER 0  -6.994286999999926 5.451213999999948 0.0 -6.994286999999926 5.451213999999948 0.0 2118.470272 localhost 0
FLASER 0  -6.994286999999926 5.411213999999948 0.0 -6.994286999999926 5.411213999999948 0.0 2118.680279 localhost 0
FLASER 0  -6.974286999999927 5.351213999999948 0.0 -6.974286999999927 5.351213999999948 0.0 2118.900608 localhost 0
FLASER 0  -6.954286999999927 5.231213999999949 0.0 -6.954286999999927 5.231213999999949 0.0 2119.110211 localhost 0
FLASER 0  -6.9342869999999275 5.131213999999949 0.0 -6.9342869999999275 5.131213999999949 0.0 2119.320785 localhost 0
FLASER 0  -6.8942869999999274 5.031213999999949 0.0 -6.8942869999999274 5.031213999999949 0.0 2119.540701 localhost 0
FLASER 0  -6.874286999999928 4.931213999999949 0.0 -6.874286999999928 4.931213999999949 0.0 2119.750263 localhost 0
FLASER 0  -6.854286999999928 4.891213999999949 0.0 -6.854286999999928 4.891213999999949 0.0 2119.970261 localhost 0
FLASER 0  -6.874286999999928 4.911213999999949 0.0 -6.874286999999928 4.911213999999949 0.0 2120.181128 localhost 0
FLASER 0  -6.874286999999928 4.911213999999949 0.0 -6.874286999999928 4.911213999999949 0.0 2120.390683 localhost 0
FLASER 0  -6.854286999999928 4.891213999999949 0.0 -6.854286999999928 4.891213999999949 0.0 2120.610244 localhost 0
FLASER 0  -6.834286999999929 4.851213999999949 0.0 -6.834286999999929 4.851213999999949 0.0 2120.820244 localhost 0
FLASER 0  -6.834286999999929 4.811213999999949 0.0 -6.834286999999929 4.811213999999949 0.0 2121.031202 localhost 0
FLASER 0  -6.834286999999929 4.811213999999949 0.0 -6.834286999999929 4.811213999999949 0.0 2121.250594 localhost 0
FLASER 0  -6.834286999999929 4.811213999999949 0.0 -6.834286999999929 4.811213999999949 0.0 2121.460251 localhost 0
FLASER 0  -6.834286999999929 4.831213999999949 0.0 -6.834286999999929 4.831213999999949 0.0 2121.670424 localhost 0
FLASER 0  -6.854286999999928 4.891213999999948 0.0 -6.854286999999928 4.891213999999948 0.0 2121.890662 localhost 0
FLASER 0  -6.854286999999928 4.971213999999948 0.0 -6.854286999999928 4.971213999999948 0.0 2122.100372 localhost 0
FLASER 0  -6.854286999999928 5.011213999999948 0.0 -6.854286999999928 5.011213999999948 0.0 2122.310303 localhost 0
FLASER 0  -6.854286999999928 4.991213999999949 0.0 -6.854286999999928 4.991213999999949 0.0 2122.531224 localhost 0
FLASER 0  -6.854286999999928 5.011213999999948 0.0 -6.854286999999928 5.011213999999948 0.0 2122.740259 localhost 0
FLASER 0  -6.854286999999928 5.011213999999948 0.0 -6.854286999999928 5.011213999999948 0.0 2122.951236 localhost 0
FLASER 0  -6.854286999999928 4.991213999999949 0.0 -6.854286999999928 4.991213999999949 0.0 2123.171137 localhost 0
FLASER 0  -6.874286999999928 4.991213999999949 0.0 -6.874286999999928 4.991213999999949 0.0 2123.380329 localhost 0
FLASER 0  -6.854286999999928 4.991213999999949 0.0 -6.854286999999928 4.991213999999949 0.0 2123.591171 localhost 0
FLASER 0  -6.854286999999928 4.971213999999949 0.0 -6.854286999999928 4.971213999999949 0.0 2123.810691 localhost 0
FLASER 0  -6.854286999999928 4.971213999999949 0.0 -6.854286999999928 4.971213999999949 0.0 2124.020245 localhost 0
FLASER 0  -6.854286999999928 4.95121399999995 0.0 -6.854286999999928 4.95121399999995 0.0 2124.230899 localhost 0
FLASER 0  -6.854286999999928 4.971213999999949 0.0 -6.854286999999928 4.971213999999949 0.0 2124.450844 localhost 0
FLASER 0  -6.854286999999928 4.971213999999949 0.0 -6.854286999999928 4.971213999999949 0.0 2124.660222 localhost 0
FLASER 0  -6.854286999999928 4.95121399999995 0.0 -6.854286999999928 4.95121399999995 0.0 2124.880165 localhost 0
FLASER 0  -6.874286999999928 4.95121399999995 0.0 -6.874286999999928 4.95121399999995 0.0 2125.090618 localhost 0
FLASER 0  -6.874286999999928 4.93121399999995 0.0 -6.874286999999928 4.93121399999995 0.0 2125.300238 localhost 0
FLASER 0  -6.874286999999928 4.95121399999995 0.0 -6.874286999999928 4.95121399999995 0.0 2125.520165 localhost 0
FLASER 0  -6.8942869999999274 4.93121399999995 0.0 -6.8942869999999274 4.93121399999995 0.0 2125.730289 localhost 0
FLASER 0  -6.8942869999999274 4.93121399999995 0.0 -6.8942869999999274 4.93121399999995 0.0 2125.940234 localhost 0
FLASER 0  -6.8942869999999274 4.9112139999999505 0.0 -6.8942869999999274 4.9112139999999505 0.0 2126.150887 localhost 0
FLASER 0  -6.914286999999927 4.93121399999995 0.0 -6.914286999999927 4.93121399999995 0.0 2126.370276 localhost 0
FLASER 0  -6.914286999999927 4.93121399999995 0.0 -6.914286999999927 4.93121399999995 0.0 2126.580208 localhost 0
FLASER 0  -6.914286999999927 4.93121399999995 0.0 -6.914286999999927 4.93121399999995 0.0 2126.800184 localhost 0
FLASER 0  -6.934286999999927 4.93121399999995 0.0 -6.934286999999927 4.93121399999995 0.0 2127.010384 localhost 0
FLASER 0  -6.934286999999927 4.95121399999995 0.0 -6.934286999999927 4.95121399999995 0.0 2127.220227 localhost 0
FLASER 0  -6.954286999999926 4.971213999999949 0.0 -6.954286999999926 4.971213999999949 0.0 2127.440027 localhost 0
FLASER 0  -6.994286999999926 5.051213999999949 0.0 -6.994286999999926 5.051213999999949 0.0 2127.650197 localhost 0
FLASER 0  -7.034286999999926 5.151213999999949 0.0 -7.034286999999926 5.151213999999949 0.0 2127.860584 localhost 0
FLASER 0  -7.074286999999926 5.2512139999999485 0.0 -7.074286999999926 5.2512139999999485 0.0 2128.070688 localhost 0
FLASER 0  -7.074286999999926 5.351213999999948 0.0 -7.074286999999926 5.351213999999948 0.0 2128.290372 localhost 0
FLASER 0  -7.074286999999926 5.451213999999948 0.0 -7.074286999999926 5.451213999999948 0.0 2128.510646 localhost 0
FLASER 0  -7.094286999999926 5.571213999999947 0.0 -7.094286999999926 5.571213999999947 0.0 2128.720159 localhost 0
FLASER 0  -7.074286999999926 5.671213999999947 0.0 -7.074286999999926 5.671213999999947 0.0 2128.931055 localhost 0
FLASER 0  -7.054286999999927 5.771213999999946 0.0 -7.054286999999927 5.771213999999946 0.0 2129.140246 localhost 0
FLASER 0  -7.054286999999927 5.871213999999946 0.0 -7.054286999999927 5.871213999999946 0.0 2129.35091 localhost 0
FLASER 0  -7.054286999999927 5.951213999999946 0.0 -7.054286999999927 5.951213999999946 0.0 2129.570264 localhost 0
FLASER 0  -7.054286999999927 6.011213999999946 0.0 -7.054286999999927 6.011213999999946 0.0 2129.78031 localhost 0
FLASER 0  -7.074286999999926 6.111213999999945 0.0 -7.074286999999926 6.111213999999945 0.0 2130.000244 localhost 0
FLASER 0  -7.114286999999926 6.211213999999945 0.0 -7.114286999999926 6.211213999999945 0.0 2130.210914 localhost 0
FLASER 0  -7.194286999999926 6.291213999999945 0.0 -7.194286999999926 6.291213999999945 0.0 2130.430264 localhost 0
FLASER 0  -7.254286999999926 6.371213999999945 0.0 -7.254286999999926 6.371213999999945 0.0 2130.640221 localhost 0
FLASER 0  -7.334286999999926 6.451213999999945 0.0 -7.334286999999926 6.451213999999945 0.0 2130.850645 localhost 0
FLASER 0  -7.414286999999926 6.491213999999945 0.0 -7.414286999999926 6.491213999999945 0.0 2131.060267 localhost 0
FLASER 0  -7.514286999999926 6.551213999999945 0.0 -7.514286999999926 6.551213999999945 0.0 2131.280206 localhost 0
FLASER 0  -7.614286999999925 6.591213999999945 0.0 -7.614286999999925 6.591213999999945 0.0 2131.491256 localhost 0
FLASER 0  -7.714286999999925 6.591213999999945 0.0 -7.714286999999925 6.591213999999945 0.0 2131.700266 localhost 0
FLASER 0  -7.794286999999925 6.591213999999945 0.0 -7.794286999999925 6.591213999999945 0.0 2131.910778 localhost 0
FLASER 0  -7.794286999999925 6.591213999999945 0.0 -7.794286999999925 6.591213999999945 0.0 2132.13104 localhost 0
FLASER 0  -7.794286999999925 6.591213999999945 0.0 -7.794286999999925 6.591213999999945 0.0 2132.340262 localhost 0
FLASER 0  -7.794286999999925 6.591213999999945 0.0 -7.794286999999925 6.591213999999945 0.0 2132.560181 localhost 0
FLASER 0  -7.794286999999925 6.591213999999945 0.0 -7.794286999999925 6.591213999999945 0.0 2132.77078 localhost 0
FLASER 0  -7.794286999999925 6.591213999999945 0.0 -7.794286999999925 6.591213999999945 0.0 2132.990326 localhost 0
FLASER 0  -7.794286999999925 6.591213999999945 0.0 -7.794286999999925 6.591213999999945 0.0 2133.20022 localhost 0
FLASER 0  -7.814286999999925 6.591213999999945 0.0 -7.814286999999925 6.591213999999945 0.0 2133.410502 localhost 0
FLASER 0  -7.834286999999924 6.591213999999945 0.0 -7.834286999999924 6.591213999999945 0.0 2133.620653 localhost 0
FLASER 0  -7.834286999999924 6.591213999999945 0.0 -7.834286999999924 6.591213999999945 0.0 2133.840269 localhost 0
FLASER 0  -7.834286999999924 6.591213999999945 0.0 -7.834286999999924 6.591213999999945 0.0 2134.051267 localhost 0
FLASER 0  -7.894286999999924 6.571213999999945 0.0 -7.894286999999924 6.571213999999945 0.0 2134.260221 localhost 0
FLASER 0  -7.9542869999999235 6.591213999999945 0.0 -7.9542869999999235 6.591213999999945 0.0 2134.471421 localhost 0
FLASER 0  -7.9542869999999235 6.591213999999945 0.0 -7.9542869999999235 6.591213999999945 0.0 2134.690483 localhost 0
FLASER 0  -7.9542869999999235 6.591213999999945 0.0 -7.9542869999999235 6.591213999999945 0.0 2134.910556 localhost 0
FLASER 0  -7.9542869999999235 6.571213999999945 0.0 -7.9542869999999235 6.571213999999945 0.0 2135.120164 localhost 0
FLASER 0  -7.9542869999999235 6.591213999999945 0.0 -7.9542869999999235 6.591213999999945 0.0 2135.330628 localhost 0
FLASER 0  -7.974286999999923 6.611213999999944 0.0 -7.974286999999923 6.611213999999944 0.0 2135.540633 localhost 0
FLASER 0  -7.974286999999923 6.591213999999945 0.0 -7.974286999999923 6.591213999999945 0.0 2135.760226 localhost 0
FLASER 0  -7.974286999999923 6.591213999999945 0.0 -7.974286999999923 6.591213999999945 0.0 2135.971127 localhost 0
FLASER 0  -7.974286999999923 6.591213999999945 0.0 -7.974286999999923 6.591213999999945 0.0 2136.180441 localhost 0
FLASER 0  -8.014286999999923 6.591213999999945 0.0 -8.014286999999923 6.591213999999945 0.0 2136.400476 localhost 0
FLASER 0  -8.114286999999923 6.611213999999944 0.0 -8.114286999999923 6.611213999999944 0.0 2136.610252 localhost 0
FLASER 0  -8.174286999999923 6.611213999999944 0.0 -8.174286999999923 6.611213999999944 0.0 2136.820825 localhost 0
FLASER 0  -8.134286999999924 6.591213999999945 0.0 -8.134286999999924 6.591213999999945 0.0 2137.040229 localhost 0
FLASER 0  -8.134286999999924 6.591213999999945 0.0 -8.134286999999924 6.591213999999945 0.0 2137.250257 localhost 0
FLASER 0  -8.134286999999924 6.591213999999945 0.0 -8.134286999999924 6.591213999999945 0.0 2137.460503 localhost 0
FLASER 0  -8.134286999999924 6.591213999999945 0.0 -8.134286999999924 6.591213999999945 0.0 2137.680493 localhost 0
FLASER 0  -8.134286999999924 6.591213999999945 0.0 -8.134286999999924 6.591213999999945 0.0 2137.890332 localhost 0
FLASER 0  -8.154286999999924 6.611213999999944 0.0 -8.154286999999924 6.611213999999944 0.0 2138.100243 localhost 0
FLASER 0  -8.174286999999923 6.611213999999944 0.0 -8.174286999999923 6.611213999999944 0.0 2138.320584 localhost 0
FLASER 0  -8.254286999999923 6.611213999999944 0.0 -8.254286999999923 6.611213999999944 0.0 2138.530321 localhost 0
FLASER 0  -8.374286999999923 6.631213999999944 0.0 -8.374286999999923 6.631213999999944 0.0 2138.741021 localhost 0
FLASER 0  -8.474286999999922 6.651213999999944 0.0 -8.474286999999922 6.651213999999944 0.0 2138.961132 localhost 0
FLASER 0  -8.574286999999922 6.651213999999944 0.0 -8.574286999999922 6.651213999999944 0.0 2139.170274 localhost 0
FLASER 0  -8.694286999999921 6.651213999999944 0.0 -8.694286999999921 6.651213999999944 0.0 2139.38093 localhost 0
FLASER 0  -8.79428699999992 6.671213999999943 0.0 -8.79428699999992 6.671213999999943 0.0 2139.60056 localhost 0
FLASER 0  -8.89428699999992 6.671213999999943 0.0 -8.89428699999992 6.671213999999943 0.0 2139.810262 localhost 0
FLASER 0  -9.01428699999992 6.691213999999943 0.0 -9.01428699999992 6.691213999999943 0.0 2140.020853 localhost 0
FLASER 0  -9.11428699999992 6.691213999999943 0.0 -9.11428699999992 6.691213999999943 0.0 2140.240269 localhost 0
FLASER 0  -9.214286999999919 6.711213999999942 0.0 -9.214286999999919 6.711213999999942 0.0 2140.450342 localhost 0
FLASER 0  -9.334286999999918 6.731213999999942 0.0 -9.334286999999918 6.731213999999942 0.0 2140.670228 localhost 0
FLASER 0  -9.414286999999918 6.751213999999941 0.0 -9.414286999999918 6.751213999999941 0.0 2140.880229 localhost 0
FLASER 0  -9.534286999999917 6.751213999999941 0.0 -9.534286999999917 6.751213999999941 0.0 2141.09027 localhost 0
FLASER 0  -9.634286999999917 6.711213999999941 0.0 -9.634286999999917 6.711213999999941 0.0 2141.310256 localhost 0
FLASER 0  -9.734286999999917 6.651213999999942 0.0 -9.734286999999917 6.651213999999942 0.0 2141.520212 localhost 0
FLASER 0  -9.834286999999916 6.611213999999942 0.0 -9.834286999999916 6.611213999999942 0.0 2141.730639 localhost 0
FLASER 0  -9.894286999999917 6.551213999999942 0.0 -9.894286999999917 6.551213999999942 0.0 2141.950232 localhost 0
FLASER 0  -9.974286999999917 6.471213999999942 0.0 -9.974286999999917 6.471213999999942 0.0 2142.16054 localhost 0
FLASER 0  -10.034286999999917 6.391213999999942 0.0 -10.034286999999917 6.391213999999942 0.0 2142.370295 localhost 0
FLASER 0  -10.094286999999918 6.291213999999942 0.0 -10.094286999999918 6.291213999999942 0.0 2142.590598 localhost 0
FLASER 0  -10.154286999999918 6.211213999999942 0.0 -10.154286999999918 6.211213999999942 0.0 2142.800642 localhost 0
FLASER 0  -10.214286999999919 6.111213999999943 0.0 -10.214286999999919 6.111213999999943 0.0 2143.010741 localhost 0
FLASER 0  -10.234286999999918 5.991213999999943 0.0 -10.234286999999918 5.991213999999943 0.0 2143.230193 localhost 0
FLASER 0  -10.274286999999918 5.891213999999944 0.0 -10.274286999999918 5.891213999999944 0.0 2143.440788 localhost 0
FLASER 0  -10.294286999999917 5.791213999999944 0.0 -10.294286999999917 5.791213999999944 0.0 2143.660612 localhost 0
FLASER 0  -10.334286999999916 5.6912139999999445 0.0 -10.334286999999916 5.6912139999999445 0.0 2143.87026 localhost 0
FLASER 0  -10.354286999999916 5.591213999999945 0.0 -10.354286999999916 5.591213999999945 0.0 2144.081255 localhost 0
FLASER 0  -10.414286999999916 5.491213999999945 0.0 -10.414286999999916 5.491213999999945 0.0 2144.290305 localhost 0
FLASER 0  -10.494286999999916 5.411213999999945 0.0 -10.494286999999916 5.411213999999945 0.0 2144.510205 localhost 0
FLASER 0  -10.554286999999917 5.3112139999999455 0.0 -10.554286999999917 5.3112139999999455 0.0 2144.721195 localhost 0
FLASER 0  -10.614286999999917 5.231213999999945 0.0 -10.614286999999917 5.231213999999945 0.0 2144.940199 localhost 0
FLASER 0  -10.694286999999917 5.151213999999945 0.0 -10.694286999999917 5.151213999999945 0.0 2145.150272 localhost 0
FLASER 0  -10.734286999999917 5.071213999999945 0.0 -10.734286999999917 5.071213999999945 0.0 2145.36062 localhost 0
FLASER 0  -10.794286999999917 4.971213999999946 0.0 -10.794286999999917 4.971213999999946 0.0 2145.570245 localhost 0
FLASER 0  -10.834286999999916 4.871213999999946 0.0 -10.834286999999916 4.871213999999946 0.0 2145.780949 localhost 0
FLASER 0  -10.834286999999916 4.771213999999946 0.0 -10.834286999999916 4.771213999999946 0.0 2146.001039 localhost 0
FLASER 0  -10.854286999999916 4.651213999999947 0.0 -10.854286999999916 4.651213999999947 0.0 2146.220556 localhost 0
FLASER 0  -10.834286999999916 4.531213999999948 0.0 -10.834286999999916 4.531213999999948 0.0 2146.43018 localhost 0
FLASER 0  -10.814286999999917 4.431213999999948 0.0 -10.814286999999917 4.431213999999948 0.0 2146.640604 localhost 0
FLASER 0  -10.774286999999918 4.351213999999948 0.0 -10.774286999999918 4.351213999999948 0.0 2146.850415 localhost 0
FLASER 0  -10.694286999999917 4.271213999999948 0.0 -10.694286999999917 4.271213999999948 0.0 2147.070173 localhost 0
FLASER 0  -10.654286999999918 4.151213999999949 0.0 -10.654286999999918 4.151213999999949 0.0 2147.280231 localhost 0
FLASER 0  -10.554286999999919 4.091213999999949 0.0 -10.554286999999919 4.091213999999949 0.0 2147.490388 localhost 0
FLASER 0  -10.43428699999992 4.07121399999995 0.0 -10.43428699999992 4.07121399999995 0.0 2147.710177 localhost 0
FLASER 0  -10.33428699999992 4.011213999999949 0.0 -10.33428699999992 4.011213999999949 0.0 2147.920233 localhost 0
FLASER 0  -10.23428699999992 3.991213999999949 0.0 -10.23428699999992 3.991213999999949 0.0 2148.140164 localhost 0
FLASER 0  -10.13428699999992 3.931213999999949 0.0 -10.13428699999992 3.931213999999949 0.0 2148.35092 localhost 0
FLASER 0  -10.05428699999992 3.931213999999949 0.0 -10.05428699999992 3.931213999999949 0.0 2148.56019 localhost 0
FLASER 0  -10.05428699999992 3.911213999999949 0.0 -10.05428699999992 3.911213999999949 0.0 2148.780183 localhost 0
FLASER 0  -10.05428699999992 3.911213999999949 0.0 -10.05428699999992 3.911213999999949 0.0 2148.990914 localhost 0
FLASER 0  -10.034286999999921 3.911213999999949 0.0 -10.034286999999921 3.911213999999949 0.0 2149.200257 localhost 0
FLASER 0  -10.05428699999992 3.891213999999949 0.0 -10.05428699999992 3.891213999999949 0.0 2149.420637 localhost 0
FLASER 0  -10.09428699999992 3.931213999999949 0.0 -10.09428699999992 3.931213999999949 0.0 2149.630285 localhost 0
FLASER 0  -10.15428699999992 3.951213999999949 0.0 -10.15428699999992 3.951213999999949 0.0 2149.840043 localhost 0
FLASER 0  -10.25428699999992 4.03121399999995 0.0 -10.25428699999992 4.03121399999995 0.0 2150.060164 localhost 0
FLASER 0  -10.294286999999919 4.11121399999995 0.0 -10.294286999999919 4.11121399999995 0.0 2150.270532 localhost 0
FLASER 0  -10.334286999999918 4.15121399999995 0.0 -10.334286999999918 4.15121399999995 0.0 2150.48066 localhost 0
FLASER 0  -10.334286999999918 4.15121399999995 0.0 -10.334286999999918 4.15121399999995 0.0 2150.700496 localhost 0
FLASER 0  -10.334286999999918 4.15121399999995 0.0 -10.334286999999918 4.15121399999995 0.0 2150.910247 localhost 0
FLASER 0  -10.314286999999918 4.13121399999995 0.0 -10.314286999999918 4.13121399999995 0.0 2151.121196 localhost 0
FLASER 0  -10.294286999999919 4.071213999999951 0.0 -10.294286999999919 4.071213999999951 0.0 2151.330283 localhost 0
FLASER 0  -10.25428699999992 3.9512139999999505 0.0 -10.25428699999992 3.9512139999999505 0.0 2151.550223 localhost 0
FLASER 0  -10.23428699999992 3.8512139999999504 0.0 -10.23428699999992 3.8512139999999504 0.0 2151.760586 localhost 0
FLASER 0  -10.21428699999992 3.8112139999999504 0.0 -10.21428699999992 3.8112139999999504 0.0 2151.981226 localhost 0
FLASER 0  -10.21428699999992 3.8112139999999504 0.0 -10.21428699999992 3.8112139999999504 0.0 2152.190256 localhost 0
FLASER 0  -10.23428699999992 3.8312139999999504 0.0 -10.23428699999992 3.8312139999999504 0.0 2152.401066 localhost 0
FLASER 0  -10.23428699999992 3.8912139999999504 0.0 -10.23428699999992 3.8912139999999504 0.0 2152.620543 localhost 0
FLASER 0  -10.25428699999992 3.9512139999999505 0.0 -10.25428699999992 3.9512139999999505 0.0 2152.830246 localhost 0
FLASER 0  -10.25428699999992 3.9912139999999505 0.0 -10.25428699999992 3.9912139999999505 0.0 2153.050324 localhost 0
FLASER 0  -10.25428699999992 3.9512139999999505 0.0 -10.25428699999992 3.9512139999999505 0.0 2153.260668 localhost 0
FLASER 0  -10.31428699999992 3.8912139999999504 0.0 -10.31428699999992 3.8912139999999504 0.0 2153.470218 localhost 0
FLASER 0  -10.39428699999992 3.8112139999999504 0.0 -10.39428699999992 3.8112139999999504 0.0 2153.681 localhost 0
FLASER 0  -10.45428699999992 3.7512139999999503 0.0 -10.45428699999992 3.7512139999999503 0.0 2153.900617 localhost 0
FLASER 0  -10.55428699999992 3.6912139999999503 0.0 -10.55428699999992 3.6912139999999503 0.0 2154.110072 localhost 0
FLASER 0  -10.65428699999992 3.63121399999995 0.0 -10.65428699999992 3.63121399999995 0.0 2154.321116 localhost 0
FLASER 0  -10.75428699999992 3.59121399999995 0.0 -10.75428699999992 3.59121399999995 0.0 2154.54048 localhost 0
FLASER 0  -10.85428699999992 3.57121399999995 0.0 -10.85428699999992 3.57121399999995 0.0 2154.750277 localhost 0
FLASER 0  -10.954286999999919 3.57121399999995 0.0 -10.954286999999919 3.57121399999995 0.0 2154.960745 localhost 0
FLASER 0  -11.054286999999919 3.59121399999995 0.0 -11.054286999999919 3.59121399999995 0.0 2155.180984 localhost 0
FLASER 0  -11.174286999999918 3.61121399999995 0.0 -11.174286999999918 3.61121399999995 0.0 2155.39069 localhost 0
FLASER 0  -11.274286999999918 3.65121399999995 0.0 -11.274286999999918 3.65121399999995 0.0 2155.600735 localhost 0
FLASER 0  -11.374286999999917 3.65121399999995 0.0 -11.374286999999917 3.65121399999995 0.0 2155.820604 localhost 0
FLASER 0  -11.474286999999917 3.6712139999999502 0.0 -11.474286999999917 3.6712139999999502 0.0 2156.03025 localhost 0
FLASER 0  -11.594286999999916 3.6912139999999503 0.0 -11.594286999999916 3.6912139999999503 0.0 2156.250317 localhost 0
FLASER 0  -11.714286999999915 3.6712139999999502 0.0 -11.714286999999915 3.6712139999999502 0.0 2156.460974 localhost 0
FLASER 0  -11.794286999999915 3.65121399999995 0.0 -11.794286999999915 3.65121399999995 0.0 2156.670253 localhost 0
FLASER 0  -11.794286999999915 3.65121399999995 0.0 -11.794286999999915 3.65121399999995 0.0 2156.881057 localhost 0
FLASER 0  -11.794286999999915 3.65121399999995 0.0 -11.794286999999915 3.65121399999995 0.0 2157.100774 localhost 0
FLASER 0  -11.794286999999915 3.65121399999995 0.0 -11.794286999999915 3.65121399999995 0.0 2157.310246 localhost 0
FLASER 0  -11.774286999999916 3.65121399999995 0.0 -11.774286999999916 3.65121399999995 0.0 2157.520323 localhost 0
FLASER 0  -11.774286999999916 3.65121399999995 0.0 -11.774286999999916 3.65121399999995 0.0 2157.740162 localhost 0
FLASER 0  -11.794286999999915 3.65121399999995 0.0 -11.794286999999915 3.65121399999995 0.0 2157.950182 localhost 0
FLASER 0  -11.774286999999916 3.6712139999999502 0.0 -11.774286999999916 3.6712139999999502 0.0 2158.160561 localhost 0
FLASER 0  -11.774286999999916 3.65121399999995 0.0 -11.774286999999916 3.65121399999995 0.0 2158.381865 localhost 0
FLASER 0  -11.774286999999916 3.6712139999999502 0.0 -11.774286999999916 3.6712139999999502 0.0 2158.590621 localhost 0
FLASER 0  -11.774286999999916 3.6712139999999502 0.0 -11.774286999999916 3.6712139999999502 0.0 2158.800712 localhost 0
FLASER 0  -11.774286999999916 3.6712139999999502 0.0 -11.774286999999916 3.6712139999999502 0.0 2159.020582 localhost 0
FLASER 0  -11.814286999999915 3.65121399999995 0.0 -11.814286999999915 3.65121399999995 0.0 2159.230208 localhost 0
FLASER 0  -11.874286999999915 3.63121399999995 0.0 -11.874286999999915 3.63121399999995 0.0 2159.440774 localhost 0
FLASER 0  -11.974286999999915 3.59121399999995 0.0 -11.974286999999915 3.59121399999995 0.0 2159.660879 localhost 0
FLASER 0  -12.074286999999915 3.57121399999995 0.0 -12.074286999999915 3.57121399999995 0.0 2159.870195 localhost 0
FLASER 0  -12.094286999999914 3.57121399999995 0.0 -12.094286999999914 3.57121399999995 0.0 2160.080903 localhost 0
FLASER 0  -12.094286999999914 3.57121399999995 0.0 -12.094286999999914 3.57121399999995 0.0 2160.300734 localhost 0
FLASER 0  -12.094286999999914 3.57121399999995 0.0 -12.094286999999914 3.57121399999995 0.0 2160.510626 localhost 0
FLASER 0  -12.114286999999914 3.57121399999995 0.0 -12.114286999999914 3.57121399999995 0.0 2160.730473 localhost 0
FLASER 0  -12.114286999999914 3.57121399999995 0.0 -12.114286999999914 3.57121399999995 0.0 2160.940023 localhost 0
FLASER 0  -12.094286999999914 3.57121399999995 0.0 -12.094286999999914 3.57121399999995 0.0 2161.150576 localhost 0
FLASER 0  -12.094286999999914 3.57121399999995 0.0 -12.094286999999914 3.57121399999995 0.0 2161.360359 localhost 0
FLASER 0  -12.114286999999914 3.59121399999995 0.0 -12.114286999999914 3.59121399999995 0.0 2161.580085 localhost 0
FLASER 0  -12.094286999999914 3.57121399999995 0.0 -12.094286999999914 3.57121399999995 0.0 2161.790907 localhost 0
FLASER 0  -12.134286999999913 3.61121399999995 0.0 -12.134286999999913 3.61121399999995 0.0 2162.010199 localhost 0
FLASER 0  -12.194286999999914 3.6912139999999503 0.0 -12.194286999999914 3.6912139999999503 0.0 2162.220606 localhost 0
FLASER 0  -12.234286999999913 3.7912139999999503 0.0 -12.234286999999913 3.7912139999999503 0.0 2162.430268 localhost 0
FLASER 0  -12.274286999999912 3.8912139999999504 0.0 -12.274286999999912 3.8912139999999504 0.0 2162.650584 localhost 0
FLASER 0  -12.274286999999912 4.01121399999995 0.0 -12.274286999999912 4.01121399999995 0.0 2162.860239 localhost 0
FLASER 0  -12.254286999999913 4.11121399999995 0.0 -12.254286999999913 4.11121399999995 0.0 2163.070863 localhost 0
FLASER 0  -12.234286999999913 4.211213999999949 0.0 -12.234286999999913 4.211213999999949 0.0 2163.290952 localhost 0
FLASER 0  -12.194286999999914 4.311213999999949 0.0 -12.194286999999914 4.311213999999949 0.0 2163.500596 localhost 0
FLASER 0  -12.194286999999914 4.351213999999949 0.0 -12.194286999999914 4.351213999999949 0.0 2163.710838 localhost 0
FLASER 0  -12.194286999999914 4.3312139999999495 0.0 -12.194286999999914 4.3312139999999495 0.0 2163.930592 localhost 0
FLASER 0  -12.194286999999914 4.3312139999999495 0.0 -12.194286999999914 4.3312139999999495 0.0 2164.14025 localhost 0
FLASER 0  -12.194286999999914 4.31121399999995 0.0 -12.194286999999914 4.31121399999995 0.0 2164.350616 localhost 0
FLASER 0  -12.194286999999914 4.29121399999995 0.0 -12.194286999999914 4.29121399999995 0.0 2164.570545 localhost 0
FLASER 0  -12.234286999999913 4.231213999999951 0.0 -12.234286999999913 4.231213999999951 0.0 2164.780589 localhost 0
FLASER 0  -12.294286999999914 4.151213999999951 0.0 -12.294286999999914 4.151213999999951 0.0 2164.990681 localhost 0
FLASER 0  -12.334286999999913 4.091213999999951 0.0 -12.334286999999913 4.091213999999951 0.0 2165.210197 localhost 0
FLASER 0  -12.334286999999913 4.091213999999951 0.0 -12.334286999999913 4.091213999999951 0.0 2165.420261 localhost 0
FLASER 0  -12.334286999999913 4.111213999999951 0.0 -12.334286999999913 4.111213999999951 0.0 2165.640244 localhost 0
FLASER 0  -12.274286999999912 4.13121399999995 0.0 -12.274286999999912 4.13121399999995 0.0 2165.850653 localhost 0
FLASER 0  -12.174286999999913 4.19121399999995 0.0 -12.174286999999913 4.19121399999995 0.0 2166.060206 localhost 0
FLASER 0  -12.054286999999913 4.23121399999995 0.0 -12.054286999999913 4.23121399999995 0.0 2166.280275 localhost 0
FLASER 0  -11.954286999999914 4.27121399999995 0.0 -11.954286999999914 4.27121399999995 0.0 2166.491318 localhost 0
FLASER 0  -11.834286999999915 4.2912139999999495 0.0 -11.834286999999915 4.2912139999999495 0.0 2166.700249 localhost 0
FLASER 0  -11.734286999999915 4.311213999999949 0.0 -11.734286999999915 4.311213999999949 0.0 2166.921144 localhost 0
FLASER 0  -11.634286999999915 4.331213999999949 0.0 -11.634286999999915 4.331213999999949 0.0 2167.130277 localhost 0
FLASER 0  -11.514286999999916 4.331213999999949 0.0 -11.514286999999916 4.331213999999949 0.0 2167.340591 localhost 0
FLASER 0  -11.414286999999916 4.351213999999948 0.0 -11.414286999999916 4.351213999999948 0.0 2167.56062 localhost 0
FLASER 0  -11.314286999999917 4.391213999999948 0.0 -11.314286999999917 4.391213999999948 0.0 2167.770238 localhost 0
FLASER 0  -11.214286999999917 4.391213999999948 0.0 -11.214286999999917 4.391213999999948 0.0 2167.980495 localhost 0
FLASER 0  -11.094286999999918 4.411213999999948 0.0 -11.094286999999918 4.411213999999948 0.0 2168.190475 localhost 0
FLASER 0  -10.994286999999918 4.451213999999948 0.0 -10.994286999999918 4.451213999999948 0.0 2168.410221 localhost 0
FLASER 0  -10.894286999999919 4.471213999999947 0.0 -10.894286999999919 4.471213999999947 0.0 2168.620672 localhost 0
FLASER 0  -10.814286999999918 4.511213999999947 0.0 -10.814286999999918 4.511213999999947 0.0 2168.840459 localhost 0
FLASER 0  -10.794286999999919 4.531213999999947 0.0 -10.794286999999919 4.531213999999947 0.0 2169.050217 localhost 0
FLASER 0  -10.794286999999919 4.511213999999947 0.0 -10.794286999999919 4.511213999999947 0.0 2169.260721 localhost 0
FLASER 0  -10.77428699999992 4.531213999999947 0.0 -10.77428699999992 4.531213999999947 0.0 2169.470246 localhost 0
FLASER 0  -10.75428699999992 4.591213999999947 0.0 -10.75428699999992 4.591213999999947 0.0 2169.690181 localhost 0
FLASER 0  -10.69428699999992 4.671213999999947 0.0 -10.69428699999992 4.671213999999947 0.0 2169.900601 localhost 0
FLASER 0  -10.65428699999992 4.771213999999946 0.0 -10.65428699999992 4.771213999999946 0.0 2170.110247 localhost 0
FLASER 0  -10.63428699999992 4.8912139999999455 0.0 -10.63428699999992 4.8912139999999455 0.0 2170.330213 localhost 0
FLASER 0  -10.594286999999921 4.971213999999946 0.0 -10.594286999999921 4.971213999999946 0.0 2170.540559 localhost 0
FLASER 0  -10.574286999999922 5.091213999999945 0.0 -10.574286999999922 5.091213999999945 0.0 2170.760804 localhost 0
FLASER 0  -10.534286999999923 5.1912139999999445 0.0 -10.534286999999923 5.1912139999999445 0.0 2170.971035 localhost 0
FLASER 0  -10.514286999999923 5.291213999999944 0.0 -10.514286999999923 5.291213999999944 0.0 2171.180241 localhost 0
FLASER 0  -10.494286999999924 5.391213999999944 0.0 -10.494286999999924 5.391213999999944 0.0 2171.4002 localhost 0
FLASER 0  -10.474286999999924 5.491213999999943 0.0 -10.474286999999924 5.491213999999943 0.0 2171.610713 localhost 0
FLASER 0  -10.494286999999924 5.611213999999943 0.0 -10.494286999999924 5.611213999999943 0.0 2171.820058 localhost 0
FLASER 0  -10.494286999999924 5.711213999999942 0.0 -10.494286999999924 5.711213999999942 0.0 2172.040203 localhost 0
FLASER 0  -10.514286999999923 5.811213999999942 0.0 -10.514286999999923 5.811213999999942 0.0 2172.250593 localhost 0
FLASER 0  -10.534286999999923 5.911213999999942 0.0 -10.534286999999923 5.911213999999942 0.0 2172.460253 localhost 0
FLASER 0  -10.594286999999923 6.031213999999941 0.0 -10.594286999999923 6.031213999999941 0.0 2172.680631 localhost 0
FLASER 0  -10.654286999999924 6.13121399999994 0.0 -10.654286999999924 6.13121399999994 0.0 2172.890291 localhost 0
FLASER 0  -10.714286999999924 6.2112139999999405 0.0 -10.714286999999924 6.2112139999999405 0.0 2173.10026 localhost 0
FLASER 0  -10.754286999999923 6.291213999999941 0.0 -10.754286999999923 6.291213999999941 0.0 2173.32056 localhost 0
FLASER 0  -10.814286999999924 6.371213999999941 0.0 -10.814286999999924 6.371213999999941 0.0 2173.530545 localhost 0
FLASER 0  -10.834286999999923 6.371213999999941 0.0 -10.834286999999923 6.371213999999941 0.0 2173.740244 localhost 0
FLASER 0  -10.834286999999923 6.371213999999941 0.0 -10.834286999999923 6.371213999999941 0.0 2173.960524 localhost 0
FLASER 0  -10.834286999999923 6.371213999999941 0.0 -10.834286999999923 6.371213999999941 0.0 2174.17055 localhost 0
FLASER 0  -10.854286999999923 6.351213999999941 0.0 -10.854286999999923 6.351213999999941 0.0 2174.380257 localhost 0
FLASER 0  -10.834286999999923 6.391213999999941 0.0 -10.834286999999923 6.391213999999941 0.0 2174.600906 localhost 0
FLASER 0  -10.834286999999923 6.391213999999941 0.0 -10.834286999999923 6.391213999999941 0.0 2174.81022 localhost 0
FLASER 0  -10.874286999999923 6.391213999999941 0.0 -10.874286999999923 6.391213999999941 0.0 2175.030051 localhost 0
FLASER 0  -10.934286999999923 6.451213999999941 0.0 -10.934286999999923 6.451213999999941 0.0 2175.240865 localhost 0
FLASER 0  -11.014286999999923 6.531213999999941 0.0 -11.014286999999923 6.531213999999941 0.0 2175.450224 localhost 0
FLASER 0  -11.074286999999924 6.571213999999941 0.0 -11.074286999999924 6.571213999999941 0.0 2175.670309 localhost 0
FLASER 0  -11.154286999999924 6.611213999999941 0.0 -11.154286999999924 6.611213999999941 0.0 2175.881004 localhost 0
FLASER 0  -11.274286999999923 6.651213999999941 0.0 -11.274286999999923 6.651213999999941 0.0 2176.090675 localhost 0
FLASER 0  -11.394286999999922 6.6712139999999405 0.0 -11.394286999999922 6.6712139999999405 0.0 2176.300819 localhost 0
FLASER 0  -11.474286999999922 6.651213999999941 0.0 -11.474286999999922 6.651213999999941 0.0 2176.520664 localhost 0
FLASER 0  -11.554286999999922 6.651213999999941 0.0 -11.554286999999922 6.651213999999941 0.0 2176.730281 localhost 0
FLASER 0  -11.634286999999922 6.651213999999941 0.0 -11.634286999999922 6.651213999999941 0.0 2176.950329 localhost 0
FLASER 0  -11.694286999999923 6.651213999999941 0.0 -11.694286999999923 6.651213999999941 0.0 2177.161047 localhost 0
FLASER 0  -11.774286999999923 6.651213999999941 0.0 -11.774286999999923 6.651213999999941 0.0 2177.370595 localhost 0
FLASER 0  -11.774286999999923 6.651213999999941 0.0 -11.774286999999923 6.651213999999941 0.0 2177.58034 localhost 0
FLASER 0  -11.794286999999922 6.651213999999941 0.0 -11.794286999999922 6.651213999999941 0.0 2177.801285 localhost 0
FLASER 0  -11.854286999999923 6.651213999999941 0.0 -11.854286999999923 6.651213999999941 0.0 2178.010278 localhost 0
FLASER 0  -11.954286999999923 6.631213999999941 0.0 -11.954286999999923 6.631213999999941 0.0 2178.230261 localhost 0
FLASER 0  -11.994286999999922 6.631213999999941 0.0 -11.994286999999922 6.631213999999941 0.0 2178.440991 localhost 0
FLASER 0  -11.994286999999922 6.631213999999941 0.0 -11.994286999999922 6.631213999999941 0.0 2178.650072 localhost 0
FLASER 0  -11.994286999999922 6.631213999999941 0.0 -11.994286999999922 6.631213999999941 0.0 2178.86048 localhost 0
FLASER 0  -11.994286999999922 6.631213999999941 0.0 -11.994286999999922 6.631213999999941 0.0 2179.08025 localhost 0
FLASER 0  -11.994286999999922 6.631213999999941 0.0 -11.994286999999922 6.631213999999941 0.0 2179.290667 localhost 0
FLASER 0  -11.994286999999922 6.631213999999941 0.0 -11.994286999999922 6.631213999999941 0.0 2179.500479 localhost 0
FLASER 0  -11.994286999999922 6.631213999999941 0.0 -11.994286999999922 6.631213999999941 0.0 2179.720161 localhost 0
FLASER 0  -11.994286999999922 6.631213999999941 0.0 -11.994286999999922 6.631213999999941 0.0 2179.930492 localhost 0
FLASER 0  -11.994286999999922 6.631213999999941 0.0 -11.994286999999922 6.631213999999941 0.0 2180.151388 localhost 0
FLASER 0  -11.994286999999922 6.631213999999941 0.0 -11.994286999999922 6.631213999999941 0.0 2180.360202 localhost 0
FLASER 0  -12.014286999999921 6.631213999999941 0.0 -12.014286999999921 6.631213999999941 0.0 2180.780623 localhost 0
FLASER 0  -12.094286999999921 6.631213999999941 0.0 -12.094286999999921 6.631213999999941 0.0 2181.000319 localhost 0
FLASER 0  -12.194286999999921 6.611213999999942 0.0 -12.194286999999921 6.611213999999942 0.0 2181.210653 localhost 0
FLASER 0  -12.31428699999992 6.631213999999941 0.0 -12.31428699999992 6.631213999999941 0.0 2181.430296 localhost 0
FLASER 0  -12.41428699999992 6.651213999999941 0.0 -12.41428699999992 6.651213999999941 0.0 2181.64016 localhost 0
FLASER 0  -12.53428699999992 6.691213999999941 0.0 -12.53428699999992 6.691213999999941 0.0 2181.850432 localhost 0
FLASER 0  -12.634286999999919 6.691213999999941 0.0 -12.634286999999919 6.691213999999941 0.0 2182.06024 localhost 0
FLASER 0  -12.734286999999918 6.7112139999999405 0.0 -12.734286999999918 6.7112139999999405 0.0 2182.280586 localhost 0
FLASER 0  -12.774286999999918 6.7112139999999405 0.0 -12.774286999999918 6.7112139999999405 0.0 2182.500582 localhost 0
FLASER 0  -12.794286999999917 6.691213999999941 0.0 -12.794286999999917 6.691213999999941 0.0 2182.7006 localhost 0
FLASER 0  -12.854286999999918 6.691213999999941 0.0 -12.854286999999918 6.691213999999941 0.0 2182.921503 localhost 0
FLASER 0  -12.934286999999918 6.631213999999941 0.0 -12.934286999999918 6.631213999999941 0.0 2183.130196 localhost 0
FLASER 0  -13.014286999999918 6.571213999999942 0.0 -13.014286999999918 6.571213999999942 0.0 2183.350256 localhost 0
FLASER 0  -13.114286999999917 6.511213999999942 0.0 -13.114286999999917 6.511213999999942 0.0 2183.560265 localhost 0
FLASER 0  -13.194286999999917 6.4512139999999425 0.0 -13.194286999999917 6.4512139999999425 0.0 2183.770246 localhost 0
FLASER 0  -13.294286999999917 6.391213999999943 0.0 -13.294286999999917 6.391213999999943 0.0 2183.99027 localhost 0
FLASER 0  -13.394286999999917 6.331213999999943 0.0 -13.394286999999917 6.331213999999943 0.0 2184.200605 localhost 0
FLASER 0  -13.494286999999916 6.291213999999943 0.0 -13.494286999999916 6.291213999999943 0.0 2184.410255 localhost 0
FLASER 0  -13.594286999999916 6.251213999999943 0.0 -13.594286999999916 6.251213999999943 0.0 2184.630317 localhost 0
FLASER 0  -13.714286999999915 6.231213999999944 0.0 -13.714286999999915 6.231213999999944 0.0 2184.840683 localhost 0
FLASER 0  -13.834286999999915 6.271213999999944 0.0 -13.834286999999915 6.271213999999944 0.0 2185.050218 localhost 0
FLASER 0  -13.954286999999914 6.311213999999944 0.0 -13.954286999999914 6.311213999999944 0.0 2185.270372 localhost 0
FLASER 0  -14.054286999999913 6.351213999999944 0.0 -14.054286999999913 6.351213999999944 0.0 2185.480646 localhost 0
FLASER 0  -14.134286999999913 6.391213999999944 0.0 -14.134286999999913 6.391213999999944 0.0 2185.69029 localhost 0
FLASER 0  -14.234286999999913 6.451213999999943 0.0 -14.234286999999913 6.451213999999943 0.0 2185.91027 localhost 0
FLASER 0  -14.314286999999913 6.491213999999943 0.0 -14.314286999999913 6.491213999999943 0.0 2186.120617 localhost 0
FLASER 0  -14.414286999999913 6.5712139999999435 0.0 -14.414286999999913 6.5712139999999435 0.0 2186.330303 localhost 0
FLASER 0  -14.514286999999912 6.6112139999999435 0.0 -14.514286999999912 6.6112139999999435 0.0 2186.550261 localhost 0
FLASER 0  -14.594286999999913 6.691213999999944 0.0 -14.594286999999913 6.691213999999944 0.0 2186.760711 localhost 0
FLASER 0  -14.674286999999913 6.731213999999944 0.0 -14.674286999999913 6.731213999999944 0.0 2186.970687 localhost 0
FLASER 0  -14.774286999999912 6.771213999999944 0.0 -14.774286999999912 6.771213999999944 0.0 2187.190658 localhost 0
FLASER 0  -14.854286999999912 6.831213999999943 0.0 -14.854286999999912 6.831213999999943 0.0 2187.40027 localhost 0
FLASER 0  -14.954286999999912 6.871213999999943 0.0 -14.954286999999912 6.871213999999943 0.0 2187.610642 localhost 0
FLASER 0  -15.054286999999912 6.911213999999943 0.0 -15.054286999999912 6.911213999999943 0.0 2187.830625 localhost 0
FLASER 0  -15.134286999999912 6.951213999999943 0.0 -15.134286999999912 6.951213999999943 0.0 2188.040629 localhost 0
FLASER 0  -15.134286999999912 6.951213999999943 0.0 -15.134286999999912 6.951213999999943 0.0 2188.260331 localhost 0
FLASER 0  -15.134286999999912 6.951213999999943 0.0 -15.134286999999912 6.951213999999943 0.0 2188.470401 localhost 0
FLASER 0  -15.094286999999913 6.931213999999944 0.0 -15.094286999999913 6.931213999999944 0.0 2188.680594 localhost 0
FLASER 0  -14.994286999999913 6.911213999999944 0.0 -14.994286999999913 6.911213999999944 0.0 2188.900379 localhost 0
FLASER 0  -14.894286999999913 6.931213999999944 0.0 -14.894286999999913 6.931213999999944 0.0 2189.110242 localhost 0
FLASER 0  -14.894286999999913 6.911213999999944 0.0 -14.894286999999913 6.911213999999944 0.0 2189.320251 localhost 0
FLASER 0  -14.894286999999913 6.911213999999944 0.0 -14.894286999999913 6.911213999999944 0.0 2189.540059 localhost 0
FLASER 0  -14.894286999999913 6.931213999999944 0.0 -14.894286999999913 6.931213999999944 0.0 2189.750602 localhost 0
FLASER 0  -14.954286999999914 6.891213999999944 0.0 -14.954286999999914 6.891213999999944 0.0 2189.960237 localhost 0
FLASER 0  -15.054286999999913 6.891213999999944 0.0 -15.054286999999913 6.891213999999944 0.0 2190.171107 localhost 0
FLASER 0  -15.074286999999913 6.891213999999944 0.0 -15.074286999999913 6.891213999999944 0.0 2190.391144 localhost 0
FLASER 0  -15.074286999999913 6.871213999999944 0.0 -15.074286999999913 6.871213999999944 0.0 2190.600233 localhost 0
FLASER 0  -15.114286999999912 6.851213999999945 0.0 -15.114286999999912 6.851213999999945 0.0 2190.820235 localhost 0
FLASER 0  -15.234286999999911 6.791213999999945 0.0 -15.234286999999911 6.791213999999945 0.0 2191.030395 localhost 0
FLASER 0  -15.254286999999911 6.771213999999945 0.0 -15.254286999999911 6.771213999999945 0.0 2191.240228 localhost 0
FLASER 0  -15.29428699999991 6.731213999999945 0.0 -15.29428699999991 6.731213999999945 0.0 2191.460183 localhost 0
FLASER 0  -15.31428699999991 6.691213999999945 0.0 -15.31428699999991 6.691213999999945 0.0 2191.67055 localhost 0
FLASER 0  -15.33428699999991 6.651213999999945 0.0 -15.33428699999991 6.651213999999945 0.0 2191.88024 localhost 0
FLASER 0  -15.354286999999909 6.591213999999946 0.0 -15.354286999999909 6.591213999999946 0.0 2192.10058 localhost 0
FLASER 0  -15.354286999999909 6.611213999999945 0.0 -15.354286999999909 6.611213999999945 0.0 2192.310244 localhost 0
FLASER 0  -15.374286999999908 6.591213999999946 0.0 -15.374286999999908 6.591213999999946 0.0 2192.530247 localhost 0
FLASER 0  -15.354286999999909 6.551213999999946 0.0 -15.354286999999909 6.551213999999946 0.0 2192.740572 localhost 0
FLASER 0  -15.41428699999991 6.491213999999946 0.0 -15.41428699999991 6.491213999999946 0.0 2192.950251 localhost 0
FLASER 0  -15.49428699999991 6.371213999999947 0.0 -15.49428699999991 6.371213999999947 0.0 2193.160193 localhost 0
FLASER 0  -15.49428699999991 6.271213999999947 0.0 -15.49428699999991 6.271213999999947 0.0 2193.380746 localhost 0
FLASER 0  -15.534286999999908 6.311213999999947 0.0 -15.534286999999908 6.311213999999947 0.0 2193.590268 localhost 0
FLASER 0  -15.534286999999908 6.291213999999948 0.0 -15.534286999999908 6.291213999999948 0.0 2193.800534 localhost 0
FLASER 0  -15.534286999999908 6.291213999999948 0.0 -15.534286999999908 6.291213999999948 0.0 2194.020228 localhost 0
FLASER 0  -15.574286999999908 6.211213999999948 0.0 -15.574286999999908 6.211213999999948 0.0 2194.230259 localhost 0
FLASER 0  -15.594286999999907 6.1312139999999475 0.0 -15.594286999999907 6.1312139999999475 0.0 2194.450181 localhost 0
FLASER 0  -15.614286999999907 6.031213999999948 0.0 -15.614286999999907 6.031213999999948 0.0 2194.660585 localhost 0
FLASER 0  -15.634286999999906 5.911213999999949 0.0 -15.634286999999906 5.911213999999949 0.0 2194.87024 localhost 0
FLASER 0  -15.634286999999906 5.7912139999999495 0.0 -15.634286999999906 5.7912139999999495 0.0 2195.080655 localhost 0
FLASER 0  -15.594286999999907 5.711213999999949 0.0 -15.594286999999907 5.711213999999949 0.0 2195.300353 localhost 0
FLASER 0  -15.554286999999908 5.65121399999995 0.0 -15.554286999999908 5.65121399999995 0.0 2195.510273 localhost 0
FLASER 0  -15.554286999999908 5.65121399999995 0.0 -15.554286999999908 5.65121399999995 0.0 2195.730249 localhost 0
FLASER 0  -15.554286999999908 5.65121399999995 0.0 -15.554286999999908 5.65121399999995 0.0 2195.94024 localhost 0
FLASER 0  -15.554286999999908 5.61121399999995 0.0 -15.554286999999908 5.61121399999995 0.0 2196.150257 localhost 0
FLASER 0  -15.514286999999909 5.51121399999995 0.0 -15.514286999999909 5.51121399999995 0.0 2196.360638 localhost 0
FLASER 0  -15.47428699999991 5.43121399999995 0.0 -15.47428699999991 5.43121399999995 0.0 2196.581659 localhost 0
FLASER 0  -15.43428699999991 5.311213999999951 0.0 -15.43428699999991 5.311213999999951 0.0 2196.791152 localhost 0
FLASER 0  -15.37428699999991 5.231213999999951 0.0 -15.37428699999991 5.231213999999951 0.0 2197.000256 localhost 0
FLASER 0  -15.35428699999991 5.131213999999951 0.0 -15.35428699999991 5.131213999999951 0.0 2197.220362 localhost 0
FLASER 0  -15.314286999999911 5.011213999999952 0.0 -15.314286999999911 5.011213999999952 0.0 2197.430757 localhost 0
FLASER 0  -15.274286999999912 4.931213999999952 0.0 -15.274286999999912 4.931213999999952 0.0 2197.650617 localhost 0
FLASER 0  -15.274286999999912 4.871213999999952 0.0 -15.274286999999912 4.871213999999952 0.0 2197.860318 localhost 0
FLASER 0  -15.274286999999912 4.891213999999952 0.0 -15.274286999999912 4.891213999999952 0.0 2198.070603 localhost 0
FLASER 0  -15.274286999999912 4.891213999999952 0.0 -15.274286999999912 4.891213999999952 0.0 2198.290684 localhost 0
FLASER 0  -15.294286999999912 4.931213999999952 0.0 -15.294286999999912 4.931213999999952 0.0 2198.500268 localhost 0
FLASER 0  -15.294286999999912 4.931213999999952 0.0 -15.294286999999912 4.931213999999952 0.0 2198.710294 localhost 0
FLASER 0  -15.314286999999911 4.911213999999952 0.0 -15.314286999999911 4.911213999999952 0.0 2198.92029 localhost 0
FLASER 0  -15.274286999999912 4.931213999999952 0.0 -15.274286999999912 4.931213999999952 0.0 2199.140265 localhost 0
FLASER 0  -15.294286999999912 4.951213999999951 0.0 -15.294286999999912 4.951213999999951 0.0 2199.350613 localhost 0
FLASER 0  -15.294286999999912 4.931213999999952 0.0 -15.294286999999912 4.931213999999952 0.0 2199.56058 localhost 0
FLASER 0  -15.314286999999911 4.971213999999952 0.0 -15.314286999999911 4.971213999999952 0.0 2199.780355 localhost 0
FLASER 0  -15.334286999999911 4.971213999999952 0.0 -15.334286999999911 4.971213999999952 0.0 2199.991004 localhost 0
FLASER 0  -15.35428699999991 4.971213999999952 0.0 -15.35428699999991 4.971213999999952 0.0 2200.200289 localhost 0
FLASER 0  -15.37428699999991 4.971213999999952 0.0 -15.37428699999991 4.971213999999952 0.0 2200.420247 localhost 0
FLASER 0  -15.39428699999991 4.971213999999952 0.0 -15.39428699999991 4.971213999999952 0.0 2200.630422 localhost 0
FLASER 0  -15.39428699999991 4.951213999999952 0.0 -15.39428699999991 4.951213999999952 0.0 2200.840253 localhost 0
FLASER 0  -15.41428699999991 4.951213999999952 0.0 -15.41428699999991 4.951213999999952 0.0 2201.060228 localhost 0
FLASER 0  -15.434286999999909 4.931213999999953 0.0 -15.434286999999909 4.931213999999953 0.0 2201.270599 localhost 0
FLASER 0  -15.474286999999908 4.931213999999953 0.0 -15.474286999999908 4.931213999999953 0.0 2201.700528 localhost 0
FLASER 0  -15.454286999999908 4.911213999999953 0.0 -15.454286999999908 4.911213999999953 0.0 2201.910197 localhost 0
FLASER 0  -15.434286999999909 4.931213999999953 0.0 -15.434286999999909 4.931213999999953 0.0 2202.120883 localhost 0
FLASER 0  -15.41428699999991 5.111213999999953 0.0 -15.41428699999991 5.111213999999953 0.0 2202.550158 localhost 0
FLASER 0  -15.41428699999991 5.211213999999953 0.0 -15.41428699999991 5.211213999999953 0.0 2202.770219 localhost 0
FLASER 0  -15.434286999999909 5.311213999999953 0.0 -15.434286999999909 5.311213999999953 0.0 2202.980744 localhost 0
FLASER 0  -15.474286999999908 5.431213999999952 0.0 -15.474286999999908 5.431213999999952 0.0 2203.190246 localhost 0
FLASER 0  -15.494286999999908 5.5312139999999514 0.0 -15.494286999999908 5.5312139999999514 0.0 2203.410566 localhost 0
FLASER 0  -15.514286999999907 5.591213999999951 0.0 -15.514286999999907 5.591213999999951 0.0 2203.620951 localhost 0
FLASER 0  -15.534286999999907 5.611213999999951 0.0 -15.534286999999907 5.611213999999951 0.0 2203.830313 localhost 0
FLASER 0  -15.554286999999906 5.591213999999951 0.0 -15.554286999999906 5.591213999999951 0.0 2204.040251 localhost 0
FLASER 0  -15.534286999999907 5.611213999999951 0.0 -15.534286999999907 5.611213999999951 0.0 2204.260581 localhost 0
FLASER 0  -15.534286999999907 5.611213999999951 0.0 -15.534286999999907 5.611213999999951 0.0 2204.470184 localhost 0
FLASER 0  -15.514286999999907 5.611213999999951 0.0 -15.514286999999907 5.611213999999951 0.0 2204.690266 localhost 0
FLASER 0  -15.514286999999907 5.611213999999951 0.0 -15.514286999999907 5.611213999999951 0.0 2204.900244 localhost 0
FLASER 0  -15.554286999999906 5.63121399999995 0.0 -15.554286999999906 5.63121399999995 0.0 2205.110258 localhost 0
FLASER 0  -15.554286999999906 5.63121399999995 0.0 -15.554286999999906 5.63121399999995 0.0 2205.330253 localhost 0
FLASER 0  -15.554286999999906 5.65121399999995 0.0 -15.554286999999906 5.65121399999995 0.0 2205.54025 localhost 0
FLASER 0  -15.574286999999906 5.63121399999995 0.0 -15.574286999999906 5.63121399999995 0.0 2205.76092 localhost 0
FLASER 0  -15.554286999999906 5.65121399999995 0.0 -15.554286999999906 5.65121399999995 0.0 2205.970218 localhost 0
FLASER 0  -15.574286999999906 5.65121399999995 0.0 -15.574286999999906 5.65121399999995 0.0 2206.18128 localhost 0
FLASER 0  -15.574286999999906 5.65121399999995 0.0 -15.574286999999906 5.65121399999995 0.0 2206.390053 localhost 0
FLASER 0  -15.574286999999906 5.65121399999995 0.0 -15.574286999999906 5.65121399999995 0.0 2206.610256 localhost 0
FLASER 0  -15.574286999999906 5.65121399999995 0.0 -15.574286999999906 5.65121399999995 0.0 2206.820758 localhost 0
FLASER 0  -15.574286999999906 5.65121399999995 0.0 -15.574286999999906 5.65121399999995 0.0 2207.030255 localhost 0
FLASER 0  -15.574286999999906 5.65121399999995 0.0 -15.574286999999906 5.65121399999995 0.0 2207.250364 localhost 0
FLASER 0  -15.594286999999905 5.65121399999995 0.0 -15.594286999999905 5.65121399999995 0.0 2207.460626 localhost 0
FLASER 0  -15.594286999999905 5.65121399999995 0.0 -15.594286999999905 5.65121399999995 0.0 2207.670238 localhost 0
FLASER 0  -15.574286999999906 5.65121399999995 0.0 -15.574286999999906 5.65121399999995 0.0 2207.890282 localhost 0
FLASER 0  -15.574286999999906 5.65121399999995 0.0 -15.574286999999906 5.65121399999995 0.0 2208.100919 localhost 0
FLASER 0  -15.594286999999905 5.65121399999995 0.0 -15.594286999999905 5.65121399999995 0.0 2208.310263 localhost 0
FLASER 0  -15.574286999999906 5.65121399999995 0.0 -15.574286999999906 5.65121399999995 0.0 2208.530123 localhost 0
FLASER 0  -15.594286999999905 5.65121399999995 0.0 -15.594286999999905 5.65121399999995 0.0 2208.740616 localhost 0
FLASER 0  -15.594286999999905 5.65121399999995 0.0 -15.594286999999905 5.65121399999995 0.0 2208.950286 localhost 0
FLASER 0  -15.594286999999905 5.63121399999995 0.0 -15.594286999999905 5.63121399999995 0.0 2209.170117 localhost 0
FLASER 0  -15.554286999999906 5.63121399999995 0.0 -15.554286999999906 5.63121399999995 0.0 2209.381737 localhost 0
FLASER 0  -15.574286999999906 5.63121399999995 0.0 -15.574286999999906 5.63121399999995 0.0 2209.600548 localhost 0
FLASER 0  -15.554286999999906 5.63121399999995 0.0 -15.554286999999906 5.63121399999995 0.0 2209.811266 localhost 0
FLASER 0  -15.534286999999907 5.63121399999995 0.0 -15.534286999999907 5.63121399999995 0.0 2210.020273 localhost 0
FLASER 0  -15.554286999999906 5.63121399999995 0.0 -15.554286999999906 5.63121399999995 0.0 2210.230715 localhost 0
FLASER 0  -15.554286999999906 5.63121399999995 0.0 -15.554286999999906 5.63121399999995 0.0 2210.450565 localhost 0
FLASER 0  -15.554286999999906 5.63121399999995 0.0 -15.554286999999906 5.63121399999995 0.0 2210.660274 localhost 0
FLASER 0  -15.534286999999907 5.63121399999995 0.0 -15.534286999999907 5.63121399999995 0.0 2210.880594 localhost 0
FLASER 0  -15.534286999999907 5.63121399999995 0.0 -15.534286999999907 5.63121399999995 0.0 2211.090579 localhost 0
FLASER 0  -15.534286999999907 5.63121399999995 0.0 -15.534286999999907 5.63121399999995 0.0 2211.300971 localhost 0
FLASER 0  -15.534286999999907 5.63121399999995 0.0 -15.534286999999907 5.63121399999995 0.0 2211.520548 localhost 0
FLASER 0  -15.574286999999906 5.67121399999995 0.0 -15.574286999999906 5.67121399999995 0.0 2211.730264 localhost 0
FLASER 0  -15.594286999999905 5.73121399999995 0.0 -15.594286999999905 5.73121399999995 0.0 2211.940507 localhost 0
FLASER 0  -15.594286999999905 5.7912139999999495 0.0 -15.594286999999905 5.7912139999999495 0.0 2212.150833 localhost 0
FLASER 0  -15.594286999999905 5.8712139999999495 0.0 -15.594286999999905 5.8712139999999495 0.0 2212.370757 localhost 0
FLASER 0  -15.574286999999906 5.971213999999949 0.0 -15.574286999999906 5.971213999999949 0.0 2212.590601 localhost 0
FLASER 0  -15.574286999999906 6.051213999999949 0.0 -15.574286999999906 6.051213999999949 0.0 2212.80024 localhost 0
FLASER 0  -15.534286999999907 6.131213999999949 0.0 -15.534286999999907 6.131213999999949 0.0 2213.010825 localhost 0
FLASER 0  -15.494286999999908 6.2512139999999485 0.0 -15.494286999999908 6.2512139999999485 0.0 2213.230542 localhost 0
FLASER 0  -15.434286999999907 6.331213999999949 0.0 -15.434286999999907 6.331213999999949 0.0 2213.431263 localhost 0
FLASER 0  -15.374286999999907 6.411213999999949 0.0 -15.374286999999907 6.411213999999949 0.0 2213.650311 localhost 0
FLASER 0  -15.334286999999907 6.471213999999948 0.0 -15.334286999999907 6.471213999999948 0.0 2213.860238 localhost 0
FLASER 0  -15.254286999999907 6.531213999999948 0.0 -15.254286999999907 6.531213999999948 0.0 2214.080528 localhost 0
FLASER 0  -15.234286999999908 6.531213999999948 0.0 -15.234286999999908 6.531213999999948 0.0 2214.290244 localhost 0
FLASER 0  -15.274286999999907 6.531213999999948 0.0 -15.274286999999907 6.531213999999948 0.0 2214.500566 localhost 0
FLASER 0  -15.234286999999908 6.531213999999948 0.0 -15.234286999999908 6.531213999999948 0.0 2214.720548 localhost 0
FLASER 0  -15.254286999999907 6.531213999999948 0.0 -15.254286999999907 6.531213999999948 0.0 2214.930208 localhost 0
FLASER 0  -15.254286999999907 6.531213999999948 0.0 -15.254286999999907 6.531213999999948 0.0 2215.140269 localhost 0
FLASER 0  -15.254286999999907 6.531213999999948 0.0 -15.254286999999907 6.531213999999948 0.0 2215.360172 localhost 0
FLASER 0  -15.254286999999907 6.531213999999948 0.0 -15.254286999999907 6.531213999999948 0.0 2215.570092 localhost 0
FLASER 0  -15.254286999999907 6.531213999999948 0.0 -15.254286999999907 6.531213999999948 0.0 2215.780251 localhost 0
FLASER 0  -15.234286999999908 6.531213999999948 0.0 -15.234286999999908 6.531213999999948 0.0 2216.000365 localhost 0
FLASER 0  -15.254286999999907 6.531213999999948 0.0 -15.254286999999907 6.531213999999948 0.0 2216.420275 localhost 0
FLASER 0  -15.254286999999907 6.531213999999948 0.0 -15.254286999999907 6.531213999999948 0.0 2216.64018 localhost 0
FLASER 0  -15.254286999999907 6.531213999999948 0.0 -15.254286999999907 6.531213999999948 0.0 2216.850264 localhost 0
FLASER 0  -15.234286999999908 6.531213999999948 0.0 -15.234286999999908 6.531213999999948 0.0 2217.060576 localhost 0
FLASER 0  -15.254286999999907 6.531213999999948 0.0 -15.254286999999907 6.531213999999948 0.0 2217.280586 localhost 0
FLASER 0  -15.254286999999907 6.531213999999948 0.0 -15.254286999999907 6.531213999999948 0.0 2217.49052 localhost 0
FLASER 0  -15.254286999999907 6.531213999999948 0.0 -15.254286999999907 6.531213999999948 0.0 2217.700547 localhost 0
FLASER 0  -15.254286999999907 6.531213999999948 0.0 -15.254286999999907 6.531213999999948 0.0 2217.920544 localhost 0
FLASER 0  -15.254286999999907 6.531213999999948 0.0 -15.254286999999907 6.531213999999948 0.0 2218.130334 localhost 0
FLASER 0  -15.254286999999907 6.531213999999948 0.0 -15.254286999999907 6.531213999999948 0.0 2218.340734 localhost 0
FLASER 0  -15.234286999999908 6.531213999999948 0.0 -15.234286999999908 6.531213999999948 0.0 2218.560263 localhost 0
FLASER 0  -15.254286999999907 6.531213999999948 0.0 -15.254286999999907 6.531213999999948 0.0 2218.770266 localhost 0
FLASER 0  -15.254286999999907 6.531213999999948 0.0 -15.254286999999907 6.531213999999948 0.0 2218.990625 localhost 0
FLASER 0  -15.254286999999907 6.531213999999948 0.0 -15.254286999999907 6.531213999999948 0.0 2219.200299 localhost 0
FLASER 0  -15.254286999999907 6.531213999999948 0.0 -15.254286999999907 6.531213999999948 0.0 2219.410594 localhost 0
FLASER 0  -15.254286999999907 6.5512139999999475 0.0 -15.254286999999907 6.5512139999999475 0.0 2219.620718 localhost 0
FLASER 0  -15.254286999999907 6.531213999999948 0.0 -15.254286999999907 6.531213999999948 0.0 2219.840635 localhost 0
FLASER 0  -15.254286999999907 6.531213999999948 0.0 -15.254286999999907 6.531213999999948 0.0 2220.050271 localhost 0
FLASER 0  -15.254286999999907 6.531213999999948 0.0 -15.254286999999907 6.531213999999948 0.0 2220.270627 localhost 0
FLASER 0  -15.254286999999907 6.531213999999948 0.0 -15.254286999999907 6.531213999999948 0.0 2220.480294 localhost 0
FLASER 0  -15.254286999999907 6.531213999999948 0.0 -15.254286999999907 6.531213999999948 0.0 2220.690665 localhost 0
FLASER 0  -15.254286999999907 6.531213999999948 0.0 -15.254286999999907 6.531213999999948 0.0 2220.90051 localhost 0
FLASER 0  -15.274286999999907 6.531213999999948 0.0 -15.274286999999907 6.531213999999948 0.0 2221.120762 localhost 0
FLASER 0  -15.254286999999907 6.531213999999948 0.0 -15.254286999999907 6.531213999999948 0.0 2221.330151 localhost 0
FLASER 0  -15.254286999999907 6.531213999999948 0.0 -15.254286999999907 6.531213999999948 0.0 2221.540267 localhost 0
FLASER 0  -15.254286999999907 6.531213999999948 0.0 -15.254286999999907 6.531213999999948 0.0 2221.760559 localhost 0
FLASER 0  -15.254286999999907 6.531213999999948 0.0 -15.254286999999907 6.531213999999948 0.0 2221.970231 localhost 0
FLASER 0  -15.254286999999907 6.5512139999999475 0.0 -15.254286999999907 6.5512139999999475 0.0 2222.180629 localhost 0
FLASER 0  -15.174286999999907 6.571213999999947 0.0 -15.174286999999907 6.571213999999947 0.0 2222.400731 localhost 0
FLASER 0  -15.114286999999907 6.631213999999947 0.0 -15.114286999999907 6.631213999999947 0.0 2222.610953 localhost 0
FLASER 0  -15.014286999999907 6.671213999999947 0.0 -15.014286999999907 6.671213999999947 0.0 2222.820555 localhost 0
FLASER 0  -14.994286999999908 6.671213999999947 0.0 -14.994286999999908 6.671213999999947 0.0 2223.040204 localhost 0
FLASER 0  -15.014286999999907 6.671213999999947 0.0 -15.014286999999907 6.671213999999947 0.0 2223.250933 localhost 0
FLASER 0  -14.994286999999908 6.671213999999947 0.0 -14.994286999999908 6.671213999999947 0.0 2223.47053 localhost 0
FLASER 0  -14.934286999999907 6.691213999999946 0.0 -14.934286999999907 6.691213999999946 0.0 2223.680394 localhost 0
FLASER 0  -14.854286999999907 6.711213999999946 0.0 -14.854286999999907 6.711213999999946 0.0 2223.900408 localhost 0
FLASER 0  -14.734286999999908 6.731213999999945 0.0 -14.734286999999908 6.731213999999945 0.0 2224.100955 localhost 0
FLASER 0  -14.614286999999909 6.731213999999945 0.0 -14.614286999999909 6.731213999999945 0.0 2224.320252 localhost 0
FLASER 0  -14.514286999999909 6.711213999999946 0.0 -14.514286999999909 6.711213999999946 0.0 2224.530363 localhost 0
FLASER 0  -14.39428699999991 6.691213999999946 0.0 -14.39428699999991 6.691213999999946 0.0 2224.750174 localhost 0
FLASER 0  -14.29428699999991 6.651213999999946 0.0 -14.29428699999991 6.651213999999946 0.0 2224.960568 localhost 0
FLASER 0  -14.19428699999991 6.611213999999946 0.0 -14.19428699999991 6.611213999999946 0.0 2225.170204 localhost 0
FLASER 0  -14.074286999999911 6.591213999999947 0.0 -14.074286999999911 6.591213999999947 0.0 2225.390599 localhost 0
FLASER 0  -13.954286999999912 6.551213999999947 0.0 -13.954286999999912 6.551213999999947 0.0 2225.600838 localhost 0
FLASER 0  -13.874286999999912 6.551213999999947 0.0 -13.874286999999912 6.551213999999947 0.0 2225.810267 localhost 0
FLASER 0  -13.754286999999913 6.531213999999947 0.0 -13.754286999999913 6.531213999999947 0.0 2226.030169 localhost 0
FLASER 0  -13.654286999999913 6.571213999999947 0.0 -13.654286999999913 6.571213999999947 0.0 2226.24056 localhost 0
FLASER 0  -13.534286999999914 6.611213999999947 0.0 -13.534286999999914 6.611213999999947 0.0 2226.4502 localhost 0
FLASER 0  -13.454286999999914 6.611213999999947 0.0 -13.454286999999914 6.611213999999947 0.0 2226.670177 localhost 0
FLASER 0  -13.334286999999915 6.631213999999947 0.0 -13.334286999999915 6.631213999999947 0.0 2226.880557 localhost 0
FLASER 0  -13.214286999999915 6.671213999999947 0.0 -13.214286999999915 6.671213999999947 0.0 2227.090296 localhost 0
FLASER 0  -13.114286999999916 6.671213999999947 0.0 -13.114286999999916 6.671213999999947 0.0 2227.310246 localhost 0
FLASER 0  -12.994286999999916 6.691213999999946 0.0 -12.994286999999916 6.691213999999946 0.0 2227.520554 localhost 0
FLASER 0  -12.894286999999917 6.691213999999946 0.0 -12.894286999999917 6.691213999999946 0.0 2227.740592 localhost 0
FLASER 0  -12.794286999999917 6.691213999999946 0.0 -12.794286999999917 6.691213999999946 0.0 2227.950023 localhost 0
FLASER 0  -12.674286999999918 6.691213999999946 0.0 -12.674286999999918 6.691213999999946 0.0 2228.160257 localhost 0
FLASER 0  -12.554286999999919 6.711213999999946 0.0 -12.554286999999919 6.711213999999946 0.0 2228.370854 localhost 0
FLASER 0  -12.454286999999919 6.711213999999946 0.0 -12.454286999999919 6.711213999999946 0.0 2228.590731 localhost 0
FLASER 0  -12.35428699999992 6.711213999999946 0.0 -12.35428699999992 6.711213999999946 0.0 2228.800243 localhost 0
FLASER 0  -12.25428699999992 6.751213999999946 0.0 -12.25428699999992 6.751213999999946 0.0 2229.020217 localhost 0
FLASER 0  -12.13428699999992 6.771213999999945 0.0 -12.13428699999992 6.771213999999945 0.0 2229.230527 localhost 0
FLASER 0  -12.034286999999921 6.791213999999945 0.0 -12.034286999999921 6.791213999999945 0.0 2229.440228 localhost 0
FLASER 0  -11.934286999999921 6.771213999999945 0.0 -11.934286999999921 6.771213999999945 0.0 2229.650724 localhost 0
FLASER 0  -11.814286999999922 6.771213999999945 0.0 -11.814286999999922 6.771213999999945 0.0 2229.871112 localhost 0
FLASER 0  -11.714286999999922 6.751213999999946 0.0 -11.714286999999922 6.751213999999946 0.0 2230.080295 localhost 0
FLASER 0  -11.614286999999923 6.691213999999946 0.0 -11.614286999999923 6.691213999999946 0.0 2230.300302 localhost 0
FLASER 0  -11.494286999999924 6.691213999999946 0.0 -11.494286999999924 6.691213999999946 0.0 2230.510615 localhost 0
FLASER 0  -11.414286999999923 6.611213999999946 0.0 -11.414286999999923 6.611213999999946 0.0 2230.720213 localhost 0
FLASER 0  -11.314286999999924 6.611213999999946 0.0 -11.314286999999924 6.611213999999946 0.0 2230.940053 localhost 0
FLASER 0  -11.214286999999924 6.591213999999947 0.0 -11.214286999999924 6.591213999999947 0.0 2231.150518 localhost 0
FLASER 0  -11.094286999999925 6.571213999999947 0.0 -11.094286999999925 6.571213999999947 0.0 2231.360249 localhost 0
FLASER 0  -10.994286999999925 6.531213999999947 0.0 -10.994286999999925 6.531213999999947 0.0 2231.5813 localhost 0
FLASER 0  -10.894286999999926 6.551213999999947 0.0 -10.894286999999926 6.551213999999947 0.0 2231.790279 localhost 0
FLASER 0  -10.774286999999926 6.531213999999947 0.0 -10.774286999999926 6.531213999999947 0.0 2232.000403 localhost 0
FLASER 0  -10.734286999999927 6.551213999999947 0.0 -10.734286999999927 6.551213999999947 0.0 2232.22053 localhost 0
FLASER 0  -10.754286999999927 6.551213999999947 0.0 -10.754286999999927 6.551213999999947 0.0 2232.430253 localhost 0
FLASER 0  -10.754286999999927 6.531213999999947 0.0 -10.754286999999927 6.531213999999947 0.0 2232.640904 localhost 0
FLASER 0  -10.774286999999926 6.551213999999947 0.0 -10.774286999999926 6.551213999999947 0.0 2232.860921 localhost 0
FLASER 0  -10.854286999999927 6.531213999999947 0.0 -10.854286999999927 6.531213999999947 0.0 2233.070481 localhost 0
FLASER 0  -10.894286999999926 6.531213999999947 0.0 -10.894286999999926 6.531213999999947 0.0 2233.280488 localhost 0
FLASER 0  -10.894286999999926 6.531213999999947 0.0 -10.894286999999926 6.531213999999947 0.0 2233.500619 localhost 0
FLASER 0  -10.894286999999926 6.531213999999947 0.0 -10.894286999999926 6.531213999999947 0.0 2233.710068 localhost 0
FLASER 0  -10.814286999999926 6.551213999999947 0.0 -10.814286999999926 6.551213999999947 0.0 2233.920875 localhost 0
FLASER 0  -10.734286999999926 6.571213999999946 0.0 -10.734286999999926 6.571213999999946 0.0 2234.130521 localhost 0
FLASER 0  -10.614286999999926 6.611213999999946 0.0 -10.614286999999926 6.611213999999946 0.0 2234.35023 localhost 0
FLASER 0  -10.554286999999926 6.671213999999946 0.0 -10.554286999999926 6.671213999999946 0.0 2234.560853 localhost 0
FLASER 0  -10.474286999999926 6.751213999999946 0.0 -10.474286999999926 6.751213999999946 0.0 2234.780526 localhost 0
FLASER 0  -10.414286999999925 6.831213999999946 0.0 -10.414286999999925 6.831213999999946 0.0 2234.990243 localhost 0
FLASER 0  -10.374286999999926 6.911213999999946 0.0 -10.374286999999926 6.911213999999946 0.0 2235.200961 localhost 0
FLASER 0  -10.354286999999927 6.951213999999946 0.0 -10.354286999999927 6.951213999999946 0.0 2235.410324 localhost 0
FLASER 0  -10.374286999999926 6.971213999999946 0.0 -10.374286999999926 6.971213999999946 0.0 2235.630236 localhost 0
FLASER 0  -10.354286999999927 6.951213999999946 0.0 -10.354286999999927 6.951213999999946 0.0 2235.841005 localhost 0
FLASER 0  -10.354286999999927 6.951213999999946 0.0 -10.354286999999927 6.951213999999946 0.0 2236.061551 localhost 0
FLASER 0  -10.354286999999927 6.951213999999946 0.0 -10.354286999999927 6.951213999999946 0.0 2236.270229 localhost 0
FLASER 0  -10.354286999999927 6.951213999999946 0.0 -10.354286999999927 6.951213999999946 0.0 2236.490241 localhost 0
FLASER 0  -10.354286999999927 6.951213999999946 0.0 -10.354286999999927 6.951213999999946 0.0 2236.700764 localhost 0
FLASER 0  -10.374286999999926 6.971213999999946 0.0 -10.374286999999926 6.971213999999946 0.0 2236.910371 localhost 0
FLASER 0  -10.354286999999927 6.971213999999946 0.0 -10.354286999999927 6.971213999999946 0.0 2237.130244 localhost 0
FLASER 0  -10.354286999999927 6.991213999999945 0.0 -10.354286999999927 6.991213999999945 0.0 2237.340455 localhost 0
FLASER 0  -10.374286999999926 7.011213999999945 0.0 -10.374286999999926 7.011213999999945 0.0 2237.550235 localhost 0
FLASER 0  -10.374286999999926 7.011213999999945 0.0 -10.374286999999926 7.011213999999945 0.0 2237.760966 localhost 0
FLASER 0  -10.394286999999926 7.051213999999945 0.0 -10.394286999999926 7.051213999999945 0.0 2237.980403 localhost 0
FLASER 0  -10.434286999999925 7.131213999999945 0.0 -10.434286999999925 7.131213999999945 0.0 2238.190283 localhost 0
FLASER 0  -10.494286999999925 7.2312139999999445 0.0 -10.494286999999925 7.2312139999999445 0.0 2238.410247 localhost 0
FLASER 0  -10.554286999999926 7.331213999999944 0.0 -10.554286999999926 7.331213999999944 0.0 2238.620815 localhost 0
FLASER 0  -10.574286999999925 7.411213999999944 0.0 -10.574286999999925 7.411213999999944 0.0 2238.830249 localhost 0
FLASER 0  -10.634286999999926 7.511213999999944 0.0 -10.634286999999926 7.511213999999944 0.0 2239.041012 localhost 0
FLASER 0  -10.674286999999925 7.6112139999999435 0.0 -10.674286999999925 7.6112139999999435 0.0 2239.260822 localhost 0
FLASER 0  -10.734286999999926 7.711213999999943 0.0 -10.734286999999926 7.711213999999943 0.0 2239.470248 localhost 0
FLASER 0  -10.774286999999925 7.811213999999943 0.0 -10.774286999999925 7.811213999999943 0.0 2239.690296 localhost 0
FLASER 0  -10.814286999999924 7.891213999999943 0.0 -10.814286999999924 7.891213999999943 0.0 2239.900502 localhost 0
FLASER 0  -10.874286999999924 8.011213999999942 0.0 -10.874286999999924 8.011213999999942 0.0 2240.110254 localhost 0
FLASER 0  -10.894286999999924 8.091213999999942 0.0 -10.894286999999924 8.091213999999942 0.0 2240.320653 localhost 0
FLASER 0  -10.934286999999923 8.191213999999942 0.0 -10.934286999999923 8.191213999999942 0.0 2240.540452 localhost 0
FLASER 0  -10.974286999999922 8.291213999999941 0.0 -10.974286999999922 8.291213999999941 0.0 2240.750216 localhost 0
FLASER 0  -11.014286999999921 8.41121399999994 0.0 -11.014286999999921 8.41121399999994 0.0 2240.960602 localhost 0
FLASER 0  -11.014286999999921 8.51121399999994 0.0 -11.014286999999921 8.51121399999994 0.0 2241.18069 localhost 0
FLASER 0  -11.034286999999921 8.63121399999994 0.0 -11.034286999999921 8.63121399999994 0.0 2241.390293 localhost 0
FLASER 0  -10.97428699999992 8.73121399999994 0.0 -10.97428699999992 8.73121399999994 0.0 2241.600248 localhost 0
FLASER 0  -10.91428699999992 8.81121399999994 0.0 -10.91428699999992 8.81121399999994 0.0 2241.820787 localhost 0
FLASER 0  -10.87428699999992 8.911213999999939 0.0 -10.87428699999992 8.911213999999939 0.0 2242.030211 localhost 0
FLASER 0  -10.81428699999992 9.011213999999939 0.0 -10.81428699999992 9.011213999999939 0.0 2242.24078 localhost 0
FLASER 0  -10.73428699999992 9.071213999999939 0.0 -10.73428699999992 9.071213999999939 0.0 2242.46061 localhost 0
FLASER 0  -10.65428699999992 9.13121399999994 0.0 -10.65428699999992 9.13121399999994 0.0 2242.670257 localhost 0
FLASER 0  -10.57428699999992 9.19121399999994 0.0 -10.57428699999992 9.19121399999994 0.0 2242.89049 localhost 0
FLASER 0  -10.47428699999992 9.23121399999994 0.0 -10.47428699999992 9.23121399999994 0.0 2243.10005 localhost 0
FLASER 0  -10.334286999999922 9.271213999999938 0.0 -10.334286999999922 9.271213999999938 0.0 2243.310589 localhost 0
FLASER 0  -10.234286999999922 9.271213999999938 0.0 -10.234286999999922 9.271213999999938 0.0 2243.530592 localhost 0
FLASER 0  -10.114286999999923 9.251213999999939 0.0 -10.114286999999923 9.251213999999939 0.0 2243.740212 localhost 0
FLASER 0  -10.014286999999923 9.251213999999939 0.0 -10.014286999999923 9.251213999999939 0.0 2243.950491 localhost 0
FLASER 0  -9.914286999999923 9.23121399999994 0.0 -9.914286999999923 9.23121399999994 0.0 2244.170663 localhost 0
FLASER 0  -9.814286999999924 9.251213999999939 0.0 -9.814286999999924 9.251213999999939 0.0 2244.38025 localhost 0
FLASER 0  -9.674286999999925 9.271213999999938 0.0 -9.674286999999925 9.271213999999938 0.0 2244.590341 localhost 0
FLASER 0  -9.594286999999925 9.271213999999938 0.0 -9.594286999999925 9.271213999999938 0.0 2244.810366 localhost 0
FLASER 0  -9.494286999999925 9.271213999999938 0.0 -9.494286999999925 9.271213999999938 0.0 2245.020222 localhost 0
FLASER 0  -9.354286999999927 9.291213999999938 0.0 -9.354286999999927 9.291213999999938 0.0 2245.240224 localhost 0
FLASER 0  -9.254286999999927 9.271213999999938 0.0 -9.254286999999927 9.271213999999938 0.0 2245.450933 localhost 0
FLASER 0  -9.134286999999928 9.271213999999938 0.0 -9.134286999999928 9.271213999999938 0.0 2245.660225 localhost 0
FLASER 0  -9.054286999999928 9.251213999999939 0.0 -9.054286999999928 9.251213999999939 0.0 2245.870336 localhost 0
FLASER 0  -8.954286999999928 9.251213999999939 0.0 -8.954286999999928 9.251213999999939 0.0 2246.090306 localhost 0
FLASER 0  -8.834286999999929 9.251213999999939 0.0 -8.834286999999929 9.251213999999939 0.0 2246.300199 localhost 0
FLASER 0  -8.734286999999929 9.271213999999938 0.0 -8.734286999999929 9.271213999999938 0.0 2246.510991 localhost 0
FLASER 0  -8.61428699999993 9.271213999999938 0.0 -8.61428699999993 9.271213999999938 0.0 2246.730576 localhost 0
FLASER 0  -8.49428699999993 9.251213999999939 0.0 -8.49428699999993 9.251213999999939 0.0 2246.940164 localhost 0
FLASER 0  -8.41428699999993 9.251213999999939 0.0 -8.41428699999993 9.251213999999939 0.0 2247.150788 localhost 0
FLASER 0  -8.294286999999931 9.251213999999939 0.0 -8.294286999999931 9.251213999999939 0.0 2247.370609 localhost 0
FLASER 0  -8.174286999999932 9.251213999999939 0.0 -8.174286999999932 9.251213999999939 0.0 2247.580227 localhost 0
FLASER 0  -8.074286999999932 9.251213999999939 0.0 -8.074286999999932 9.251213999999939 0.0 2247.790262 localhost 0
FLASER 0  -7.954286999999933 9.21121399999994 0.0 -7.954286999999933 9.21121399999994 0.0 2248.0109 localhost 0
FLASER 0  -7.874286999999933 9.23121399999994 0.0 -7.874286999999933 9.23121399999994 0.0 2248.220223 localhost 0
FLASER 0  -7.7342869999999335 9.21121399999994 0.0 -7.7342869999999335 9.21121399999994 0.0 2248.430596 localhost 0
FLASER 0  -7.6542869999999334 9.19121399999994 0.0 -7.6542869999999334 9.19121399999994 0.0 2248.650576 localhost 0
FLASER 0  -7.534286999999934 9.17121399999994 0.0 -7.534286999999934 9.17121399999994 0.0 2248.86018 localhost 0
FLASER 0  -7.414286999999935 9.151213999999941 0.0 -7.414286999999935 9.151213999999941 0.0 2249.080197 localhost 0
FLASER 0  -7.314286999999935 9.131213999999941 0.0 -7.314286999999935 9.131213999999941 0.0 2249.290871 localhost 0
FLASER 0  -7.214286999999936 9.091213999999942 0.0 -7.214286999999936 9.091213999999942 0.0 2249.500246 localhost 0
FLASER 0  -7.114286999999936 9.071213999999943 0.0 -7.114286999999936 9.071213999999943 0.0 2249.720345 localhost 0
FLASER 0  -7.014286999999936 9.031213999999943 0.0 -7.014286999999936 9.031213999999943 0.0 2249.930901 localhost 0
FLASER 0  -6.894286999999937 9.011213999999944 0.0 -6.894286999999937 9.011213999999944 0.0 2250.14025 localhost 0
FLASER 0  -6.774286999999938 8.971213999999945 0.0 -6.774286999999938 8.971213999999945 0.0 2250.35094 localhost 0
FLASER 0  -6.674286999999938 8.951213999999945 0.0 -6.674286999999938 8.951213999999945 0.0 2250.570857 localhost 0
FLASER 0  -6.574286999999939 8.951213999999945 0.0 -6.574286999999939 8.951213999999945 0.0 2250.780908 localhost 0
FLASER 0  -6.4542869999999395 8.911213999999946 0.0 -6.4542869999999395 8.911213999999946 0.0 2251.000878 localhost 0
FLASER 0  -6.35428699999994 8.891213999999946 0.0 -6.35428699999994 8.891213999999946 0.0 2251.210306 localhost 0
FLASER 0  -6.25428699999994 8.911213999999946 0.0 -6.25428699999994 8.911213999999946 0.0 2251.420582 localhost 0
FLASER 0  -6.1542869999999406 8.891213999999946 0.0 -6.1542869999999406 8.891213999999946 0.0 2251.640638 localhost 0
FLASER 0  -6.034286999999941 8.871213999999947 0.0 -6.034286999999941 8.871213999999947 0.0 2251.850273 localhost 0
FLASER 0  -5.934286999999942 8.871213999999947 0.0 -5.934286999999942 8.871213999999947 0.0 2252.060573 localhost 0
FLASER 0  -5.8142869999999425 8.851213999999947 0.0 -5.8142869999999425 8.851213999999947 0.0 2252.280687 localhost 0
FLASER 0  -5.714286999999943 8.851213999999947 0.0 -5.714286999999943 8.851213999999947 0.0 2252.490291 localhost 0
FLASER 0  -5.614286999999943 8.831213999999948 0.0 -5.614286999999943 8.831213999999948 0.0 2252.70063 localhost 0
FLASER 0  -5.494286999999944 8.831213999999948 0.0 -5.494286999999944 8.831213999999948 0.0 2252.921148 localhost 0
FLASER 0  -5.394286999999944 8.851213999999947 0.0 -5.394286999999944 8.851213999999947 0.0 2253.130356 localhost 0
FLASER 0  -5.274286999999945 8.831213999999948 0.0 -5.274286999999945 8.831213999999948 0.0 2253.34058 localhost 0
FLASER 0  -5.154286999999946 8.811213999999948 0.0 -5.154286999999946 8.811213999999948 0.0 2253.560641 localhost 0
FLASER 0  -5.034286999999947 8.811213999999948 0.0 -5.034286999999947 8.811213999999948 0.0 2253.77025 localhost 0
FLASER 0  -4.974286999999947 8.811213999999948 0.0 -4.974286999999947 8.811213999999948 0.0 2253.981264 localhost 0
FLASER 0  -4.834286999999947 8.811213999999948 0.0 -4.834286999999947 8.811213999999948 0.0 2254.201024 localhost 0
FLASER 0  -4.734286999999948 8.811213999999948 0.0 -4.734286999999948 8.811213999999948 0.0 2254.410264 localhost 0
FLASER 0  -4.6142869999999485 8.811213999999948 0.0 -4.6142869999999485 8.811213999999948 0.0 2254.620869 localhost 0
FLASER 0  -4.514286999999949 8.791213999999949 0.0 -4.514286999999949 8.791213999999949 0.0 2254.840633 localhost 0
FLASER 0  -4.414286999999949 8.811213999999948 0.0 -4.414286999999949 8.811213999999948 0.0 2255.05023 localhost 0
FLASER 0  -4.31428699999995 8.791213999999949 0.0 -4.31428699999995 8.791213999999949 0.0 2255.260561 localhost 0
FLASER 0  -4.19428699999995 8.791213999999949 0.0 -4.19428699999995 8.791213999999949 0.0 2255.470496 localhost 0
FLASER 0  -4.094286999999951 8.791213999999949 0.0 -4.094286999999951 8.791213999999949 0.0 2255.69109 localhost 0
FLASER 0  -3.9942869999999506 8.791213999999949 0.0 -3.9942869999999506 8.791213999999949 0.0 2255.900652 localhost 0
FLASER 0  -3.8942869999999505 8.791213999999949 0.0 -3.8942869999999505 8.791213999999949 0.0 2256.120231 localhost 0
FLASER 0  -3.7742869999999504 8.811213999999948 0.0 -3.7742869999999504 8.811213999999948 0.0 2256.330458 localhost 0
FLASER 0  -3.6742869999999503 8.831213999999948 0.0 -3.6742869999999503 8.831213999999948 0.0 2256.540187 localhost 0
FLASER 0  -3.5742869999999503 8.891213999999948 0.0 -3.5742869999999503 8.891213999999948 0.0 2256.760236 localhost 0
FLASER 0  -3.47428699999995 8.931213999999947 0.0 -3.47428699999995 8.931213999999947 0.0 2256.970499 localhost 0
FLASER 0  -3.39428699999995 8.971213999999947 0.0 -3.39428699999995 8.971213999999947 0.0 2257.190603 localhost 0
FLASER 0  -3.31428699999995 9.051213999999947 0.0 -3.31428699999995 9.051213999999947 0.0 2257.400707 localhost 0
FLASER 0  -3.23428699999995 9.131213999999947 0.0 -3.23428699999995 9.131213999999947 0.0 2257.61019 localhost 0
FLASER 0  -3.17428699999995 9.211213999999947 0.0 -3.17428699999995 9.211213999999947 0.0 2257.820204 localhost 0
FLASER 0  -3.11428699999995 9.311213999999946 0.0 -3.11428699999995 9.311213999999946 0.0 2258.040282 localhost 0
FLASER 0  -3.07428699999995 9.371213999999947 0.0 -3.07428699999995 9.371213999999947 0.0 2258.251051 localhost 0
FLASER 0  -3.09428699999995 9.351213999999947 0.0 -3.09428699999995 9.351213999999947 0.0 2258.460092 localhost 0
FLASER 0  -3.09428699999995 9.351213999999947 0.0 -3.09428699999995 9.351213999999947 0.0 2258.680256 localhost 0
FLASER 0  -3.09428699999995 9.371213999999947 0.0 -3.09428699999995 9.371213999999947 0.0 2258.891153 localhost 0
FLASER 0  -3.09428699999995 9.351213999999947 0.0 -3.09428699999995 9.351213999999947 0.0 2259.100249 localhost 0
FLASER 0  -3.09428699999995 9.371213999999947 0.0 -3.09428699999995 9.371213999999947 0.0 2259.320279 localhost 0
FLASER 0  -3.09428699999995 9.351213999999947 0.0 -3.09428699999995 9.351213999999947 0.0 2259.530244 localhost 0
FLASER 0  -3.07428699999995 9.351213999999947 0.0 -3.07428699999995 9.351213999999947 0.0 2259.750189 localhost 0
FLASER 0  -3.09428699999995 9.351213999999947 0.0 -3.09428699999995 9.351213999999947 0.0 2259.960223 localhost 0
FLASER 0  -3.09428699999995 9.351213999999947 0.0 -3.09428699999995 9.351213999999947 0.0 2260.170518 localhost 0
FLASER 0  -3.07428699999995 9.351213999999947 0.0 -3.07428699999995 9.351213999999947 0.0 2260.390873 localhost 0
FLASER 0  -3.07428699999995 9.351213999999947 0.0 -3.07428699999995 9.351213999999947 0.0 2260.600515 localhost 0
FLASER 0  -3.09428699999995 9.351213999999947 0.0 -3.09428699999995 9.351213999999947 0.0 2260.810535 localhost 0
FLASER 0  -3.09428699999995 9.351213999999947 0.0 -3.09428699999995 9.351213999999947 0.0 2261.030576 localhost 0
FLASER 0  -3.09428699999995 9.351213999999947 0.0 -3.09428699999995 9.351213999999947 0.0 2261.240253 localhost 0
FLASER 0  -3.09428699999995 9.351213999999947 0.0 -3.09428699999995 9.351213999999947 0.0 2261.450962 localhost 0
FLASER 0  -3.09428699999995 9.351213999999947 0.0 -3.09428699999995 9.351213999999947 0.0 2261.660271 localhost 0
FLASER 0  -3.09428699999995 9.371213999999947 0.0 -3.09428699999995 9.371213999999947 0.0 2261.880261 localhost 0
FLASER 0  -3.07428699999995 9.351213999999947 0.0 -3.07428699999995 9.351213999999947 0.0 2262.090401 localhost 0
FLASER 0  -3.09428699999995 9.351213999999947 0.0 -3.09428699999995 9.351213999999947 0.0 2262.300265 localhost 0
FLASER 0  -3.09428699999995 9.351213999999947 0.0 -3.09428699999995 9.351213999999947 0.0 2262.520271 localhost 0
FLASER 0  -3.09428699999995 9.351213999999947 0.0 -3.09428699999995 9.351213999999947 0.0 2262.730596 localhost 0
FLASER 0  -3.09428699999995 9.351213999999947 0.0 -3.09428699999995 9.351213999999947 0.0 2262.95037 localhost 0
FLASER 0  -3.09428699999995 9.371213999999947 0.0 -3.09428699999995 9.371213999999947 0.0 2263.160255 localhost 0
FLASER 0  -3.09428699999995 9.371213999999947 0.0 -3.09428699999995 9.371213999999947 0.0 2263.371151 localhost 0
FLASER 0  -3.09428699999995 9.351213999999947 0.0 -3.09428699999995 9.351213999999947 0.0 2263.590255 localhost 0
FLASER 0  -3.09428699999995 9.351213999999947 0.0 -3.09428699999995 9.351213999999947 0.0 2263.800269 localhost 0
FLASER 0  -3.09428699999995 9.351213999999947 0.0 -3.09428699999995 9.351213999999947 0.0 2264.010615 localhost 0
FLASER 0  -3.09428699999995 9.371213999999947 0.0 -3.09428699999995 9.371213999999947 0.0 2264.230314 localhost 0
FLASER 0  -3.09428699999995 9.351213999999947 0.0 -3.09428699999995 9.351213999999947 0.0 2264.440618 localhost 0
FLASER 0  -3.09428699999995 9.351213999999947 0.0 -3.09428699999995 9.351213999999947 0.0 2264.650251 localhost 0
FLASER 0  -3.09428699999995 9.351213999999947 0.0 -3.09428699999995 9.351213999999947 0.0 2264.870619 localhost 0
FLASER 0  -3.09428699999995 9.351213999999947 0.0 -3.09428699999995 9.351213999999947 0.0 2265.080315 localhost 0
FLASER 0  -3.09428699999995 9.351213999999947 0.0 -3.09428699999995 9.351213999999947 0.0 2265.290344 localhost 0
FLASER 0  -3.09428699999995 9.351213999999947 0.0 -3.09428699999995 9.351213999999947 0.0 2265.510356 localhost 0
FLASER 0  -3.09428699999995 9.351213999999947 0.0 -3.09428699999995 9.351213999999947 0.0 2265.720258 localhost 0
FLASER 0  -3.09428699999995 9.351213999999947 0.0 -3.09428699999995 9.351213999999947 0.0 2265.940202 localhost 0
FLASER 0  -3.09428699999995 9.351213999999947 0.0 -3.09428699999995 9.351213999999947 0.0 2266.150287 localhost 0
FLASER 0  -3.09428699999995 9.351213999999947 0.0 -3.09428699999995 9.351213999999947 0.0 2266.36025 localhost 0
FLASER 0  -3.09428699999995 9.351213999999947 0.0 -3.09428699999995 9.351213999999947 0.0 2266.571491 localhost 0
FLASER 0  -3.11428699999995 9.351213999999947 0.0 -3.11428699999995 9.351213999999947 0.0 2266.790224 localhost 0
FLASER 0  -3.09428699999995 9.351213999999947 0.0 -3.09428699999995 9.351213999999947 0.0 2267.000214 localhost 0
FLASER 0  -3.09428699999995 9.351213999999947 0.0 -3.09428699999995 9.351213999999947 0.0 2267.210664 localhost 0
FLASER 0  -3.09428699999995 9.351213999999947 0.0 -3.09428699999995 9.351213999999947 0.0 2267.431138 localhost 0
FLASER 0  -3.09428699999995 9.351213999999947 0.0 -3.09428699999995 9.351213999999947 0.0 2267.640364 localhost 0
FLASER 0  -3.09428699999995 9.351213999999947 0.0 -3.09428699999995 9.351213999999947 0.0 2267.860164 localhost 0
FLASER 0  -3.09428699999995 9.351213999999947 0.0 -3.09428699999995 9.351213999999947 0.0 2268.071346 localhost 0
FLASER 0  -3.09428699999995 9.351213999999947 0.0 -3.09428699999995 9.351213999999947 0.0 2268.280889 localhost 0
FLASER 0  -3.09428699999995 9.351213999999947 0.0 -3.09428699999995 9.351213999999947 0.0 2268.490807 localhost 0
FLASER 0  -3.09428699999995 9.351213999999947 0.0 -3.09428699999995 9.351213999999947 0.0 2268.7102 localhost 0
FLASER 0  -3.09428699999995 9.351213999999947 0.0 -3.09428699999995 9.351213999999947 0.0 2268.920227 localhost 0
FLASER 0  -3.09428699999995 9.351213999999947 0.0 -3.09428699999995 9.351213999999947 0.0 2269.130528 localhost 0
FLASER 0  -3.09428699999995 9.351213999999947 0.0 -3.09428699999995 9.351213999999947 0.0 2269.350898 localhost 0
FLASER 0  -3.09428699999995 9.351213999999947 0.0 -3.09428699999995 9.351213999999947 0.0 2269.560213 localhost 0
FLASER 0  -3.09428699999995 9.351213999999947 0.0 -3.09428699999995 9.351213999999947 0.0 2269.771503 localhost 0
FLASER 0  -3.09428699999995 9.351213999999947 0.0 -3.09428699999995 9.351213999999947 0.0 2269.990815 localhost 0
FLASER 0  -3.09428699999995 9.351213999999947 0.0 -3.09428699999995 9.351213999999947 0.0 2270.20023 localhost 0
FLASER 0  -3.09428699999995 9.351213999999947 0.0 -3.09428699999995 9.351213999999947 0.0 2270.41053 localhost 0
FLASER 0  -3.09428699999995 9.351213999999947 0.0 -3.09428699999995 9.351213999999947 0.0 2270.630949 localhost 0
FLASER 0  -3.09428699999995 9.351213999999947 0.0 -3.09428699999995 9.351213999999947 0.0 2270.840292 localhost 0
FLASER 0  -3.09428699999995 9.351213999999947 0.0 -3.09428699999995 9.351213999999947 0.0 2271.050591 localhost 0
FLASER 0  -3.09428699999995 9.351213999999947 0.0 -3.09428699999995 9.351213999999947 0.0 2271.270609 localhost 0
FLASER 0  -3.09428699999995 9.351213999999947 0.0 -3.09428699999995 9.351213999999947 0.0 2271.480259 localhost 0
FLASER 0  -3.09428699999995 9.351213999999947 0.0 -3.09428699999995 9.351213999999947 0.0 2271.690308 localhost 0
FLASER 0  -3.09428699999995 9.351213999999947 0.0 -3.09428699999995 9.351213999999947 0.0 2271.910709 localhost 0
FLASER 0  -3.09428699999995 9.351213999999947 0.0 -3.09428699999995 9.351213999999947 0.0 2272.121106 localhost 0
FLASER 0  -3.09428699999995 9.351213999999947 0.0 -3.09428699999995 9.351213999999947 0.0 2272.341298 localhost 0
FLASER 0  -3.09428699999995 9.351213999999947 0.0 -3.09428699999995 9.351213999999947 0.0 2272.550265 localhost 0
FLASER 0  -3.09428699999995 9.351213999999947 0.0 -3.09428699999995 9.351213999999947 0.0 2272.7603 localhost 0
FLASER 0  -3.09428699999995 9.351213999999947 0.0 -3.09428699999995 9.351213999999947 0.0 2272.970282 localhost 0
